Status,Ticket ID,Priority,Source,Topic,Agent Group,Agent Name,Created time,Expected SLA to resolve,Expected SLA to first response,First response time,SLA For first response,Resolution time,SLA For Resolution,Close time,Agent interactions,Survey results,Product group,Support Level,Country
Closed,1,High,Email,General Inquiry,Security,Khalid Al-Rashid,04-07-2024 12.42,04-07-2024 14.42,04-07-2024 13.12,04-07-2024 13.02,Met,04-07-2024 14.30,Met,04-07-2024 14.32,5,Neutral,Cloud,L3,Oman
Closed,2,High,Chat,Network Issue,Customer Service,Ahmed Al-Nasser,23-05-2024 20.03,23-05-2024 22.03,23-05-2024 20.33,23-05-2024 20.25,Met,23-05-2024 22.00,Met,23-05-2024 22.05,4,Dissatisfied,Cloud,L2,Qatar
In Progress,3,Low,Phone,General Inquiry,Development,Mohammed Al-Hamdan,13-04-2024 20.51,14-04-2024 0.51,13-04-2024 21.51,13-04-2024 21.41,Met,14-04-2024 0.57,Not Met,14-04-2024 0.51,3,Dissatisfied,Software,L1,Bahrain
Resolved,4,Critical,Chat,Access Request,Development,Mohammed Al-Hamdan,13-05-2024 12.50,13-05-2024 13.50,13-05-2024 13.00,13-05-2024 12.50,Met,13-05-2024 13.48,Met,13-05-2024 13.53,5,Dissatisfied,Network,L2,Kuwait
Closed,5,Critical,Portal,Hardware Failure,Customer Service,Hassan Al-Rashid,19-06-2024 22.51,19-06-2024 23.51,19-06-2024 23.01,19-06-2024 23.00,Met,19-06-2024 23.49,Met,19-06-2024 23.54,4,Neutral,Hardware,L3,Qatar
In Progress,6,Medium,Email,Network Issue,Customer Service,Ahmed Al-Salem,19-04-2024 3.41,19-04-2024 6.41,19-04-2024 4.26,19-04-2024 4.39,Not Met,19-04-2024 6.55,Not Met,19-04-2024 6.36,1,Dissatisfied,Software,L3,Qatar
New,7,Critical,Portal,Access Request,Security,Yousef Al-Khalifa,10-06-2024 7.16,10-06-2024 8.16,10-06-2024 7.26,10-06-2024 7.16,Met,10-06-2024 8.04,Met,10-06-2024 8.05,1,Satisfied,Software,L2,Bahrain
In Progress,8,High,Portal,General Inquiry,Network Ops,Abdullah Al-Rashid,09-04-2024 9.55,09-04-2024 11.55,09-04-2024 10.25,09-04-2024 10.17,Met,09-04-2024 11.42,Met,09-04-2024 11.42,1,Dissatisfied,Cloud,L1,UAE
Open,9,Medium,Chat,Access Request,Network Ops,Ali Al-Khalifa,10-05-2024 23.28,11-05-2024 2.28,11-05-2024 0.13,11-05-2024 0.09,Met,11-05-2024 2.11,Met,11-05-2024 2.16,2,Neutral,Hardware,L3,Saudi Arabia
Open,10,Critical,Portal,Network Issue,Customer Service,Saif Al-Rashid,10-06-2024 6.48,10-06-2024 7.48,10-06-2024 6.58,10-06-2024 6.55,Met,10-06-2024 7.29,Met,10-06-2024 7.33,3,Dissatisfied,Network,L2,Kuwait
Closed,11,Critical,Phone,General Inquiry,IT Support,Ali Al-Khalifa,16-05-2024 1.33,16-05-2024 2.33,16-05-2024 1.43,16-05-2024 1.58,Not Met,16-05-2024 2.26,Met,16-05-2024 2.29,3,Dissatisfied,Cloud,L2,Qatar
Closed,12,Medium,Phone,Access Request,IT Support,Fahad Al-Farsi,20-07-2024 2.48,20-07-2024 5.48,20-07-2024 3.33,20-07-2024 3.30,Met,20-07-2024 5.40,Met,20-07-2024 5.40,2,Neutral,Network,L2,Bahrain
Open,13,Critical,Chat,Hardware Failure,IT Support,Mohammed Al-Hamdan,10-08-2024 2.56,10-08-2024 3.56,10-08-2024 3.06,10-08-2024 3.06,Met,10-08-2024 3.44,Met,10-08-2024 3.48,5,Dissatisfied,Hardware,L2,Kuwait
New,14,High,Email,Network Issue,Development,Abdullah Al-Rashid,15-07-2024 1.46,15-07-2024 3.46,15-07-2024 2.16,15-07-2024 2.14,Met,15-07-2024 3.29,Met,15-07-2024 3.30,3,Dissatisfied,Software,L3,Qatar
In Progress,15,Low,Chat,General Inquiry,Development,Abdullah Al-Rashid,09-08-2024 9.41,09-08-2024 13.41,09-08-2024 10.41,09-08-2024 10.35,Met,09-08-2024 13.35,Met,09-08-2024 13.38,5,Satisfied,Hardware,L1,Saudi Arabia
New,16,High,Email,Software Bug,Security,Khalid Al-Rashid,30-05-2024 2.09,30-05-2024 4.09,30-05-2024 2.39,30-05-2024 2.53,Not Met,30-05-2024 3.49,Met,30-05-2024 3.52,1,Satisfied,Network,L3,Saudi Arabia
Closed,17,High,Portal,Software Bug,Network Ops,Fahad Al-Rashid,25-05-2024 2.26,25-05-2024 4.26,25-05-2024 2.56,25-05-2024 2.56,Met,25-05-2024 4.22,Met,25-05-2024 4.25,2,Dissatisfied,Software,L2,UAE
Resolved,18,Medium,Portal,Hardware Failure,Security,Abdullah Al-Farsi,24-06-2024 18.34,24-06-2024 21.34,24-06-2024 19.19,24-06-2024 19.11,Met,24-06-2024 21.27,Met,24-06-2024 21.29,4,Dissatisfied,Software,L1,Saudi Arabia
New,19,Medium,Phone,Network Issue,Network Ops,Saif Al-Khalifa,05-08-2024 8.52,05-08-2024 11.52,05-08-2024 9.37,05-08-2024 9.31,Met,05-08-2024 11.38,Met,05-08-2024 11.39,4,Satisfied,Network,L2,Qatar
In Progress,20,Medium,Chat,Access Request,Customer Service,Hassan Al-Hamdan,20-07-2024 13.26,20-07-2024 16.26,20-07-2024 14.11,20-07-2024 14.31,Not Met,20-07-2024 16.12,Met,20-07-2024 16.16,1,Satisfied,Network,L1,Qatar
Closed,21,High,Chat,Software Bug,Security,Mohammed Al-Hamdan,23-06-2024 12.13,23-06-2024 14.13,23-06-2024 12.43,23-06-2024 12.39,Met,23-06-2024 14.12,Met,23-06-2024 14.14,4,Dissatisfied,Software,L3,UAE
Closed,22,Medium,Portal,Software Bug,IT Support,Yousef Al-Khalifa,09-05-2024 23.25,10-05-2024 2.25,10-05-2024 0.10,10-05-2024 0.01,Met,10-05-2024 2.13,Met,10-05-2024 2.18,5,Dissatisfied,Hardware,L3,Oman
Closed,23,Critical,Phone,Access Request,Network Ops,Fahad Al-Rashid,05-05-2024 12.31,05-05-2024 13.31,05-05-2024 12.41,05-05-2024 12.41,Met,05-05-2024 13.23,Met,05-05-2024 13.25,2,Dissatisfied,Network,L2,UAE
Open,24,Critical,Email,Hardware Failure,IT Support,Ali Al-Khalifa,05-05-2024 3.28,05-05-2024 4.28,05-05-2024 3.38,05-05-2024 3.36,Met,05-05-2024 4.10,Met,05-05-2024 4.15,5,Satisfied,Network,L1,Oman
Open,25,High,Email,Hardware Failure,Security,Abdullah Al-Rashid,20-06-2024 20.04,20-06-2024 22.04,20-06-2024 20.34,20-06-2024 20.32,Met,20-06-2024 21.55,Met,20-06-2024 21.57,3,Neutral,Cloud,L1,Kuwait
Closed,26,Medium,Email,Hardware Failure,Network Ops,Omar Al-Salem,08-08-2024 11.13,08-08-2024 14.13,08-08-2024 11.58,08-08-2024 11.58,Met,08-08-2024 14.00,Met,08-08-2024 14.00,1,Satisfied,Software,L3,Bahrain
Open,27,Critical,Chat,Network Issue,Network Ops,Abdullah Al-Rashid,01-07-2024 10.55,01-07-2024 11.55,01-07-2024 11.05,01-07-2024 10.58,Met,01-07-2024 11.44,Met,01-07-2024 11.49,2,Dissatisfied,Cloud,L3,Kuwait
Resolved,28,Critical,Portal,Software Bug,Customer Service,Ahmed Al-Salem,23-04-2024 6.24,23-04-2024 7.24,23-04-2024 6.34,23-04-2024 6.39,Not Met,23-04-2024 7.12,Met,23-04-2024 7.16,4,Dissatisfied,Cloud,L2,Bahrain
In Progress,29,Medium,Portal,Hardware Failure,Customer Service,Abdullah Al-Rashid,15-04-2024 1.24,15-04-2024 4.24,15-04-2024 2.09,15-04-2024 2.00,Met,15-04-2024 4.06,Met,15-04-2024 4.08,5,Satisfied,Cloud,L2,UAE
Closed,30,High,Portal,Network Issue,Network Ops,Ali Al-Khalifa,22-04-2024 18.39,22-04-2024 20.39,22-04-2024 19.09,22-04-2024 19.02,Met,22-04-2024 20.39,Met,22-04-2024 20.40,2,Neutral,Hardware,L3,Qatar
In Progress,31,High,Phone,Access Request,Security,Mohammed Al-Rashid,19-07-2024 13.43,19-07-2024 15.43,19-07-2024 14.13,19-07-2024 14.08,Met,19-07-2024 15.32,Met,19-07-2024 15.36,5,Satisfied,Hardware,L1,Saudi Arabia
Closed,32,Low,Phone,Access Request,Network Ops,Khalid Al-Farsi,11-04-2024 0.27,11-04-2024 4.27,11-04-2024 1.27,11-04-2024 1.25,Met,11-04-2024 4.20,Met,11-04-2024 4.20,3,Satisfied,Cloud,L1,Saudi Arabia
Closed,33,High,Portal,Network Issue,IT Support,Abdullah Al-Rashid,19-05-2024 5.33,19-05-2024 7.33,19-05-2024 6.03,19-05-2024 5.53,Met,19-05-2024 7.31,Met,19-05-2024 7.32,5,Neutral,Software,L1,Saudi Arabia
Resolved,34,Low,Phone,Software Bug,Customer Service,Mohammed Al-Hamdan,28-07-2024 23.51,29-07-2024 3.51,29-07-2024 0.51,29-07-2024 0.46,Met,29-07-2024 3.41,Met,29-07-2024 3.41,3,Satisfied,Hardware,L2,Oman
Resolved,35,Low,Portal,Software Bug,Security,Ahmed Al-Salem,27-04-2024 12.17,27-04-2024 16.17,27-04-2024 13.17,27-04-2024 13.08,Met,27-04-2024 15.58,Met,27-04-2024 16.00,2,Satisfied,Hardware,L2,Oman
Open,36,High,Phone,General Inquiry,Development,Khalid Al-Rashid,01-07-2024 0.02,01-07-2024 2.02,01-07-2024 0.32,01-07-2024 0.46,Not Met,01-07-2024 1.55,Met,01-07-2024 1.55,1,Neutral,Software,L2,UAE
New,37,Critical,Email,Software Bug,IT Support,Omar Al-Mansoori,21-07-2024 13.25,21-07-2024 14.25,21-07-2024 13.35,21-07-2024 13.32,Met,21-07-2024 14.15,Met,21-07-2024 14.19,2,Neutral,Software,L1,Qatar
Resolved,38,Critical,Portal,General Inquiry,Security,Mohammed Al-Rashid,20-07-2024 12.10,20-07-2024 13.10,20-07-2024 12.20,20-07-2024 12.14,Met,20-07-2024 12.57,Met,20-07-2024 12.58,5,Satisfied,Software,L1,Oman
New,39,Low,Portal,Hardware Failure,Customer Service,Khalid Al-Rashid,04-08-2024 0.59,04-08-2024 4.59,04-08-2024 1.59,04-08-2024 1.50,Met,04-08-2024 4.53,Met,04-08-2024 4.55,3,Satisfied,Network,L1,Bahrain
New,40,Critical,Phone,General Inquiry,IT Support,Saif Al-Khalifa,10-08-2024 13.54,10-08-2024 14.54,10-08-2024 14.04,10-08-2024 13.57,Met,10-08-2024 14.52,Met,10-08-2024 14.57,4,Neutral,Software,L3,Oman
Resolved,41,Critical,Chat,Hardware Failure,Network Ops,Fahad Al-Farsi,18-05-2024 11.06,18-05-2024 12.06,18-05-2024 11.16,18-05-2024 11.06,Met,18-05-2024 11.48,Met,18-05-2024 11.52,2,Dissatisfied,Software,L2,Kuwait
Open,42,Critical,Chat,Software Bug,Development,Ahmed Al-Nasser,04-04-2024 22.50,04-04-2024 23.50,04-04-2024 23.00,04-04-2024 22.50,Met,04-04-2024 23.45,Met,04-04-2024 23.50,5,Dissatisfied,Software,L3,Kuwait
Closed,43,Critical,Portal,Hardware Failure,Security,Abdullah Al-Mansoori,23-06-2024 19.53,23-06-2024 20.53,23-06-2024 20.03,23-06-2024 19.57,Met,23-06-2024 20.53,Met,23-06-2024 20.56,5,Satisfied,Cloud,L2,Saudi Arabia
Open,44,Critical,Phone,General Inquiry,Customer Service,Fahad Al-Rashid,02-06-2024 17.12,02-06-2024 18.12,02-06-2024 17.22,02-06-2024 17.34,Not Met,02-06-2024 18.07,Met,02-06-2024 18.07,1,Neutral,Network,L3,UAE
In Progress,45,Low,Portal,Access Request,Customer Service,Yousef Al-Khalifa,23-05-2024 21.55,24-05-2024 1.55,23-05-2024 22.55,23-05-2024 22.54,Met,24-05-2024 1.43,Met,24-05-2024 1.44,3,Neutral,Cloud,L2,Oman
Resolved,46,Low,Portal,Software Bug,Network Ops,Yousef Al-Khalifa,20-07-2024 8.30,20-07-2024 12.30,20-07-2024 9.30,20-07-2024 9.26,Met,20-07-2024 12.10,Met,20-07-2024 12.13,3,Neutral,Cloud,L1,Kuwait
Open,47,Medium,Chat,Software Bug,Network Ops,Fahad Al-Rashid,06-06-2024 0.04,06-06-2024 3.04,06-06-2024 0.49,06-06-2024 0.41,Met,06-06-2024 2.59,Met,06-06-2024 2.59,4,Neutral,Cloud,L1,Kuwait
Open,48,Low,Phone,General Inquiry,Network Ops,Ahmed Al-Nasser,01-05-2024 7.59,01-05-2024 11.59,01-05-2024 8.59,01-05-2024 8.57,Met,01-05-2024 11.48,Met,01-05-2024 11.50,5,Satisfied,Software,L1,Oman
New,49,Medium,Portal,Hardware Failure,Network Ops,Hassan Al-Hamdan,03-04-2024 14.45,03-04-2024 17.45,03-04-2024 15.30,03-04-2024 15.25,Met,03-04-2024 17.32,Met,03-04-2024 17.34,3,Satisfied,Hardware,L1,Kuwait
New,50,Medium,Email,Hardware Failure,Security,Yousef Al-Khalifa,14-06-2024 2.42,14-06-2024 5.42,14-06-2024 3.27,14-06-2024 3.23,Met,14-06-2024 5.37,Met,14-06-2024 5.37,1,Neutral,Cloud,L2,Oman
Resolved,51,Critical,Chat,Hardware Failure,Security,Mohammed Al-Hamdan,18-06-2024 8.46,18-06-2024 9.46,18-06-2024 8.56,18-06-2024 8.52,Met,18-06-2024 9.46,Met,18-06-2024 9.48,4,Satisfied,Network,L3,Qatar
New,52,Critical,Phone,Hardware Failure,Development,Abdullah Al-Rashid,04-04-2024 3.02,04-04-2024 4.02,04-04-2024 3.12,04-04-2024 3.06,Met,04-04-2024 3.50,Met,04-04-2024 3.52,2,Satisfied,Software,L2,UAE
Resolved,53,High,Phone,Network Issue,IT Support,Abdullah Al-Rashid,06-08-2024 11.23,06-08-2024 13.23,06-08-2024 11.53,06-08-2024 11.43,Met,06-08-2024 13.12,Met,06-08-2024 13.12,5,Neutral,Hardware,L1,Saudi Arabia
In Progress,54,Critical,Portal,Access Request,Security,Ahmed Al-Salem,13-04-2024 15.01,13-04-2024 16.01,13-04-2024 15.11,13-04-2024 15.07,Met,13-04-2024 15.55,Met,13-04-2024 15.57,1,Satisfied,Cloud,L2,Kuwait
Open,55,Low,Chat,General Inquiry,Security,Ahmed Al-Salem,20-05-2024 12.32,20-05-2024 16.32,20-05-2024 13.32,20-05-2024 13.28,Met,20-05-2024 16.14,Met,20-05-2024 16.15,1,Satisfied,Cloud,L2,Bahrain
New,56,Medium,Email,Software Bug,Security,Ahmed Al-Salem,14-04-2024 14.39,14-04-2024 17.39,14-04-2024 15.24,14-04-2024 15.44,Not Met,14-04-2024 17.34,Met,14-04-2024 17.38,1,Satisfied,Network,L2,Kuwait
Open,57,Medium,Phone,Hardware Failure,Security,Saif Al-Khalifa,10-05-2024 1.19,10-05-2024 4.19,10-05-2024 2.04,10-05-2024 2.13,Not Met,10-05-2024 4.11,Met,10-05-2024 4.15,2,Dissatisfied,Cloud,L2,UAE
Open,58,Medium,Phone,Access Request,Network Ops,Fahad Al-Farsi,06-08-2024 15.51,06-08-2024 18.51,06-08-2024 16.36,06-08-2024 16.31,Met,06-08-2024 18.49,Met,06-08-2024 18.54,2,Dissatisfied,Network,L2,Qatar
Open,59,High,Phone,General Inquiry,Network Ops,Mohammed Al-Hamdan,17-05-2024 17.45,17-05-2024 19.45,17-05-2024 18.15,17-05-2024 18.10,Met,17-05-2024 19.35,Met,17-05-2024 19.38,5,Satisfied,Hardware,L1,Kuwait
New,60,Low,Email,General Inquiry,Network Ops,Abdullah Al-Farsi,24-05-2024 22.11,25-05-2024 2.11,24-05-2024 23.11,24-05-2024 23.05,Met,25-05-2024 2.07,Met,25-05-2024 2.07,5,Satisfied,Software,L3,Bahrain
Resolved,61,High,Chat,Hardware Failure,Security,Abdullah Al-Rashid,01-05-2024 7.40,01-05-2024 9.40,01-05-2024 8.10,01-05-2024 8.10,Met,01-05-2024 9.53,Not Met,01-05-2024 9.34,2,Dissatisfied,Hardware,L3,Qatar
Open,62,Critical,Email,Access Request,Security,Omar Al-Salem,28-05-2024 7.17,28-05-2024 8.17,28-05-2024 7.27,28-05-2024 7.20,Met,28-05-2024 8.07,Met,28-05-2024 8.09,1,Satisfied,Hardware,L2,Qatar
New,63,Low,Email,Network Issue,Customer Service,Mohammed Al-Hamdan,12-07-2024 0.51,12-07-2024 4.51,12-07-2024 1.51,12-07-2024 1.41,Met,12-07-2024 4.34,Met,12-07-2024 4.37,1,Dissatisfied,Network,L2,Saudi Arabia
Open,64,Critical,Phone,General Inquiry,Network Ops,Khalid Al-Farsi,18-04-2024 8.00,18-04-2024 9.00,18-04-2024 8.10,18-04-2024 8.23,Not Met,18-04-2024 8.49,Met,18-04-2024 8.53,5,Dissatisfied,Cloud,L1,Saudi Arabia
New,65,Critical,Portal,General Inquiry,Security,Abdullah Al-Rashid,25-05-2024 14.22,25-05-2024 15.22,25-05-2024 14.32,25-05-2024 14.28,Met,25-05-2024 15.19,Met,25-05-2024 15.23,4,Dissatisfied,Network,L1,Saudi Arabia
In Progress,66,High,Chat,Software Bug,Security,Mohammed Al-Hamdan,16-07-2024 17.06,16-07-2024 19.06,16-07-2024 17.36,16-07-2024 17.28,Met,16-07-2024 18.52,Met,16-07-2024 18.53,4,Satisfied,Software,L2,Oman
Resolved,67,Medium,Phone,Software Bug,Security,Abdullah Al-Mansoori,18-07-2024 18.43,18-07-2024 21.43,18-07-2024 19.28,18-07-2024 19.23,Met,18-07-2024 21.23,Met,18-07-2024 21.26,4,Satisfied,Software,L2,Oman
Closed,68,Medium,Phone,Network Issue,Security,Khalid Al-Farsi,21-05-2024 9.26,21-05-2024 12.26,21-05-2024 10.11,21-05-2024 10.11,Met,21-05-2024 12.08,Met,21-05-2024 12.13,2,Neutral,Software,L3,Qatar
New,69,Critical,Phone,Access Request,Security,Omar Al-Mansoori,27-04-2024 21.44,27-04-2024 22.44,27-04-2024 21.54,27-04-2024 21.53,Met,27-04-2024 22.30,Met,27-04-2024 22.31,3,Dissatisfied,Cloud,L3,UAE
Closed,70,Critical,Phone,Access Request,IT Support,Fahad Al-Rashid,20-05-2024 1.20,20-05-2024 2.20,20-05-2024 1.30,20-05-2024 1.22,Met,20-05-2024 2.07,Met,20-05-2024 2.10,3,Satisfied,Network,L2,Qatar
Closed,71,Low,Chat,Hardware Failure,IT Support,Saif Al-Khalifa,29-06-2024 13.50,29-06-2024 17.50,29-06-2024 14.50,29-06-2024 14.43,Met,29-06-2024 17.33,Met,29-06-2024 17.38,1,Neutral,Network,L2,Oman
Open,72,Critical,Phone,Software Bug,Customer Service,Abdullah Al-Rashid,01-05-2024 3.53,01-05-2024 4.53,01-05-2024 4.03,01-05-2024 3.57,Met,01-05-2024 4.39,Met,01-05-2024 4.44,5,Neutral,Software,L2,UAE
New,73,Low,Email,Hardware Failure,Network Ops,Abdullah Al-Rashid,18-05-2024 15.35,18-05-2024 19.35,18-05-2024 16.35,18-05-2024 16.33,Met,18-05-2024 19.31,Met,18-05-2024 19.31,3,Satisfied,Hardware,L1,Oman
New,74,Critical,Email,Software Bug,Development,Saif Al-Rashid,22-07-2024 7.55,22-07-2024 8.55,22-07-2024 8.05,22-07-2024 8.02,Met,22-07-2024 8.42,Met,22-07-2024 8.44,4,Satisfied,Network,L3,Oman
Open,75,Critical,Email,Access Request,Development,Hassan Al-Rashid,30-05-2024 8.57,30-05-2024 9.57,30-05-2024 9.07,30-05-2024 9.05,Met,30-05-2024 9.54,Met,30-05-2024 9.58,4,Neutral,Hardware,L2,Bahrain
New,76,Medium,Portal,Network Issue,Customer Service,Abdullah Al-Mansoori,09-07-2024 12.03,09-07-2024 15.03,09-07-2024 12.48,09-07-2024 12.55,Not Met,09-07-2024 14.54,Met,09-07-2024 14.55,1,Neutral,Cloud,L3,Qatar
Resolved,77,Low,Phone,Hardware Failure,Network Ops,Abdullah Al-Farsi,07-08-2024 9.25,07-08-2024 13.25,07-08-2024 10.25,07-08-2024 10.25,Met,07-08-2024 13.10,Met,07-08-2024 13.10,2,Neutral,Cloud,L3,Bahrain
Open,78,Low,Email,Software Bug,Network Ops,Ahmed Al-Nasser,23-05-2024 11.18,23-05-2024 15.18,23-05-2024 12.18,23-05-2024 12.13,Met,23-05-2024 15.18,Met,23-05-2024 15.18,1,Satisfied,Software,L2,Kuwait
New,79,Low,Portal,Network Issue,Network Ops,Yousef Al-Sabah,28-07-2024 17.01,28-07-2024 21.01,28-07-2024 18.01,28-07-2024 17.57,Met,28-07-2024 20.41,Met,28-07-2024 20.44,1,Satisfied,Hardware,L1,Bahrain
New,80,High,Phone,Software Bug,IT Support,Abdullah Al-Farsi,22-04-2024 15.15,22-04-2024 17.15,22-04-2024 15.45,22-04-2024 15.41,Met,22-04-2024 16.59,Met,22-04-2024 17.01,4,Satisfied,Cloud,L1,Saudi Arabia
In Progress,81,Low,Chat,Software Bug,Security,Khalid Al-Farsi,19-06-2024 17.47,19-06-2024 21.47,19-06-2024 18.47,19-06-2024 18.44,Met,19-06-2024 21.31,Met,19-06-2024 21.34,5,Neutral,Software,L1,Kuwait
Resolved,82,Medium,Phone,Network Issue,Security,Khalid Al-Rashid,18-04-2024 3.01,18-04-2024 6.01,18-04-2024 3.46,18-04-2024 3.42,Met,18-04-2024 5.59,Met,18-04-2024 6.03,4,Neutral,Network,L2,Saudi Arabia
New,83,Low,Chat,Access Request,IT Support,Ali Al-Khalifa,24-06-2024 11.45,24-06-2024 15.45,24-06-2024 12.45,24-06-2024 12.44,Met,24-06-2024 15.35,Met,24-06-2024 15.35,5,Neutral,Network,L3,Saudi Arabia
In Progress,84,High,Phone,Hardware Failure,Network Ops,Fahad Al-Farsi,09-08-2024 21.45,09-08-2024 23.45,09-08-2024 22.15,09-08-2024 22.26,Not Met,09-08-2024 23.42,Met,09-08-2024 23.45,4,Dissatisfied,Cloud,L1,Saudi Arabia
Open,85,High,Phone,Hardware Failure,Security,Fahad Al-Farsi,07-05-2024 9.54,07-05-2024 11.54,07-05-2024 10.24,07-05-2024 10.14,Met,07-05-2024 11.54,Met,07-05-2024 11.58,4,Dissatisfied,Cloud,L3,Saudi Arabia
Closed,86,Critical,Email,Access Request,Customer Service,Ali Al-Khalifa,11-04-2024 12.44,11-04-2024 13.44,11-04-2024 12.54,11-04-2024 12.48,Met,11-04-2024 13.38,Met,11-04-2024 13.41,4,Satisfied,Cloud,L2,Saudi Arabia
Resolved,87,Critical,Chat,Network Issue,Security,Abdullah Al-Rashid,30-05-2024 0.08,30-05-2024 1.08,30-05-2024 0.18,30-05-2024 0.17,Met,30-05-2024 0.52,Met,30-05-2024 0.56,3,Neutral,Cloud,L1,Bahrain
New,88,Low,Portal,Access Request,Network Ops,Hassan Al-Hamdan,24-06-2024 5.11,24-06-2024 9.11,24-06-2024 6.11,24-06-2024 6.08,Met,24-06-2024 9.11,Met,24-06-2024 9.16,4,Satisfied,Cloud,L2,Oman
New,89,High,Email,Hardware Failure,Development,Yousef Al-Khalifa,31-07-2024 13.03,31-07-2024 15.03,31-07-2024 13.33,31-07-2024 13.23,Met,31-07-2024 14.56,Met,31-07-2024 14.56,5,Dissatisfied,Cloud,L3,Kuwait
Open,90,Low,Chat,Access Request,Development,Yousef Al-Khalifa,24-06-2024 19.13,24-06-2024 23.13,24-06-2024 20.13,24-06-2024 20.13,Met,24-06-2024 23.53,Not Met,24-06-2024 22.56,1,Dissatisfied,Cloud,L3,UAE
Closed,91,Low,Chat,Hardware Failure,Security,Khalid Al-Farsi,21-06-2024 0.48,21-06-2024 4.48,21-06-2024 1.48,21-06-2024 1.45,Met,21-06-2024 4.41,Met,21-06-2024 4.46,4,Dissatisfied,Hardware,L2,Oman
Closed,92,Low,Phone,Network Issue,Network Ops,Hassan Al-Rashid,12-07-2024 9.07,12-07-2024 13.07,12-07-2024 10.07,12-07-2024 10.00,Met,12-07-2024 12.47,Met,12-07-2024 12.48,5,Satisfied,Hardware,L3,Saudi Arabia
Closed,93,Critical,Portal,Hardware Failure,IT Support,Yousef Al-Khalifa,20-05-2024 13.55,20-05-2024 14.55,20-05-2024 14.05,20-05-2024 13.55,Met,20-05-2024 14.35,Met,20-05-2024 14.35,3,Dissatisfied,Cloud,L1,UAE
Closed,94,High,Email,Hardware Failure,IT Support,Saif Al-Rashid,09-04-2024 1.42,09-04-2024 3.42,09-04-2024 2.12,09-04-2024 2.11,Met,09-04-2024 3.26,Met,09-04-2024 3.26,4,Satisfied,Software,L1,Saudi Arabia
In Progress,95,Low,Phone,Hardware Failure,Customer Service,Abdullah Al-Rashid,07-08-2024 7.06,07-08-2024 11.06,07-08-2024 8.06,07-08-2024 7.59,Met,07-08-2024 10.56,Met,07-08-2024 10.58,4,Dissatisfied,Hardware,L2,Bahrain
Resolved,96,High,Phone,Hardware Failure,Development,Saif Al-Khalifa,27-04-2024 6.52,27-04-2024 8.52,27-04-2024 7.22,27-04-2024 7.12,Met,27-04-2024 8.41,Met,27-04-2024 8.46,3,Dissatisfied,Hardware,L2,Saudi Arabia
In Progress,97,High,Chat,Hardware Failure,Network Ops,Mohammed Al-Hamdan,27-06-2024 4.19,27-06-2024 6.19,27-06-2024 4.49,27-06-2024 4.41,Met,27-06-2024 6.10,Met,27-06-2024 6.13,2,Satisfied,Network,L3,Bahrain
Resolved,98,Medium,Portal,Access Request,Security,Ali Al-Khalifa,11-08-2024 1.58,11-08-2024 4.58,11-08-2024 2.43,11-08-2024 2.54,Not Met,11-08-2024 4.58,Met,11-08-2024 4.58,3,Satisfied,Software,L3,UAE
Open,99,Low,Email,Software Bug,Security,Hassan Al-Hamdan,09-07-2024 13.43,09-07-2024 17.43,09-07-2024 14.43,09-07-2024 14.40,Met,09-07-2024 17.33,Met,09-07-2024 17.33,3,Dissatisfied,Software,L3,Qatar
In Progress,100,Critical,Email,General Inquiry,Network Ops,Ali Al-Khalifa,14-06-2024 9.42,14-06-2024 10.42,14-06-2024 9.52,14-06-2024 9.49,Met,14-06-2024 10.27,Met,14-06-2024 10.31,1,Neutral,Software,L1,Bahrain
Open,101,High,Phone,Access Request,Security,Khalid Al-Rashid,18-04-2024 6.13,18-04-2024 8.13,18-04-2024 6.43,18-04-2024 6.35,Met,18-04-2024 8.06,Met,18-04-2024 8.09,3,Neutral,Cloud,L2,Qatar
In Progress,102,Medium,Chat,Access Request,Development,Khalid Al-Rashid,09-05-2024 12.28,09-05-2024 15.28,09-05-2024 13.13,09-05-2024 13.07,Met,09-05-2024 15.27,Met,09-05-2024 15.27,2,Satisfied,Software,L3,Bahrain
In Progress,103,Critical,Chat,General Inquiry,Customer Service,Ahmed Al-Nasser,16-04-2024 8.14,16-04-2024 9.14,16-04-2024 8.24,16-04-2024 8.17,Met,16-04-2024 9.02,Met,16-04-2024 9.03,5,Neutral,Cloud,L1,UAE
Resolved,104,Low,Phone,Network Issue,Security,Khalid Al-Rashid,11-04-2024 2.20,11-04-2024 6.20,11-04-2024 3.20,11-04-2024 3.17,Met,11-04-2024 6.11,Met,11-04-2024 6.14,1,Satisfied,Network,L3,UAE
Resolved,105,Medium,Phone,Access Request,IT Support,Yousef Al-Khalifa,02-08-2024 9.58,02-08-2024 12.58,02-08-2024 10.43,02-08-2024 10.41,Met,02-08-2024 12.42,Met,02-08-2024 12.44,2,Neutral,Software,L3,Qatar
In Progress,106,Low,Phone,General Inquiry,IT Support,Abdullah Al-Rashid,08-06-2024 20.04,09-06-2024 0.04,08-06-2024 21.04,08-06-2024 21.00,Met,08-06-2024 23.53,Met,08-06-2024 23.54,1,Satisfied,Network,L1,Kuwait
In Progress,107,Low,Phone,Network Issue,IT Support,Mohammed Al-Rashid,22-04-2024 13.14,22-04-2024 17.14,22-04-2024 14.14,22-04-2024 14.12,Met,22-04-2024 17.07,Met,22-04-2024 17.09,4,Satisfied,Network,L2,Oman
Resolved,108,Critical,Portal,Software Bug,Customer Service,Saif Al-Rashid,06-05-2024 6.58,06-05-2024 7.58,06-05-2024 7.08,06-05-2024 7.03,Met,06-05-2024 7.43,Met,06-05-2024 7.43,5,Neutral,Software,L1,Oman
Resolved,109,Low,Email,Software Bug,Network Ops,Hassan Al-Hamdan,07-08-2024 12.37,07-08-2024 16.37,07-08-2024 13.37,07-08-2024 13.34,Met,07-08-2024 16.36,Met,07-08-2024 16.40,4,Neutral,Network,L3,Saudi Arabia
Resolved,110,Low,Phone,Software Bug,Security,Abdullah Al-Rashid,24-04-2024 7.02,24-04-2024 11.02,24-04-2024 8.02,24-04-2024 7.57,Met,24-04-2024 11.00,Met,24-04-2024 11.03,2,Neutral,Network,L2,Saudi Arabia
New,111,High,Phone,Network Issue,Development,Ali Al-Khalifa,04-05-2024 21.49,04-05-2024 23.49,04-05-2024 22.19,04-05-2024 22.11,Met,04-05-2024 23.33,Met,04-05-2024 23.37,3,Dissatisfied,Hardware,L1,UAE
In Progress,112,Critical,Phone,General Inquiry,Customer Service,Mohammed Al-Rashid,21-04-2024 14.24,21-04-2024 15.24,21-04-2024 14.34,21-04-2024 14.29,Met,21-04-2024 15.05,Met,21-04-2024 15.07,4,Dissatisfied,Network,L1,Qatar
New,113,Low,Phone,Access Request,IT Support,Abdullah Al-Rashid,10-08-2024 17.34,10-08-2024 21.34,10-08-2024 18.34,10-08-2024 18.29,Met,10-08-2024 21.15,Met,10-08-2024 21.20,4,Dissatisfied,Hardware,L3,UAE
Open,114,High,Chat,Hardware Failure,Security,Mohammed Al-Rashid,27-06-2024 6.32,27-06-2024 8.32,27-06-2024 7.02,27-06-2024 7.01,Met,27-06-2024 8.23,Met,27-06-2024 8.28,1,Neutral,Cloud,L1,Kuwait
New,115,Critical,Chat,Access Request,Development,Yousef Al-Khalifa,28-07-2024 16.44,28-07-2024 17.44,28-07-2024 16.54,28-07-2024 16.51,Met,28-07-2024 17.26,Met,28-07-2024 17.26,3,Dissatisfied,Network,L1,Qatar
Resolved,116,Low,Email,General Inquiry,IT Support,Yousef Al-Khalifa,03-07-2024 23.51,04-07-2024 3.51,04-07-2024 0.51,04-07-2024 0.43,Met,04-07-2024 3.45,Met,04-07-2024 3.47,1,Satisfied,Hardware,L1,Saudi Arabia
Resolved,117,Critical,Chat,Network Issue,Customer Service,Ahmed Al-Nasser,12-07-2024 18.50,12-07-2024 19.50,12-07-2024 19.00,12-07-2024 18.54,Met,12-07-2024 19.30,Met,12-07-2024 19.32,4,Satisfied,Network,L2,Oman
Closed,118,Medium,Phone,Network Issue,IT Support,Abdullah Al-Rashid,01-04-2024 22.02,02-04-2024 1.02,01-04-2024 22.47,01-04-2024 22.47,Met,02-04-2024 1.02,Met,02-04-2024 1.07,5,Dissatisfied,Hardware,L2,Oman
In Progress,119,Critical,Phone,Hardware Failure,Network Ops,Fahad Al-Farsi,28-07-2024 15.42,28-07-2024 16.42,28-07-2024 15.52,28-07-2024 15.45,Met,28-07-2024 16.32,Met,28-07-2024 16.35,2,Satisfied,Hardware,L1,UAE
Closed,120,Medium,Chat,Software Bug,Security,Hassan Al-Rashid,17-05-2024 15.46,17-05-2024 18.46,17-05-2024 16.31,17-05-2024 16.25,Met,17-05-2024 18.38,Met,17-05-2024 18.41,4,Neutral,Cloud,L1,Saudi Arabia
New,121,Low,Email,Hardware Failure,Development,Saif Al-Rashid,12-05-2024 23.11,13-05-2024 3.11,13-05-2024 0.11,13-05-2024 0.02,Met,13-05-2024 3.02,Met,13-05-2024 3.07,2,Dissatisfied,Hardware,L1,Oman
Open,122,Low,Email,Access Request,Customer Service,Khalid Al-Rashid,04-08-2024 14.51,04-08-2024 18.51,04-08-2024 15.51,04-08-2024 15.45,Met,04-08-2024 18.48,Met,04-08-2024 18.51,1,Dissatisfied,Cloud,L3,Kuwait
New,123,Medium,Chat,Network Issue,Customer Service,Fahad Al-Farsi,08-05-2024 2.23,08-05-2024 5.23,08-05-2024 3.08,08-05-2024 3.01,Met,08-05-2024 5.18,Met,08-05-2024 5.20,2,Satisfied,Cloud,L1,Oman
Open,124,Medium,Phone,Hardware Failure,IT Support,Khalid Al-Farsi,02-08-2024 5.11,02-08-2024 8.11,02-08-2024 5.56,02-08-2024 5.52,Met,02-08-2024 8.00,Met,02-08-2024 8.02,2,Satisfied,Software,L2,Kuwait
New,125,Medium,Portal,Network Issue,Security,Abdullah Al-Farsi,12-06-2024 18.42,12-06-2024 21.42,12-06-2024 19.27,12-06-2024 19.21,Met,12-06-2024 21.35,Met,12-06-2024 21.35,1,Satisfied,Hardware,L1,Bahrain
New,126,Low,Phone,General Inquiry,Network Ops,Omar Al-Mansoori,12-06-2024 18.12,12-06-2024 22.12,12-06-2024 19.12,12-06-2024 19.04,Met,12-06-2024 22.09,Met,12-06-2024 22.12,5,Dissatisfied,Hardware,L2,Saudi Arabia
In Progress,127,Medium,Chat,General Inquiry,Development,Fahad Al-Rashid,03-05-2024 1.37,03-05-2024 4.37,03-05-2024 2.22,03-05-2024 2.14,Met,03-05-2024 4.28,Met,03-05-2024 4.31,2,Neutral,Hardware,L1,Saudi Arabia
Closed,128,Critical,Phone,Software Bug,Customer Service,Abdullah Al-Farsi,09-06-2024 21.01,09-06-2024 22.01,09-06-2024 21.11,09-06-2024 21.06,Met,09-06-2024 21.47,Met,09-06-2024 21.47,1,Satisfied,Cloud,L1,Bahrain
Resolved,129,High,Email,Network Issue,IT Support,Abdullah Al-Mansoori,28-07-2024 23.20,29-07-2024 1.20,28-07-2024 23.50,28-07-2024 23.50,Met,29-07-2024 1.06,Met,29-07-2024 1.08,2,Neutral,Network,L1,Bahrain
Resolved,130,Critical,Phone,Software Bug,Network Ops,Yousef Al-Khalifa,01-06-2024 13.14,01-06-2024 14.14,01-06-2024 13.24,01-06-2024 13.14,Met,01-06-2024 14.03,Met,01-06-2024 14.05,2,Neutral,Software,L2,Bahrain
New,131,Critical,Chat,General Inquiry,Network Ops,Ali Al-Khalifa,01-06-2024 13.55,01-06-2024 14.55,01-06-2024 14.05,01-06-2024 14.05,Met,01-06-2024 14.38,Met,01-06-2024 14.40,3,Neutral,Software,L2,Kuwait
In Progress,132,Critical,Email,Hardware Failure,IT Support,Abdullah Al-Rashid,23-07-2024 1.57,23-07-2024 2.57,23-07-2024 2.07,23-07-2024 2.02,Met,23-07-2024 2.39,Met,23-07-2024 2.40,1,Dissatisfied,Hardware,L2,Oman
In Progress,133,Medium,Portal,Hardware Failure,Customer Service,Abdullah Al-Rashid,14-04-2024 20.03,14-04-2024 23.03,14-04-2024 20.48,14-04-2024 20.42,Met,14-04-2024 22.49,Met,14-04-2024 22.50,4,Satisfied,Software,L1,Kuwait
In Progress,134,Medium,Portal,General Inquiry,Network Ops,Abdullah Al-Rashid,07-04-2024 1.09,07-04-2024 4.09,07-04-2024 1.54,07-04-2024 1.51,Met,07-04-2024 3.55,Met,07-04-2024 3.58,5,Satisfied,Hardware,L2,Kuwait
New,135,Medium,Portal,Software Bug,Network Ops,Saif Al-Rashid,15-05-2024 12.31,15-05-2024 15.31,15-05-2024 13.16,15-05-2024 13.09,Met,15-05-2024 15.27,Met,15-05-2024 15.27,5,Satisfied,Hardware,L2,Bahrain
Resolved,136,High,Phone,Software Bug,IT Support,Mohammed Al-Rashid,25-05-2024 10.08,25-05-2024 12.08,25-05-2024 10.38,25-05-2024 10.36,Met,25-05-2024 11.59,Met,25-05-2024 11.59,5,Dissatisfied,Cloud,L3,UAE
New,137,Medium,Portal,Access Request,Development,Abdullah Al-Rashid,18-04-2024 1.42,18-04-2024 4.42,18-04-2024 2.27,18-04-2024 2.22,Met,18-04-2024 4.36,Met,18-04-2024 4.36,3,Dissatisfied,Software,L2,Qatar
Resolved,138,Critical,Portal,Hardware Failure,Security,Saif Al-Khalifa,25-07-2024 16.13,25-07-2024 17.13,25-07-2024 16.23,25-07-2024 16.15,Met,25-07-2024 17.13,Met,25-07-2024 17.17,5,Satisfied,Cloud,L1,Saudi Arabia
Open,139,High,Chat,Network Issue,Network Ops,Ahmed Al-Nasser,16-05-2024 18.42,16-05-2024 20.42,16-05-2024 19.12,16-05-2024 19.12,Met,16-05-2024 20.40,Met,16-05-2024 20.43,5,Satisfied,Software,L1,Oman
New,140,High,Email,Software Bug,Customer Service,Mohammed Al-Rashid,07-07-2024 17.37,07-07-2024 19.37,07-07-2024 18.07,07-07-2024 18.04,Met,07-07-2024 19.26,Met,07-07-2024 19.26,2,Neutral,Cloud,L2,Bahrain
New,141,High,Email,Access Request,Development,Hassan Al-Rashid,25-06-2024 4.47,25-06-2024 6.47,25-06-2024 5.17,25-06-2024 5.08,Met,25-06-2024 6.34,Met,25-06-2024 6.34,5,Satisfied,Hardware,L1,Qatar
In Progress,142,Low,Phone,Hardware Failure,IT Support,Omar Al-Mansoori,19-07-2024 0.53,19-07-2024 4.53,19-07-2024 1.53,19-07-2024 1.44,Met,19-07-2024 4.43,Met,19-07-2024 4.48,5,Satisfied,Network,L1,UAE
Closed,143,Low,Portal,Hardware Failure,Security,Khalid Al-Farsi,25-06-2024 18.33,25-06-2024 22.33,25-06-2024 19.33,25-06-2024 19.33,Met,25-06-2024 22.24,Met,25-06-2024 22.27,4,Neutral,Hardware,L3,Saudi Arabia
Open,144,Medium,Email,Network Issue,Development,Hassan Al-Rashid,19-04-2024 0.57,19-04-2024 3.57,19-04-2024 1.42,19-04-2024 1.37,Met,19-04-2024 3.46,Met,19-04-2024 3.46,3,Satisfied,Software,L2,Bahrain
In Progress,145,High,Phone,Network Issue,Network Ops,Saif Al-Rashid,25-05-2024 0.31,25-05-2024 2.31,25-05-2024 1.01,25-05-2024 0.52,Met,25-05-2024 2.30,Met,25-05-2024 2.35,5,Satisfied,Cloud,L3,Bahrain
Resolved,146,Medium,Phone,General Inquiry,Security,Saif Al-Khalifa,09-04-2024 9.30,09-04-2024 12.30,09-04-2024 10.15,09-04-2024 10.11,Met,09-04-2024 12.13,Met,09-04-2024 12.17,3,Neutral,Software,L2,UAE
In Progress,147,Low,Email,Hardware Failure,Network Ops,Yousef Al-Khalifa,02-04-2024 7.48,02-04-2024 11.48,02-04-2024 8.48,02-04-2024 8.46,Met,02-04-2024 11.34,Met,02-04-2024 11.37,3,Dissatisfied,Hardware,L1,UAE
New,148,Medium,Chat,General Inquiry,Customer Service,Omar Al-Salem,21-04-2024 11.07,21-04-2024 14.07,21-04-2024 11.52,21-04-2024 11.43,Met,21-04-2024 14.05,Met,21-04-2024 14.06,3,Dissatisfied,Cloud,L1,Bahrain
Closed,149,Low,Email,Access Request,Network Ops,Abdullah Al-Farsi,01-08-2024 14.21,01-08-2024 18.21,01-08-2024 15.21,01-08-2024 15.18,Met,01-08-2024 18.09,Met,01-08-2024 18.10,1,Satisfied,Network,L1,Kuwait
New,150,High,Email,Network Issue,Security,Khalid Al-Rashid,13-05-2024 11.54,13-05-2024 13.54,13-05-2024 12.24,13-05-2024 12.23,Met,13-05-2024 13.35,Met,13-05-2024 13.40,2,Satisfied,Network,L3,Qatar
New,151,Low,Portal,General Inquiry,IT Support,Mohammed Al-Rashid,05-08-2024 2.21,05-08-2024 6.21,05-08-2024 3.21,05-08-2024 3.34,Not Met,05-08-2024 6.17,Met,05-08-2024 6.18,2,Dissatisfied,Hardware,L2,Oman
Open,152,Medium,Portal,Network Issue,Network Ops,Khalid Al-Rashid,26-07-2024 5.07,26-07-2024 8.07,26-07-2024 5.52,26-07-2024 5.52,Met,26-07-2024 8.02,Met,26-07-2024 8.02,1,Neutral,Network,L3,Oman
New,153,Critical,Email,Access Request,Network Ops,Fahad Al-Farsi,31-05-2024 7.59,31-05-2024 8.59,31-05-2024 8.09,31-05-2024 8.02,Met,31-05-2024 8.59,Met,31-05-2024 9.00,3,Dissatisfied,Software,L2,Kuwait
New,154,Critical,Portal,Access Request,Network Ops,Hassan Al-Hamdan,28-05-2024 8.26,28-05-2024 9.26,28-05-2024 8.36,28-05-2024 8.31,Met,28-05-2024 9.12,Met,28-05-2024 9.15,4,Dissatisfied,Software,L3,Saudi Arabia
Resolved,155,Medium,Phone,Hardware Failure,IT Support,Omar Al-Salem,16-04-2024 22.41,17-04-2024 1.41,16-04-2024 23.26,16-04-2024 23.26,Met,17-04-2024 1.23,Met,17-04-2024 1.23,4,Neutral,Cloud,L2,Bahrain
In Progress,156,Medium,Portal,General Inquiry,Network Ops,Ahmed Al-Nasser,26-05-2024 22.26,27-05-2024 1.26,26-05-2024 23.11,26-05-2024 23.04,Met,27-05-2024 1.18,Met,27-05-2024 1.22,5,Satisfied,Software,L2,Saudi Arabia
New,157,Critical,Phone,General Inquiry,Customer Service,Ahmed Al-Salem,20-06-2024 19.24,20-06-2024 20.24,20-06-2024 19.34,20-06-2024 19.31,Met,20-06-2024 20.24,Met,20-06-2024 20.25,5,Neutral,Software,L1,Bahrain
Resolved,158,High,Phone,Access Request,Development,Khalid Al-Farsi,04-06-2024 18.32,04-06-2024 20.32,04-06-2024 19.02,04-06-2024 18.55,Met,04-06-2024 20.16,Met,04-06-2024 20.20,3,Satisfied,Cloud,L1,Oman
Resolved,159,High,Chat,Hardware Failure,Development,Saif Al-Khalifa,08-05-2024 6.50,08-05-2024 8.50,08-05-2024 7.20,08-05-2024 7.11,Met,08-05-2024 8.41,Met,08-05-2024 8.41,3,Neutral,Network,L2,Saudi Arabia
In Progress,160,Low,Portal,Hardware Failure,Security,Ahmed Al-Salem,07-05-2024 6.54,07-05-2024 10.54,07-05-2024 7.54,07-05-2024 7.47,Met,07-05-2024 10.51,Met,07-05-2024 10.56,4,Satisfied,Hardware,L3,Saudi Arabia
Open,161,Medium,Email,Network Issue,IT Support,Fahad Al-Rashid,14-06-2024 11.19,14-06-2024 14.19,14-06-2024 12.04,14-06-2024 12.02,Met,14-06-2024 14.03,Met,14-06-2024 14.03,3,Satisfied,Software,L1,UAE
In Progress,162,Critical,Phone,General Inquiry,IT Support,Hassan Al-Rashid,29-04-2024 8.59,29-04-2024 9.59,29-04-2024 9.09,29-04-2024 9.05,Met,29-04-2024 9.40,Met,29-04-2024 9.42,2,Neutral,Cloud,L2,Kuwait
Open,163,High,Chat,General Inquiry,Customer Service,Omar Al-Mansoori,06-06-2024 8.54,06-06-2024 10.54,06-06-2024 9.24,06-06-2024 9.21,Met,06-06-2024 10.42,Met,06-06-2024 10.42,1,Dissatisfied,Hardware,L2,Saudi Arabia
New,164,Critical,Chat,Software Bug,Development,Khalid Al-Rashid,01-05-2024 23.20,02-05-2024 0.20,01-05-2024 23.30,01-05-2024 23.24,Met,02-05-2024 0.05,Met,02-05-2024 0.09,1,Dissatisfied,Cloud,L2,Oman
Closed,165,Critical,Portal,Network Issue,Network Ops,Fahad Al-Farsi,04-08-2024 21.41,04-08-2024 22.41,04-08-2024 21.51,04-08-2024 21.44,Met,04-08-2024 22.31,Met,04-08-2024 22.32,5,Neutral,Hardware,L2,UAE
In Progress,166,Medium,Chat,General Inquiry,IT Support,Fahad Al-Rashid,11-05-2024 16.01,11-05-2024 19.01,11-05-2024 16.46,11-05-2024 16.36,Met,11-05-2024 18.43,Met,11-05-2024 18.46,5,Satisfied,Network,L1,Qatar
In Progress,167,Low,Chat,General Inquiry,Customer Service,Saif Al-Rashid,01-04-2024 11.34,01-04-2024 15.34,01-04-2024 12.34,01-04-2024 12.25,Met,01-04-2024 15.25,Met,01-04-2024 15.25,1,Dissatisfied,Cloud,L2,UAE
Resolved,168,Low,Portal,Hardware Failure,Network Ops,Fahad Al-Rashid,25-06-2024 21.21,26-06-2024 1.21,25-06-2024 22.21,25-06-2024 22.15,Met,26-06-2024 1.13,Met,26-06-2024 1.13,4,Neutral,Network,L2,Bahrain
Open,169,Critical,Portal,Access Request,Security,Abdullah Al-Farsi,22-07-2024 10.02,22-07-2024 11.02,22-07-2024 10.12,22-07-2024 10.10,Met,22-07-2024 10.50,Met,22-07-2024 10.55,1,Satisfied,Cloud,L2,Bahrain
Resolved,170,Critical,Portal,Access Request,Security,Ahmed Al-Salem,03-05-2024 12.11,03-05-2024 13.11,03-05-2024 12.21,03-05-2024 12.12,Met,03-05-2024 13.11,Met,03-05-2024 13.12,2,Satisfied,Software,L2,Oman
Open,171,Low,Email,Software Bug,Development,Hassan Al-Rashid,25-04-2024 17.09,25-04-2024 21.09,25-04-2024 18.09,25-04-2024 18.05,Met,25-04-2024 20.59,Met,25-04-2024 21.04,5,Satisfied,Software,L2,UAE
Open,172,Medium,Portal,Network Issue,Customer Service,Hassan Al-Rashid,15-06-2024 9.31,15-06-2024 12.31,15-06-2024 10.16,15-06-2024 10.08,Met,15-06-2024 12.21,Met,15-06-2024 12.21,5,Satisfied,Software,L2,Kuwait
Closed,173,High,Chat,Network Issue,IT Support,Abdullah Al-Farsi,20-07-2024 4.03,20-07-2024 6.03,20-07-2024 4.33,20-07-2024 4.29,Met,20-07-2024 5.56,Met,20-07-2024 5.57,2,Neutral,Cloud,L2,UAE
Resolved,174,Critical,Phone,Hardware Failure,Customer Service,Omar Al-Salem,21-05-2024 3.31,21-05-2024 4.31,21-05-2024 3.41,21-05-2024 3.36,Met,21-05-2024 4.26,Met,21-05-2024 4.27,1,Satisfied,Software,L2,Saudi Arabia
Open,175,Medium,Portal,Network Issue,Network Ops,Khalid Al-Farsi,14-06-2024 11.04,14-06-2024 14.04,14-06-2024 11.49,14-06-2024 11.48,Met,14-06-2024 13.49,Met,14-06-2024 13.49,3,Dissatisfied,Software,L1,UAE
Closed,176,High,Phone,General Inquiry,IT Support,Ahmed Al-Salem,06-05-2024 6.31,06-05-2024 8.31,06-05-2024 7.01,06-05-2024 7.14,Not Met,06-05-2024 8.29,Met,06-05-2024 8.31,1,Neutral,Network,L3,Saudi Arabia
In Progress,177,High,Chat,General Inquiry,Security,Omar Al-Salem,20-04-2024 11.47,20-04-2024 13.47,20-04-2024 12.17,20-04-2024 12.16,Met,20-04-2024 13.46,Met,20-04-2024 13.51,2,Satisfied,Hardware,L1,Qatar
Open,178,High,Email,Hardware Failure,IT Support,Ahmed Al-Nasser,15-05-2024 5.06,15-05-2024 7.06,15-05-2024 5.36,15-05-2024 5.36,Met,15-05-2024 7.03,Met,15-05-2024 7.03,2,Neutral,Hardware,L2,Kuwait
New,179,Low,Chat,Software Bug,Network Ops,Ahmed Al-Salem,29-06-2024 7.43,29-06-2024 11.43,29-06-2024 8.43,29-06-2024 8.39,Met,29-06-2024 11.34,Met,29-06-2024 11.38,3,Dissatisfied,Software,L3,Oman
New,180,Medium,Phone,Network Issue,Network Ops,Abdullah Al-Rashid,07-04-2024 13.33,07-04-2024 16.33,07-04-2024 14.18,07-04-2024 14.11,Met,07-04-2024 16.23,Met,07-04-2024 16.27,4,Neutral,Hardware,L3,Bahrain
In Progress,181,Critical,Portal,Software Bug,IT Support,Fahad Al-Farsi,22-04-2024 16.39,22-04-2024 17.39,22-04-2024 16.49,22-04-2024 16.49,Met,22-04-2024 17.36,Met,22-04-2024 17.36,4,Neutral,Software,L1,Oman
Open,182,High,Portal,Access Request,Security,Mohammed Al-Rashid,16-04-2024 1.46,16-04-2024 3.46,16-04-2024 2.16,16-04-2024 2.07,Met,16-04-2024 3.46,Met,16-04-2024 3.49,1,Satisfied,Hardware,L2,UAE
In Progress,183,Critical,Portal,Software Bug,Development,Abdullah Al-Mansoori,14-07-2024 8.28,14-07-2024 9.28,14-07-2024 8.38,14-07-2024 8.34,Met,14-07-2024 9.15,Met,14-07-2024 9.17,3,Neutral,Hardware,L2,Qatar
Open,184,Low,Chat,General Inquiry,Network Ops,Hassan Al-Rashid,17-05-2024 16.41,17-05-2024 20.41,17-05-2024 17.41,17-05-2024 17.41,Met,17-05-2024 20.30,Met,17-05-2024 20.35,1,Dissatisfied,Network,L1,Qatar
Open,185,Critical,Chat,Hardware Failure,Customer Service,Mohammed Al-Hamdan,10-08-2024 22.38,10-08-2024 23.38,10-08-2024 22.48,10-08-2024 22.44,Met,10-08-2024 23.21,Met,10-08-2024 23.22,4,Dissatisfied,Hardware,L2,Qatar
In Progress,186,High,Email,Hardware Failure,Customer Service,Fahad Al-Farsi,10-04-2024 11.51,10-04-2024 13.51,10-04-2024 12.21,10-04-2024 12.20,Met,10-04-2024 13.40,Met,10-04-2024 13.42,2,Dissatisfied,Software,L2,UAE
Open,187,Medium,Email,General Inquiry,Network Ops,Abdullah Al-Rashid,29-07-2024 5.00,29-07-2024 8.00,29-07-2024 5.45,29-07-2024 5.44,Met,29-07-2024 7.56,Met,29-07-2024 7.59,2,Satisfied,Software,L2,Qatar
Resolved,188,Low,Portal,Hardware Failure,Network Ops,Abdullah Al-Rashid,03-06-2024 12.10,03-06-2024 16.10,03-06-2024 13.10,03-06-2024 13.06,Met,03-06-2024 15.55,Met,03-06-2024 15.57,3,Dissatisfied,Hardware,L2,Qatar
Closed,189,Medium,Email,General Inquiry,Network Ops,Ahmed Al-Salem,10-07-2024 21.58,11-07-2024 0.58,10-07-2024 22.43,10-07-2024 22.33,Met,11-07-2024 0.52,Met,11-07-2024 0.55,1,Satisfied,Network,L2,Bahrain
Closed,190,Low,Portal,Software Bug,IT Support,Omar Al-Salem,10-06-2024 13.09,10-06-2024 17.09,10-06-2024 14.09,10-06-2024 13.59,Met,10-06-2024 17.02,Met,10-06-2024 17.07,4,Satisfied,Software,L1,Oman
New,191,Medium,Portal,Access Request,Development,Omar Al-Mansoori,17-06-2024 15.52,17-06-2024 18.52,17-06-2024 16.37,17-06-2024 16.45,Not Met,17-06-2024 18.41,Met,17-06-2024 18.44,4,Neutral,Hardware,L1,Saudi Arabia
Resolved,192,Critical,Chat,General Inquiry,Network Ops,Ali Al-Khalifa,15-04-2024 23.25,16-04-2024 0.25,15-04-2024 23.35,15-04-2024 23.32,Met,16-04-2024 0.15,Met,16-04-2024 0.17,5,Satisfied,Network,L1,UAE
Closed,193,Critical,Email,Software Bug,Security,Hassan Al-Hamdan,15-05-2024 12.43,15-05-2024 13.43,15-05-2024 12.53,15-05-2024 12.50,Met,15-05-2024 13.43,Met,15-05-2024 13.48,1,Dissatisfied,Cloud,L1,Oman
Open,194,High,Portal,Access Request,Network Ops,Yousef Al-Sabah,20-07-2024 11.22,20-07-2024 13.22,20-07-2024 11.52,20-07-2024 11.45,Met,20-07-2024 13.19,Met,20-07-2024 13.21,3,Neutral,Network,L2,Bahrain
Closed,195,Critical,Email,Hardware Failure,Security,Omar Al-Mansoori,27-07-2024 15.16,27-07-2024 16.16,27-07-2024 15.26,27-07-2024 15.26,Met,27-07-2024 15.57,Met,27-07-2024 15.57,5,Neutral,Software,L3,Oman
In Progress,196,Critical,Email,Software Bug,Network Ops,Fahad Al-Rashid,08-06-2024 2.10,08-06-2024 3.10,08-06-2024 2.20,08-06-2024 2.17,Met,08-06-2024 3.02,Met,08-06-2024 3.03,5,Neutral,Cloud,L3,Kuwait
New,197,Medium,Email,Access Request,Network Ops,Yousef Al-Khalifa,20-06-2024 17.43,20-06-2024 20.43,20-06-2024 18.28,20-06-2024 18.25,Met,20-06-2024 20.31,Met,20-06-2024 20.34,5,Neutral,Hardware,L1,UAE
In Progress,198,Low,Email,Software Bug,Security,Ali Al-Khalifa,08-04-2024 17.52,08-04-2024 21.52,08-04-2024 18.52,08-04-2024 18.43,Met,08-04-2024 21.42,Met,08-04-2024 21.45,5,Dissatisfied,Hardware,L1,Qatar
New,199,High,Portal,General Inquiry,Network Ops,Ali Al-Khalifa,14-05-2024 20.36,14-05-2024 22.36,14-05-2024 21.06,14-05-2024 21.01,Met,14-05-2024 22.19,Met,14-05-2024 22.20,2,Dissatisfied,Network,L1,UAE
Closed,200,Low,Email,Access Request,Customer Service,Hassan Al-Rashid,12-07-2024 12.58,12-07-2024 16.58,12-07-2024 13.58,12-07-2024 13.51,Met,12-07-2024 16.40,Met,12-07-2024 16.41,2,Satisfied,Hardware,L2,Qatar
In Progress,201,Medium,Email,Network Issue,Security,Ali Al-Khalifa,02-04-2024 6.49,02-04-2024 9.49,02-04-2024 7.34,02-04-2024 7.31,Met,02-04-2024 9.33,Met,02-04-2024 9.36,4,Dissatisfied,Hardware,L2,Oman
New,202,High,Portal,Software Bug,Security,Mohammed Al-Hamdan,11-04-2024 7.30,11-04-2024 9.30,11-04-2024 8.00,11-04-2024 8.00,Met,11-04-2024 9.25,Met,11-04-2024 9.30,5,Dissatisfied,Network,L3,Saudi Arabia
Resolved,203,High,Portal,General Inquiry,Development,Yousef Al-Khalifa,16-07-2024 10.16,16-07-2024 12.16,16-07-2024 10.46,16-07-2024 10.41,Met,16-07-2024 12.10,Met,16-07-2024 12.12,1,Neutral,Hardware,L2,Oman
New,204,Medium,Portal,Software Bug,Network Ops,Mohammed Al-Rashid,25-05-2024 8.27,25-05-2024 11.27,25-05-2024 9.12,25-05-2024 9.03,Met,25-05-2024 11.25,Met,25-05-2024 11.28,3,Satisfied,Software,L1,Kuwait
Open,205,Critical,Chat,Network Issue,Development,Abdullah Al-Rashid,28-04-2024 15.07,28-04-2024 16.07,28-04-2024 15.17,28-04-2024 15.12,Met,28-04-2024 15.51,Met,28-04-2024 15.55,4,Dissatisfied,Software,L3,Qatar
Closed,206,Medium,Chat,Access Request,Security,Yousef Al-Khalifa,21-05-2024 14.49,21-05-2024 17.49,21-05-2024 15.34,21-05-2024 15.29,Met,21-05-2024 17.43,Met,21-05-2024 17.44,1,Neutral,Software,L3,Bahrain
New,207,Low,Phone,Network Issue,Development,Ali Al-Khalifa,18-04-2024 3.43,18-04-2024 7.43,18-04-2024 4.43,18-04-2024 4.38,Met,18-04-2024 7.23,Met,18-04-2024 7.27,2,Dissatisfied,Cloud,L2,Qatar
In Progress,208,Critical,Portal,Hardware Failure,Customer Service,Hassan Al-Rashid,03-05-2024 5.09,03-05-2024 6.09,03-05-2024 5.19,03-05-2024 5.19,Met,03-05-2024 5.53,Met,03-05-2024 5.53,5,Dissatisfied,Cloud,L2,UAE
In Progress,209,High,Phone,Hardware Failure,Security,Fahad Al-Rashid,23-04-2024 8.03,23-04-2024 10.03,23-04-2024 8.33,23-04-2024 8.23,Met,23-04-2024 10.00,Met,23-04-2024 10.00,4,Satisfied,Hardware,L1,Qatar
New,210,Low,Phone,General Inquiry,IT Support,Yousef Al-Khalifa,17-04-2024 22.23,18-04-2024 2.23,17-04-2024 23.23,17-04-2024 23.20,Met,18-04-2024 2.16,Met,18-04-2024 2.16,5,Satisfied,Cloud,L3,UAE
Closed,211,Low,Portal,Network Issue,Development,Yousef Al-Khalifa,04-08-2024 20.15,05-08-2024 0.15,04-08-2024 21.15,04-08-2024 21.06,Met,05-08-2024 0.04,Met,05-08-2024 0.09,5,Neutral,Hardware,L3,Kuwait
Closed,212,Medium,Phone,General Inquiry,IT Support,Saif Al-Rashid,04-08-2024 0.18,04-08-2024 3.18,04-08-2024 1.03,04-08-2024 1.00,Met,04-08-2024 3.05,Met,04-08-2024 3.05,4,Neutral,Cloud,L1,Oman
Open,213,High,Chat,Network Issue,IT Support,Yousef Al-Khalifa,11-08-2024 22.04,12-08-2024 0.04,11-08-2024 22.34,11-08-2024 22.28,Met,12-08-2024 0.04,Met,12-08-2024 0.09,2,Dissatisfied,Network,L2,Saudi Arabia
In Progress,214,Low,Email,Hardware Failure,Customer Service,Khalid Al-Rashid,02-05-2024 12.44,02-05-2024 16.44,02-05-2024 13.44,02-05-2024 13.35,Met,02-05-2024 16.40,Met,02-05-2024 16.43,5,Dissatisfied,Cloud,L3,Qatar
Resolved,215,Critical,Portal,Hardware Failure,Security,Fahad Al-Rashid,11-04-2024 3.11,11-04-2024 4.11,11-04-2024 3.21,11-04-2024 3.19,Met,11-04-2024 4.02,Met,11-04-2024 4.07,1,Neutral,Network,L2,Kuwait
Open,216,Low,Portal,Network Issue,Customer Service,Ali Al-Khalifa,09-08-2024 23.23,10-08-2024 3.23,10-08-2024 0.23,10-08-2024 0.18,Met,10-08-2024 3.04,Met,10-08-2024 3.07,2,Dissatisfied,Cloud,L2,Qatar
Open,217,Critical,Phone,Software Bug,Customer Service,Mohammed Al-Rashid,02-08-2024 5.45,02-08-2024 6.45,02-08-2024 5.55,02-08-2024 5.52,Met,02-08-2024 6.29,Met,02-08-2024 6.30,2,Dissatisfied,Software,L1,Qatar
Closed,218,High,Email,Network Issue,IT Support,Fahad Al-Farsi,13-05-2024 19.09,13-05-2024 21.09,13-05-2024 19.39,13-05-2024 19.39,Met,13-05-2024 20.52,Met,13-05-2024 20.57,2,Dissatisfied,Hardware,L3,UAE
Closed,219,Critical,Email,General Inquiry,Customer Service,Khalid Al-Rashid,05-07-2024 6.09,05-07-2024 7.09,05-07-2024 6.19,05-07-2024 6.12,Met,05-07-2024 6.54,Met,05-07-2024 6.55,1,Satisfied,Software,L1,Saudi Arabia
New,220,Medium,Phone,Hardware Failure,Security,Khalid Al-Rashid,21-05-2024 6.15,21-05-2024 9.15,21-05-2024 7.00,21-05-2024 6.55,Met,21-05-2024 9.55,Not Met,21-05-2024 8.59,2,Dissatisfied,Hardware,L1,Saudi Arabia
In Progress,221,Low,Phone,General Inquiry,Security,Ali Al-Khalifa,18-07-2024 6.58,18-07-2024 10.58,18-07-2024 7.58,18-07-2024 7.51,Met,18-07-2024 10.58,Met,18-07-2024 11.03,3,Dissatisfied,Network,L2,Bahrain
Closed,222,Low,Phone,General Inquiry,IT Support,Abdullah Al-Rashid,21-06-2024 15.42,21-06-2024 19.42,21-06-2024 16.42,21-06-2024 16.42,Met,21-06-2024 19.22,Met,21-06-2024 19.26,3,Satisfied,Network,L2,Oman
Resolved,223,Critical,Email,Software Bug,Customer Service,Ali Al-Khalifa,24-06-2024 7.45,24-06-2024 8.45,24-06-2024 7.55,24-06-2024 7.54,Met,24-06-2024 8.44,Met,24-06-2024 8.47,2,Dissatisfied,Hardware,L3,Qatar
New,224,Low,Portal,Hardware Failure,Network Ops,Hassan Al-Hamdan,29-04-2024 4.13,29-04-2024 8.13,29-04-2024 5.13,29-04-2024 5.06,Met,29-04-2024 7.54,Met,29-04-2024 7.56,2,Neutral,Software,L3,Qatar
New,225,Critical,Phone,Hardware Failure,Security,Fahad Al-Rashid,11-08-2024 22.55,11-08-2024 23.55,11-08-2024 23.05,11-08-2024 23.00,Met,11-08-2024 23.50,Met,11-08-2024 23.54,1,Neutral,Hardware,L3,Oman
New,226,Medium,Portal,Software Bug,IT Support,Fahad Al-Rashid,05-07-2024 6.47,05-07-2024 9.47,05-07-2024 7.32,05-07-2024 7.31,Met,05-07-2024 9.27,Met,05-07-2024 9.32,2,Neutral,Network,L2,Qatar
In Progress,227,Critical,Email,Network Issue,Security,Hassan Al-Rashid,31-05-2024 20.18,31-05-2024 21.18,31-05-2024 20.28,31-05-2024 20.24,Met,31-05-2024 21.02,Met,31-05-2024 21.02,2,Satisfied,Cloud,L1,Saudi Arabia
Open,228,Low,Chat,Network Issue,Security,Saif Al-Rashid,22-05-2024 16.21,22-05-2024 20.21,22-05-2024 17.21,22-05-2024 17.13,Met,22-05-2024 20.04,Met,22-05-2024 20.06,2,Satisfied,Hardware,L2,Qatar
In Progress,229,Medium,Chat,General Inquiry,Network Ops,Khalid Al-Rashid,18-07-2024 21.13,19-07-2024 0.13,18-07-2024 21.58,18-07-2024 21.49,Met,19-07-2024 0.07,Met,19-07-2024 0.07,2,Satisfied,Software,L1,UAE
Closed,230,Low,Portal,Software Bug,Development,Yousef Al-Khalifa,21-04-2024 15.52,21-04-2024 19.52,21-04-2024 16.52,21-04-2024 16.44,Met,21-04-2024 19.39,Met,21-04-2024 19.39,4,Dissatisfied,Software,L1,Qatar
In Progress,231,Low,Email,Access Request,Network Ops,Mohammed Al-Hamdan,06-07-2024 19.57,06-07-2024 23.57,06-07-2024 20.57,06-07-2024 20.51,Met,06-07-2024 23.42,Met,06-07-2024 23.42,1,Dissatisfied,Hardware,L3,UAE
In Progress,232,Low,Portal,Access Request,Development,Abdullah Al-Mansoori,26-05-2024 4.47,26-05-2024 8.47,26-05-2024 5.47,26-05-2024 5.42,Met,26-05-2024 8.33,Met,26-05-2024 8.38,4,Neutral,Software,L3,Qatar
Resolved,233,High,Email,General Inquiry,Security,Abdullah Al-Rashid,16-07-2024 16.10,16-07-2024 18.10,16-07-2024 16.40,16-07-2024 16.40,Met,16-07-2024 18.07,Met,16-07-2024 18.09,5,Satisfied,Network,L2,Oman
Closed,234,Low,Chat,Access Request,IT Support,Saif Al-Rashid,02-06-2024 4.27,02-06-2024 8.27,02-06-2024 5.27,02-06-2024 5.22,Met,02-06-2024 8.14,Met,02-06-2024 8.15,2,Neutral,Hardware,L2,Qatar
In Progress,235,Critical,Portal,Software Bug,Security,Saif Al-Rashid,04-07-2024 18.42,04-07-2024 19.42,04-07-2024 18.52,04-07-2024 18.48,Met,04-07-2024 19.42,Met,04-07-2024 19.46,1,Satisfied,Network,L2,Qatar
Closed,236,Medium,Phone,Software Bug,Network Ops,Ali Al-Khalifa,06-06-2024 4.45,06-06-2024 7.45,06-06-2024 5.30,06-06-2024 5.23,Met,06-06-2024 7.32,Met,06-06-2024 7.35,1,Dissatisfied,Hardware,L3,Qatar
Closed,237,Low,Portal,General Inquiry,Development,Saif Al-Rashid,22-04-2024 13.06,22-04-2024 17.06,22-04-2024 14.06,22-04-2024 14.02,Met,22-04-2024 16.47,Met,22-04-2024 16.52,2,Dissatisfied,Network,L1,Kuwait
New,238,Medium,Portal,Access Request,Development,Abdullah Al-Rashid,08-05-2024 4.43,08-05-2024 7.43,08-05-2024 5.28,08-05-2024 5.24,Met,08-05-2024 7.23,Met,08-05-2024 7.26,2,Neutral,Hardware,L2,Bahrain
Resolved,239,Critical,Phone,Access Request,Security,Abdullah Al-Mansoori,02-07-2024 11.33,02-07-2024 12.33,02-07-2024 11.43,02-07-2024 11.42,Met,02-07-2024 12.31,Met,02-07-2024 12.36,1,Satisfied,Hardware,L3,Bahrain
Open,240,Critical,Portal,Network Issue,Customer Service,Ali Al-Khalifa,18-06-2024 7.26,18-06-2024 8.26,18-06-2024 7.36,18-06-2024 7.28,Met,18-06-2024 8.26,Met,18-06-2024 8.27,2,Neutral,Hardware,L2,Qatar
In Progress,241,Low,Portal,Software Bug,IT Support,Saif Al-Khalifa,04-06-2024 19.19,04-06-2024 23.19,04-06-2024 20.19,04-06-2024 20.14,Met,04-06-2024 23.10,Met,04-06-2024 23.13,2,Satisfied,Hardware,L3,Qatar
In Progress,242,Critical,Email,Access Request,Network Ops,Ahmed Al-Salem,26-06-2024 19.16,26-06-2024 20.16,26-06-2024 19.26,26-06-2024 19.17,Met,26-06-2024 20.16,Met,26-06-2024 20.21,1,Satisfied,Network,L3,Oman
New,243,Critical,Chat,General Inquiry,Security,Ahmed Al-Salem,21-07-2024 1.09,21-07-2024 2.09,21-07-2024 1.19,21-07-2024 1.14,Met,21-07-2024 2.01,Met,21-07-2024 2.02,4,Satisfied,Software,L2,UAE
In Progress,244,Low,Email,Network Issue,Development,Khalid Al-Farsi,13-07-2024 22.03,14-07-2024 2.03,13-07-2024 23.03,13-07-2024 22.53,Met,14-07-2024 1.49,Met,14-07-2024 1.53,5,Satisfied,Cloud,L2,Bahrain
New,245,Critical,Phone,Hardware Failure,Security,Omar Al-Mansoori,14-07-2024 20.27,14-07-2024 21.27,14-07-2024 20.37,14-07-2024 20.34,Met,14-07-2024 21.11,Met,14-07-2024 21.12,4,Dissatisfied,Software,L1,Oman
Closed,246,Critical,Portal,Software Bug,Network Ops,Saif Al-Rashid,31-05-2024 0.36,31-05-2024 1.36,31-05-2024 0.46,31-05-2024 0.43,Met,31-05-2024 1.22,Met,31-05-2024 1.23,5,Satisfied,Software,L1,Kuwait
Closed,247,Medium,Chat,Network Issue,Customer Service,Abdullah Al-Rashid,10-07-2024 3.45,10-07-2024 6.45,10-07-2024 4.30,10-07-2024 4.27,Met,10-07-2024 6.36,Met,10-07-2024 6.38,2,Dissatisfied,Hardware,L3,Kuwait
New,248,Low,Email,Network Issue,Customer Service,Abdullah Al-Rashid,26-04-2024 13.07,26-04-2024 17.07,26-04-2024 14.07,26-04-2024 14.04,Met,26-04-2024 16.48,Met,26-04-2024 16.49,4,Neutral,Network,L3,Qatar
Open,249,Medium,Chat,Access Request,Development,Fahad Al-Rashid,06-07-2024 14.49,06-07-2024 17.49,06-07-2024 15.34,06-07-2024 15.30,Met,06-07-2024 17.43,Met,06-07-2024 17.44,4,Dissatisfied,Network,L2,UAE
In Progress,250,Medium,Portal,Software Bug,Network Ops,Ali Al-Khalifa,02-04-2024 0.23,02-04-2024 3.23,02-04-2024 1.08,02-04-2024 1.01,Met,02-04-2024 3.17,Met,02-04-2024 3.18,5,Dissatisfied,Network,L1,Kuwait
Closed,251,Medium,Phone,Access Request,Development,Omar Al-Mansoori,18-05-2024 8.58,18-05-2024 11.58,18-05-2024 9.43,18-05-2024 9.41,Met,18-05-2024 11.47,Met,18-05-2024 11.49,3,Neutral,Software,L3,UAE
New,252,Medium,Email,Network Issue,Network Ops,Fahad Al-Rashid,08-08-2024 0.03,08-08-2024 3.03,08-08-2024 0.48,08-08-2024 0.42,Met,08-08-2024 2.44,Met,08-08-2024 2.49,1,Neutral,Hardware,L3,Bahrain
In Progress,253,Low,Portal,Network Issue,IT Support,Saif Al-Khalifa,24-05-2024 20.54,25-05-2024 0.54,24-05-2024 21.54,24-05-2024 21.46,Met,25-05-2024 0.49,Met,25-05-2024 0.52,2,Dissatisfied,Cloud,L3,Saudi Arabia
Closed,254,Low,Portal,Hardware Failure,Customer Service,Mohammed Al-Rashid,08-06-2024 14.37,08-06-2024 18.37,08-06-2024 15.37,08-06-2024 15.34,Met,08-06-2024 18.54,Not Met,08-06-2024 18.24,2,Dissatisfied,Software,L2,Bahrain
New,255,Critical,Phone,Network Issue,Development,Khalid Al-Farsi,11-08-2024 17.08,11-08-2024 18.08,11-08-2024 17.18,11-08-2024 17.13,Met,11-08-2024 17.48,Met,11-08-2024 17.48,4,Neutral,Cloud,L3,Qatar
Open,256,High,Email,Software Bug,Customer Service,Khalid Al-Rashid,10-08-2024 20.28,10-08-2024 22.28,10-08-2024 20.58,10-08-2024 20.57,Met,10-08-2024 22.27,Met,10-08-2024 22.31,1,Dissatisfied,Hardware,L3,Qatar
In Progress,257,Low,Portal,Hardware Failure,Network Ops,Abdullah Al-Farsi,22-07-2024 8.35,22-07-2024 12.35,22-07-2024 9.35,22-07-2024 9.35,Met,22-07-2024 12.34,Met,22-07-2024 12.39,2,Dissatisfied,Software,L2,UAE
New,258,High,Email,General Inquiry,Development,Abdullah Al-Mansoori,24-06-2024 21.53,24-06-2024 23.53,24-06-2024 22.23,24-06-2024 22.16,Met,24-06-2024 23.44,Met,24-06-2024 23.45,4,Satisfied,Software,L2,Saudi Arabia
Open,259,Critical,Email,Access Request,Security,Omar Al-Salem,04-04-2024 20.10,04-04-2024 21.10,04-04-2024 20.20,04-04-2024 20.19,Met,04-04-2024 20.59,Met,04-04-2024 21.03,3,Neutral,Cloud,L1,UAE
Closed,260,Medium,Phone,Access Request,Security,Abdullah Al-Rashid,11-08-2024 22.29,12-08-2024 1.29,11-08-2024 23.14,11-08-2024 23.12,Met,12-08-2024 1.18,Met,12-08-2024 1.22,3,Satisfied,Network,L2,UAE
Resolved,261,High,Phone,General Inquiry,Development,Fahad Al-Farsi,06-05-2024 8.54,06-05-2024 10.54,06-05-2024 9.24,06-05-2024 9.14,Met,06-05-2024 10.42,Met,06-05-2024 10.46,4,Neutral,Hardware,L2,UAE
In Progress,262,Low,Chat,Hardware Failure,Development,Abdullah Al-Rashid,06-04-2024 18.42,06-04-2024 22.42,06-04-2024 19.42,06-04-2024 19.40,Met,06-04-2024 22.37,Met,06-04-2024 22.41,4,Dissatisfied,Cloud,L3,Saudi Arabia
Resolved,263,Medium,Email,Hardware Failure,IT Support,Omar Al-Mansoori,19-06-2024 11.48,19-06-2024 14.48,19-06-2024 12.33,19-06-2024 12.32,Met,19-06-2024 14.48,Met,19-06-2024 14.50,1,Satisfied,Software,L1,Bahrain
Closed,264,Critical,Chat,Software Bug,Security,Omar Al-Salem,06-04-2024 16.08,06-04-2024 17.08,06-04-2024 16.18,06-04-2024 16.11,Met,06-04-2024 17.01,Met,06-04-2024 17.06,4,Dissatisfied,Network,L3,Qatar
In Progress,265,High,Chat,Access Request,IT Support,Khalid Al-Rashid,29-04-2024 1.32,29-04-2024 3.32,29-04-2024 2.02,29-04-2024 2.11,Not Met,29-04-2024 3.27,Met,29-04-2024 3.30,1,Satisfied,Hardware,L2,Bahrain
Resolved,266,High,Chat,Access Request,Security,Hassan Al-Rashid,03-05-2024 11.48,03-05-2024 13.48,03-05-2024 12.18,03-05-2024 12.14,Met,03-05-2024 13.47,Met,03-05-2024 13.49,1,Satisfied,Software,L3,Qatar
Closed,267,Medium,Phone,Software Bug,Security,Abdullah Al-Farsi,19-06-2024 11.27,19-06-2024 14.27,19-06-2024 12.12,19-06-2024 12.10,Met,19-06-2024 14.07,Met,19-06-2024 14.07,1,Neutral,Cloud,L3,Qatar
Open,268,Low,Portal,General Inquiry,Customer Service,Saif Al-Rashid,22-06-2024 19.05,22-06-2024 23.05,22-06-2024 20.05,22-06-2024 19.55,Met,22-06-2024 22.55,Met,22-06-2024 23.00,3,Neutral,Software,L2,Bahrain
In Progress,269,Medium,Phone,Software Bug,Network Ops,Hassan Al-Hamdan,13-04-2024 19.13,13-04-2024 22.13,13-04-2024 19.58,13-04-2024 19.56,Met,13-04-2024 21.56,Met,13-04-2024 21.56,4,Dissatisfied,Network,L2,UAE
Open,270,High,Chat,Network Issue,Network Ops,Mohammed Al-Hamdan,03-07-2024 17.50,03-07-2024 19.50,03-07-2024 18.20,03-07-2024 18.14,Met,03-07-2024 19.33,Met,03-07-2024 19.34,5,Satisfied,Network,L2,Bahrain
Closed,271,Critical,Portal,Network Issue,Network Ops,Khalid Al-Farsi,25-06-2024 12.51,25-06-2024 13.51,25-06-2024 13.01,25-06-2024 13.00,Met,25-06-2024 13.50,Met,25-06-2024 13.51,4,Satisfied,Hardware,L1,Bahrain
Open,272,Critical,Chat,Hardware Failure,Network Ops,Abdullah Al-Rashid,30-05-2024 17.09,30-05-2024 18.09,30-05-2024 17.19,30-05-2024 17.12,Met,30-05-2024 17.52,Met,30-05-2024 17.54,3,Satisfied,Cloud,L2,UAE
Closed,273,Medium,Portal,Access Request,IT Support,Yousef Al-Khalifa,13-05-2024 17.52,13-05-2024 20.52,13-05-2024 18.37,13-05-2024 18.45,Not Met,13-05-2024 20.37,Met,13-05-2024 20.38,2,Neutral,Hardware,L2,Kuwait
Resolved,274,Low,Portal,Software Bug,Customer Service,Saif Al-Rashid,06-06-2024 13.43,06-06-2024 17.43,06-06-2024 14.43,06-06-2024 14.34,Met,06-06-2024 17.59,Not Met,06-06-2024 17.31,1,Dissatisfied,Network,L2,Saudi Arabia
In Progress,275,Medium,Portal,Hardware Failure,Network Ops,Abdullah Al-Rashid,24-04-2024 18.54,24-04-2024 21.54,24-04-2024 19.39,24-04-2024 19.29,Met,24-04-2024 21.34,Met,24-04-2024 21.34,1,Dissatisfied,Cloud,L2,Bahrain
Resolved,276,Critical,Phone,Software Bug,Customer Service,Yousef Al-Khalifa,23-04-2024 7.57,23-04-2024 8.57,23-04-2024 8.07,23-04-2024 7.59,Met,23-04-2024 8.52,Met,23-04-2024 8.56,5,Dissatisfied,Software,L2,Saudi Arabia
New,277,Critical,Email,Software Bug,Customer Service,Mohammed Al-Rashid,24-06-2024 12.55,24-06-2024 13.55,24-06-2024 13.05,24-06-2024 13.03,Met,24-06-2024 13.53,Met,24-06-2024 13.58,1,Satisfied,Software,L2,UAE
Open,278,Medium,Chat,Access Request,Customer Service,Omar Al-Mansoori,21-05-2024 15.40,21-05-2024 18.40,21-05-2024 16.25,21-05-2024 16.20,Met,21-05-2024 18.38,Met,21-05-2024 18.40,2,Dissatisfied,Network,L2,Saudi Arabia
Resolved,279,High,Portal,General Inquiry,Customer Service,Mohammed Al-Hamdan,11-08-2024 16.56,11-08-2024 18.56,11-08-2024 17.26,11-08-2024 17.19,Met,11-08-2024 18.39,Met,11-08-2024 18.41,4,Neutral,Network,L2,Kuwait
Open,280,Medium,Phone,Network Issue,Customer Service,Mohammed Al-Rashid,07-04-2024 2.45,07-04-2024 5.45,07-04-2024 3.30,07-04-2024 3.21,Met,07-04-2024 5.35,Met,07-04-2024 5.39,3,Satisfied,Software,L2,Bahrain
New,281,Low,Chat,General Inquiry,Development,Abdullah Al-Rashid,28-07-2024 8.38,28-07-2024 12.38,28-07-2024 9.38,28-07-2024 9.33,Met,28-07-2024 12.18,Met,28-07-2024 12.21,5,Neutral,Software,L2,Kuwait
Closed,282,High,Portal,Access Request,Development,Yousef Al-Khalifa,06-06-2024 1.26,06-06-2024 3.26,06-06-2024 1.56,06-06-2024 1.48,Met,06-06-2024 3.23,Met,06-06-2024 3.28,1,Neutral,Cloud,L2,Oman
Closed,283,Low,Email,Software Bug,Customer Service,Ahmed Al-Salem,19-05-2024 12.32,19-05-2024 16.32,19-05-2024 13.32,19-05-2024 13.28,Met,19-05-2024 16.22,Met,19-05-2024 16.23,4,Neutral,Network,L3,Kuwait
Open,284,Critical,Phone,Network Issue,Customer Service,Saif Al-Khalifa,08-04-2024 9.52,08-04-2024 10.52,08-04-2024 10.02,08-04-2024 9.52,Met,08-04-2024 10.50,Met,08-04-2024 10.55,4,Neutral,Software,L1,Qatar
Open,285,Critical,Portal,Hardware Failure,Development,Ali Al-Khalifa,05-07-2024 6.16,05-07-2024 7.16,05-07-2024 6.26,05-07-2024 6.24,Met,05-07-2024 7.14,Met,05-07-2024 7.17,3,Dissatisfied,Software,L3,Qatar
New,286,Medium,Email,Network Issue,Development,Ahmed Al-Nasser,29-04-2024 5.51,29-04-2024 8.51,29-04-2024 6.36,29-04-2024 6.36,Met,29-04-2024 8.42,Met,29-04-2024 8.42,2,Neutral,Cloud,L1,UAE
New,287,Critical,Portal,Network Issue,Network Ops,Yousef Al-Khalifa,09-06-2024 18.44,09-06-2024 19.44,09-06-2024 18.54,09-06-2024 18.48,Met,09-06-2024 19.24,Met,09-06-2024 19.27,2,Satisfied,Network,L1,Oman
New,288,Low,Phone,Hardware Failure,Development,Abdullah Al-Farsi,12-05-2024 1.28,12-05-2024 5.28,12-05-2024 2.28,12-05-2024 2.18,Met,12-05-2024 5.25,Met,12-05-2024 5.25,2,Satisfied,Cloud,L1,Qatar
Resolved,289,High,Portal,Network Issue,Network Ops,Ali Al-Khalifa,29-07-2024 6.19,29-07-2024 8.19,29-07-2024 6.49,29-07-2024 6.43,Met,29-07-2024 8.09,Met,29-07-2024 8.09,4,Neutral,Network,L3,Qatar
Open,290,Critical,Chat,Hardware Failure,Security,Abdullah Al-Farsi,10-06-2024 18.49,10-06-2024 19.49,10-06-2024 18.59,10-06-2024 18.57,Met,10-06-2024 19.29,Met,10-06-2024 19.34,1,Neutral,Cloud,L3,Oman
New,291,Critical,Email,Access Request,Security,Abdullah Al-Farsi,02-08-2024 17.08,02-08-2024 18.08,02-08-2024 17.18,02-08-2024 17.09,Met,02-08-2024 18.00,Met,02-08-2024 18.03,3,Neutral,Hardware,L1,Saudi Arabia
Resolved,292,Critical,Email,Software Bug,Network Ops,Saif Al-Rashid,24-07-2024 15.23,24-07-2024 16.23,24-07-2024 15.33,24-07-2024 15.29,Met,24-07-2024 16.04,Met,24-07-2024 16.05,2,Neutral,Cloud,L2,UAE
New,293,Critical,Chat,Network Issue,Development,Saif Al-Rashid,30-06-2024 3.12,30-06-2024 4.12,30-06-2024 3.22,30-06-2024 3.18,Met,30-06-2024 3.53,Met,30-06-2024 3.55,5,Dissatisfied,Software,L3,Oman
Closed,294,Critical,Portal,Access Request,Network Ops,Ahmed Al-Nasser,20-07-2024 1.47,20-07-2024 2.47,20-07-2024 1.57,20-07-2024 1.55,Met,20-07-2024 2.35,Met,20-07-2024 2.40,2,Neutral,Cloud,L2,Saudi Arabia
Resolved,295,Medium,Portal,Software Bug,Security,Saif Al-Rashid,23-07-2024 5.05,23-07-2024 8.05,23-07-2024 5.50,23-07-2024 5.50,Met,23-07-2024 8.01,Met,23-07-2024 8.02,5,Satisfied,Software,L1,Qatar
New,296,High,Chat,General Inquiry,Development,Khalid Al-Farsi,07-08-2024 5.52,07-08-2024 7.52,07-08-2024 6.22,07-08-2024 6.18,Met,07-08-2024 7.52,Met,07-08-2024 7.57,5,Neutral,Hardware,L3,Bahrain
In Progress,297,Medium,Email,Software Bug,Network Ops,Ali Al-Khalifa,19-04-2024 9.19,19-04-2024 12.19,19-04-2024 10.04,19-04-2024 9.54,Met,19-04-2024 12.18,Met,19-04-2024 12.22,5,Neutral,Hardware,L3,Kuwait
Resolved,298,Medium,Phone,General Inquiry,IT Support,Yousef Al-Khalifa,15-04-2024 19.21,15-04-2024 22.21,15-04-2024 20.06,15-04-2024 19.59,Met,15-04-2024 22.20,Met,15-04-2024 22.24,2,Dissatisfied,Hardware,L2,Oman
In Progress,299,Critical,Chat,Hardware Failure,Network Ops,Fahad Al-Farsi,05-04-2024 22.28,05-04-2024 23.28,05-04-2024 22.38,05-04-2024 22.38,Met,05-04-2024 23.11,Met,05-04-2024 23.12,3,Satisfied,Network,L3,Kuwait
New,300,Low,Chat,Hardware Failure,Development,Abdullah Al-Rashid,29-06-2024 2.29,29-06-2024 6.29,29-06-2024 3.29,29-06-2024 3.21,Met,29-06-2024 6.19,Met,29-06-2024 6.23,5,Satisfied,Hardware,L2,Qatar
Resolved,301,Medium,Chat,Network Issue,IT Support,Khalid Al-Rashid,02-06-2024 12.07,02-06-2024 15.07,02-06-2024 12.52,02-06-2024 12.45,Met,02-06-2024 14.58,Met,02-06-2024 15.00,3,Satisfied,Software,L3,Oman
New,302,Medium,Chat,Network Issue,Network Ops,Mohammed Al-Hamdan,14-04-2024 11.57,14-04-2024 14.57,14-04-2024 12.42,14-04-2024 12.35,Met,14-04-2024 14.56,Met,14-04-2024 15.01,1,Dissatisfied,Software,L3,Oman
In Progress,303,High,Chat,Access Request,Security,Khalid Al-Farsi,18-06-2024 2.36,18-06-2024 4.36,18-06-2024 3.06,18-06-2024 3.06,Met,18-06-2024 4.36,Met,18-06-2024 4.38,4,Satisfied,Network,L3,Bahrain
New,304,Critical,Email,Hardware Failure,IT Support,Mohammed Al-Rashid,07-05-2024 22.30,07-05-2024 23.30,07-05-2024 22.40,07-05-2024 22.39,Met,07-05-2024 23.26,Met,07-05-2024 23.29,4,Satisfied,Hardware,L1,Qatar
New,305,Critical,Phone,Software Bug,Security,Ahmed Al-Salem,17-05-2024 16.13,17-05-2024 17.13,17-05-2024 16.23,17-05-2024 16.20,Met,17-05-2024 16.56,Met,17-05-2024 16.58,5,Satisfied,Network,L2,UAE
In Progress,306,Medium,Chat,Software Bug,Network Ops,Fahad Al-Farsi,26-04-2024 2.42,26-04-2024 5.42,26-04-2024 3.27,26-04-2024 3.18,Met,26-04-2024 5.38,Met,26-04-2024 5.42,5,Dissatisfied,Hardware,L2,Kuwait
Resolved,307,Medium,Email,General Inquiry,Customer Service,Saif Al-Khalifa,28-07-2024 14.15,28-07-2024 17.15,28-07-2024 15.00,28-07-2024 14.54,Met,28-07-2024 17.09,Met,28-07-2024 17.12,4,Dissatisfied,Software,L1,Qatar
Closed,308,Medium,Email,Software Bug,Network Ops,Mohammed Al-Hamdan,25-05-2024 2.08,25-05-2024 5.08,25-05-2024 2.53,25-05-2024 2.47,Met,25-05-2024 4.59,Met,25-05-2024 5.01,5,Dissatisfied,Network,L1,Qatar
Open,309,Critical,Chat,Network Issue,Network Ops,Saif Al-Rashid,02-07-2024 1.36,02-07-2024 2.36,02-07-2024 1.46,02-07-2024 1.38,Met,02-07-2024 2.36,Met,02-07-2024 2.36,4,Neutral,Software,L1,Bahrain
Open,310,Critical,Portal,Access Request,IT Support,Yousef Al-Khalifa,23-05-2024 11.49,23-05-2024 12.49,23-05-2024 11.59,23-05-2024 11.53,Met,23-05-2024 12.36,Met,23-05-2024 12.37,1,Dissatisfied,Network,L3,UAE
Closed,311,Critical,Email,Network Issue,Security,Ahmed Al-Salem,07-04-2024 7.19,07-04-2024 8.19,07-04-2024 7.29,07-04-2024 7.26,Met,07-04-2024 8.02,Met,07-04-2024 8.03,3,Satisfied,Cloud,L2,Oman
Resolved,312,High,Portal,Software Bug,Customer Service,Saif Al-Rashid,03-06-2024 19.20,03-06-2024 21.20,03-06-2024 19.50,03-06-2024 19.44,Met,03-06-2024 21.07,Met,03-06-2024 21.07,5,Neutral,Network,L3,Saudi Arabia
Resolved,313,High,Email,Hardware Failure,IT Support,Saif Al-Rashid,04-07-2024 17.53,04-07-2024 19.53,04-07-2024 18.23,04-07-2024 18.16,Met,04-07-2024 19.52,Met,04-07-2024 19.54,5,Dissatisfied,Software,L3,Kuwait
In Progress,314,High,Chat,Network Issue,Security,Saif Al-Khalifa,10-08-2024 5.48,10-08-2024 7.48,10-08-2024 6.18,10-08-2024 6.13,Met,10-08-2024 7.38,Met,10-08-2024 7.43,4,Satisfied,Hardware,L1,Saudi Arabia
Resolved,315,Medium,Email,Network Issue,Security,Yousef Al-Sabah,11-04-2024 10.24,11-04-2024 13.24,11-04-2024 11.09,11-04-2024 11.03,Met,11-04-2024 13.12,Met,11-04-2024 13.14,2,Satisfied,Software,L1,Kuwait
Closed,316,Critical,Phone,General Inquiry,Security,Ahmed Al-Nasser,02-08-2024 3.28,02-08-2024 4.28,02-08-2024 3.38,02-08-2024 3.36,Met,02-08-2024 4.09,Met,02-08-2024 4.14,2,Satisfied,Hardware,L1,UAE
In Progress,317,Medium,Portal,Network Issue,Customer Service,Saif Al-Khalifa,20-07-2024 22.26,21-07-2024 1.26,20-07-2024 23.11,20-07-2024 23.02,Met,21-07-2024 1.22,Met,21-07-2024 1.25,2,Satisfied,Network,L1,Bahrain
Closed,318,Low,Phone,General Inquiry,Network Ops,Hassan Al-Rashid,08-08-2024 13.59,08-08-2024 17.59,08-08-2024 14.59,08-08-2024 14.53,Met,08-08-2024 17.51,Met,08-08-2024 17.51,3,Satisfied,Cloud,L2,Oman
Resolved,319,Critical,Portal,Hardware Failure,Security,Saif Al-Khalifa,30-06-2024 11.14,30-06-2024 12.14,30-06-2024 11.24,30-06-2024 11.18,Met,30-06-2024 12.06,Met,30-06-2024 12.08,5,Dissatisfied,Network,L3,Oman
Open,320,Critical,Chat,Access Request,Security,Fahad Al-Rashid,11-06-2024 10.53,11-06-2024 11.53,11-06-2024 11.03,11-06-2024 11.01,Met,11-06-2024 11.44,Met,11-06-2024 11.49,5,Dissatisfied,Software,L1,Saudi Arabia
In Progress,321,Low,Chat,Access Request,IT Support,Khalid Al-Farsi,09-05-2024 23.49,10-05-2024 3.49,10-05-2024 0.49,10-05-2024 0.49,Met,10-05-2024 3.48,Met,10-05-2024 3.51,3,Dissatisfied,Network,L1,UAE
New,322,Critical,Email,Software Bug,Security,Khalid Al-Rashid,10-04-2024 13.20,10-04-2024 14.20,10-04-2024 13.30,10-04-2024 13.28,Met,10-04-2024 14.09,Met,10-04-2024 14.09,2,Satisfied,Cloud,L2,Saudi Arabia
Closed,323,Low,Portal,Hardware Failure,Development,Mohammed Al-Hamdan,29-06-2024 0.06,29-06-2024 4.06,29-06-2024 1.06,29-06-2024 1.11,Not Met,29-06-2024 3.46,Met,29-06-2024 3.50,2,Dissatisfied,Cloud,L2,Kuwait
Open,324,Medium,Chat,Access Request,Customer Service,Hassan Al-Rashid,29-06-2024 1.50,29-06-2024 4.50,29-06-2024 2.35,29-06-2024 2.33,Met,29-06-2024 4.33,Met,29-06-2024 4.36,2,Satisfied,Hardware,L1,Saudi Arabia
In Progress,325,Medium,Chat,General Inquiry,Development,Fahad Al-Rashid,26-05-2024 11.52,26-05-2024 14.52,26-05-2024 12.37,26-05-2024 12.28,Met,26-05-2024 14.52,Met,26-05-2024 14.52,3,Dissatisfied,Software,L2,Oman
In Progress,326,Critical,Portal,General Inquiry,Security,Mohammed Al-Rashid,28-04-2024 10.36,28-04-2024 11.36,28-04-2024 10.46,28-04-2024 10.42,Met,28-04-2024 11.27,Met,28-04-2024 11.27,3,Satisfied,Cloud,L1,Bahrain
New,327,Critical,Chat,General Inquiry,Security,Omar Al-Mansoori,02-05-2024 10.56,02-05-2024 11.56,02-05-2024 11.06,02-05-2024 11.02,Met,02-05-2024 11.38,Met,02-05-2024 11.43,2,Satisfied,Software,L3,Saudi Arabia
Open,328,High,Portal,Network Issue,IT Support,Hassan Al-Hamdan,08-05-2024 2.41,08-05-2024 4.41,08-05-2024 3.11,08-05-2024 3.07,Met,08-05-2024 4.37,Met,08-05-2024 4.38,5,Neutral,Network,L1,Oman
Resolved,329,Critical,Phone,Hardware Failure,Network Ops,Hassan Al-Hamdan,24-04-2024 4.58,24-04-2024 5.58,24-04-2024 5.08,24-04-2024 5.04,Met,24-04-2024 5.47,Met,24-04-2024 5.50,1,Satisfied,Software,L1,Saudi Arabia
In Progress,330,Medium,Portal,Hardware Failure,Development,Khalid Al-Farsi,16-05-2024 16.18,16-05-2024 19.18,16-05-2024 17.03,16-05-2024 17.15,Not Met,16-05-2024 19.09,Met,16-05-2024 19.13,1,Satisfied,Cloud,L1,Kuwait
Resolved,331,Medium,Portal,Network Issue,Security,Ahmed Al-Nasser,21-07-2024 23.17,22-07-2024 2.17,22-07-2024 0.02,21-07-2024 23.59,Met,22-07-2024 1.57,Met,22-07-2024 2.00,2,Satisfied,Hardware,L3,Saudi Arabia
New,332,Low,Email,General Inquiry,Security,Yousef Al-Khalifa,06-06-2024 7.39,06-06-2024 11.39,06-06-2024 8.39,06-06-2024 8.29,Met,06-06-2024 11.28,Met,06-06-2024 11.29,2,Neutral,Software,L2,Bahrain
In Progress,333,Medium,Phone,Hardware Failure,Customer Service,Ahmed Al-Salem,29-05-2024 8.28,29-05-2024 11.28,29-05-2024 9.13,29-05-2024 9.07,Met,29-05-2024 11.11,Met,29-05-2024 11.12,1,Satisfied,Software,L1,UAE
Open,334,Medium,Portal,Hardware Failure,Network Ops,Saif Al-Khalifa,17-06-2024 9.26,17-06-2024 12.26,17-06-2024 10.11,17-06-2024 10.10,Met,17-06-2024 12.24,Met,17-06-2024 12.25,5,Satisfied,Network,L2,UAE
Resolved,335,Medium,Phone,Hardware Failure,Network Ops,Khalid Al-Farsi,22-07-2024 21.15,23-07-2024 0.15,22-07-2024 22.00,22-07-2024 22.00,Met,23-07-2024 0.06,Met,23-07-2024 0.07,1,Dissatisfied,Software,L2,Oman
Resolved,336,Low,Phone,Hardware Failure,Network Ops,Ahmed Al-Nasser,09-08-2024 11.06,09-08-2024 15.06,09-08-2024 12.06,09-08-2024 12.13,Not Met,09-08-2024 14.49,Met,09-08-2024 14.53,5,Dissatisfied,Software,L1,UAE
In Progress,337,Critical,Email,Hardware Failure,Network Ops,Fahad Al-Rashid,21-05-2024 18.45,21-05-2024 19.45,21-05-2024 18.55,21-05-2024 18.47,Met,21-05-2024 19.41,Met,21-05-2024 19.43,1,Dissatisfied,Hardware,L1,Saudi Arabia
New,338,High,Portal,General Inquiry,Network Ops,Abdullah Al-Rashid,13-06-2024 11.26,13-06-2024 13.26,13-06-2024 11.56,13-06-2024 11.48,Met,13-06-2024 13.06,Met,13-06-2024 13.08,4,Satisfied,Software,L3,Qatar
Open,339,High,Phone,Hardware Failure,Network Ops,Yousef Al-Khalifa,23-06-2024 2.51,23-06-2024 4.51,23-06-2024 3.21,23-06-2024 3.14,Met,23-06-2024 4.35,Met,23-06-2024 4.35,4,Satisfied,Hardware,L1,Bahrain
Open,340,High,Email,Software Bug,Network Ops,Omar Al-Mansoori,20-07-2024 11.35,20-07-2024 13.35,20-07-2024 12.05,20-07-2024 11.56,Met,20-07-2024 13.29,Met,20-07-2024 13.34,2,Dissatisfied,Software,L1,Kuwait
Resolved,341,High,Chat,Software Bug,Customer Service,Yousef Al-Khalifa,29-06-2024 11.44,29-06-2024 13.44,29-06-2024 12.14,29-06-2024 12.11,Met,29-06-2024 13.38,Met,29-06-2024 13.38,1,Neutral,Cloud,L3,Saudi Arabia
In Progress,342,High,Portal,Software Bug,Development,Ahmed Al-Nasser,08-06-2024 0.58,08-06-2024 2.58,08-06-2024 1.28,08-06-2024 1.20,Met,08-06-2024 2.56,Met,08-06-2024 3.01,2,Neutral,Network,L2,Kuwait
In Progress,343,Medium,Phone,General Inquiry,Network Ops,Yousef Al-Khalifa,13-06-2024 2.42,13-06-2024 5.42,13-06-2024 3.27,13-06-2024 3.17,Met,13-06-2024 5.23,Met,13-06-2024 5.25,1,Satisfied,Cloud,L2,UAE
Open,344,High,Email,Access Request,IT Support,Abdullah Al-Rashid,03-05-2024 13.33,03-05-2024 15.33,03-05-2024 14.03,03-05-2024 13.53,Met,03-05-2024 15.31,Met,03-05-2024 15.33,4,Dissatisfied,Hardware,L1,Saudi Arabia
In Progress,345,Medium,Phone,Access Request,Security,Mohammed Al-Rashid,08-05-2024 9.48,08-05-2024 12.48,08-05-2024 10.33,08-05-2024 10.27,Met,08-05-2024 12.33,Met,08-05-2024 12.36,1,Dissatisfied,Cloud,L3,Saudi Arabia
In Progress,346,Medium,Email,Network Issue,IT Support,Yousef Al-Khalifa,18-06-2024 12.43,18-06-2024 15.43,18-06-2024 13.28,18-06-2024 13.21,Met,18-06-2024 15.32,Met,18-06-2024 15.34,1,Neutral,Cloud,L1,Qatar
Open,347,High,Portal,General Inquiry,Development,Mohammed Al-Hamdan,21-07-2024 3.19,21-07-2024 5.19,21-07-2024 3.49,21-07-2024 3.40,Met,21-07-2024 5.02,Met,21-07-2024 5.06,3,Neutral,Cloud,L2,Qatar
Resolved,348,Medium,Phone,Access Request,Customer Service,Fahad Al-Rashid,08-04-2024 18.29,08-04-2024 21.29,08-04-2024 19.14,08-04-2024 19.13,Met,08-04-2024 21.25,Met,08-04-2024 21.29,5,Neutral,Hardware,L2,UAE
Open,349,Medium,Chat,Network Issue,Development,Hassan Al-Rashid,30-05-2024 22.24,31-05-2024 1.24,30-05-2024 23.09,30-05-2024 23.05,Met,31-05-2024 1.21,Met,31-05-2024 1.22,2,Dissatisfied,Hardware,L2,Oman
In Progress,350,High,Portal,Access Request,Network Ops,Yousef Al-Khalifa,31-07-2024 12.22,31-07-2024 14.22,31-07-2024 12.52,31-07-2024 12.47,Met,31-07-2024 14.02,Met,31-07-2024 14.06,3,Satisfied,Network,L1,Bahrain
New,351,Low,Chat,Software Bug,IT Support,Abdullah Al-Rashid,19-05-2024 18.18,19-05-2024 22.18,19-05-2024 19.18,19-05-2024 19.17,Met,19-05-2024 22.12,Met,19-05-2024 22.17,2,Neutral,Network,L3,Oman
New,352,High,Phone,Software Bug,Development,Ahmed Al-Nasser,03-04-2024 12.54,03-04-2024 14.54,03-04-2024 13.24,03-04-2024 13.23,Met,03-04-2024 14.36,Met,03-04-2024 14.40,5,Neutral,Hardware,L1,Bahrain
Open,353,Low,Email,Access Request,Development,Hassan Al-Rashid,23-06-2024 5.17,23-06-2024 9.17,23-06-2024 6.17,23-06-2024 6.21,Not Met,23-06-2024 9.13,Met,23-06-2024 9.18,2,Dissatisfied,Cloud,L1,Kuwait
Closed,354,Medium,Phone,Access Request,Network Ops,Yousef Al-Khalifa,11-07-2024 13.27,11-07-2024 16.27,11-07-2024 14.12,11-07-2024 14.04,Met,11-07-2024 16.16,Met,11-07-2024 16.16,3,Neutral,Network,L3,Oman
Resolved,355,Critical,Email,Access Request,IT Support,Mohammed Al-Hamdan,25-05-2024 12.40,25-05-2024 13.40,25-05-2024 12.50,25-05-2024 12.49,Met,25-05-2024 13.37,Met,25-05-2024 13.42,1,Neutral,Software,L1,UAE
New,356,Critical,Phone,Network Issue,Development,Ahmed Al-Salem,24-06-2024 10.12,24-06-2024 11.12,24-06-2024 10.22,24-06-2024 10.15,Met,24-06-2024 10.57,Met,24-06-2024 10.58,3,Satisfied,Network,L2,Saudi Arabia
New,357,Critical,Email,Network Issue,Security,Abdullah Al-Farsi,03-05-2024 14.02,03-05-2024 15.02,03-05-2024 14.12,03-05-2024 14.09,Met,03-05-2024 14.54,Met,03-05-2024 14.58,3,Satisfied,Software,L1,Qatar
New,358,High,Portal,Software Bug,IT Support,Saif Al-Rashid,12-06-2024 4.06,12-06-2024 6.06,12-06-2024 4.36,12-06-2024 4.33,Met,12-06-2024 5.46,Met,12-06-2024 5.48,1,Dissatisfied,Cloud,L3,UAE
Open,359,Medium,Phone,Network Issue,IT Support,Abdullah Al-Rashid,14-05-2024 18.11,14-05-2024 21.11,14-05-2024 18.56,14-05-2024 18.55,Met,14-05-2024 21.09,Met,14-05-2024 21.10,3,Neutral,Hardware,L3,UAE
Open,360,High,Portal,General Inquiry,Security,Abdullah Al-Rashid,06-04-2024 1.35,06-04-2024 3.35,06-04-2024 2.05,06-04-2024 1.59,Met,06-04-2024 3.22,Met,06-04-2024 3.26,1,Dissatisfied,Hardware,L1,Kuwait
New,361,Low,Portal,General Inquiry,Network Ops,Saif Al-Rashid,16-05-2024 22.47,17-05-2024 2.47,16-05-2024 23.47,16-05-2024 23.39,Met,17-05-2024 2.35,Met,17-05-2024 2.37,1,Neutral,Hardware,L1,Saudi Arabia
Open,362,Medium,Phone,General Inquiry,Network Ops,Abdullah Al-Farsi,23-06-2024 3.12,23-06-2024 6.12,23-06-2024 3.57,23-06-2024 3.49,Met,23-06-2024 5.52,Met,23-06-2024 5.55,4,Neutral,Software,L3,Kuwait
Resolved,363,Medium,Chat,Access Request,Network Ops,Yousef Al-Khalifa,10-06-2024 7.59,10-06-2024 10.59,10-06-2024 8.44,10-06-2024 8.41,Met,10-06-2024 10.52,Met,10-06-2024 10.54,3,Dissatisfied,Cloud,L1,UAE
Closed,364,High,Portal,Access Request,IT Support,Mohammed Al-Rashid,16-06-2024 14.01,16-06-2024 16.01,16-06-2024 14.31,16-06-2024 14.31,Met,16-06-2024 15.45,Met,16-06-2024 15.47,1,Neutral,Cloud,L2,Oman
New,365,Low,Email,Network Issue,Development,Omar Al-Salem,01-07-2024 14.48,01-07-2024 18.48,01-07-2024 15.48,01-07-2024 15.47,Met,01-07-2024 18.33,Met,01-07-2024 18.35,4,Satisfied,Network,L3,Qatar
In Progress,366,Low,Phone,Network Issue,Customer Service,Hassan Al-Rashid,19-05-2024 15.57,19-05-2024 19.57,19-05-2024 16.57,19-05-2024 17.10,Not Met,19-05-2024 19.42,Met,19-05-2024 19.46,4,Neutral,Hardware,L3,Oman
Open,367,Medium,Chat,Access Request,IT Support,Omar Al-Mansoori,03-07-2024 1.26,03-07-2024 4.26,03-07-2024 2.11,03-07-2024 2.06,Met,03-07-2024 4.13,Met,03-07-2024 4.16,3,Dissatisfied,Cloud,L3,Oman
Closed,368,Low,Chat,Network Issue,Security,Fahad Al-Rashid,26-07-2024 15.00,26-07-2024 19.00,26-07-2024 16.00,26-07-2024 15.59,Met,26-07-2024 19.00,Met,26-07-2024 19.03,2,Satisfied,Network,L2,Qatar
Open,369,Medium,Email,Hardware Failure,Development,Mohammed Al-Hamdan,26-07-2024 4.43,26-07-2024 7.43,26-07-2024 5.28,26-07-2024 5.23,Met,26-07-2024 7.31,Met,26-07-2024 7.36,2,Dissatisfied,Hardware,L3,Qatar
In Progress,370,Critical,Portal,General Inquiry,Development,Mohammed Al-Hamdan,04-07-2024 17.18,04-07-2024 18.18,04-07-2024 17.28,04-07-2024 17.18,Met,04-07-2024 18.08,Met,04-07-2024 18.11,2,Dissatisfied,Software,L2,Qatar
Closed,371,Medium,Portal,Access Request,Customer Service,Saif Al-Khalifa,13-07-2024 4.45,13-07-2024 7.45,13-07-2024 5.30,13-07-2024 5.25,Met,13-07-2024 7.27,Met,13-07-2024 7.31,2,Satisfied,Cloud,L2,Bahrain
Open,372,High,Email,Network Issue,Network Ops,Ahmed Al-Salem,28-04-2024 15.20,28-04-2024 17.20,28-04-2024 15.50,28-04-2024 15.46,Met,28-04-2024 17.48,Not Met,28-04-2024 17.18,4,Dissatisfied,Cloud,L3,Oman
In Progress,373,Critical,Phone,Network Issue,Security,Ahmed Al-Salem,01-04-2024 23.00,02-04-2024 0.00,01-04-2024 23.10,01-04-2024 23.06,Met,01-04-2024 23.55,Met,01-04-2024 23.59,1,Satisfied,Network,L1,Oman
In Progress,374,Medium,Portal,General Inquiry,Development,Saif Al-Rashid,26-07-2024 3.32,26-07-2024 6.32,26-07-2024 4.17,26-07-2024 4.13,Met,26-07-2024 6.23,Met,26-07-2024 6.25,3,Neutral,Hardware,L2,UAE
In Progress,375,Medium,Phone,Access Request,IT Support,Saif Al-Rashid,23-06-2024 12.25,23-06-2024 15.25,23-06-2024 13.10,23-06-2024 13.08,Met,23-06-2024 15.17,Met,23-06-2024 15.22,5,Satisfied,Cloud,L3,Saudi Arabia
In Progress,376,High,Portal,Network Issue,Customer Service,Fahad Al-Farsi,29-06-2024 2.00,29-06-2024 4.00,29-06-2024 2.30,29-06-2024 2.26,Met,29-06-2024 3.42,Met,29-06-2024 3.47,2,Neutral,Hardware,L1,Qatar
Resolved,377,Medium,Portal,Hardware Failure,Network Ops,Fahad Al-Rashid,27-07-2024 3.00,27-07-2024 6.00,27-07-2024 3.45,27-07-2024 3.44,Met,27-07-2024 5.49,Met,27-07-2024 5.53,2,Satisfied,Hardware,L2,Bahrain
Closed,378,Medium,Portal,Hardware Failure,Network Ops,Abdullah Al-Farsi,17-07-2024 16.42,17-07-2024 19.42,17-07-2024 17.27,17-07-2024 17.18,Not Met,17-07-2024 19.24,Met,17-07-2024 19.24,2,Satisfied,Network,L1,Kuwait
Closed,379,Low,Chat,Access Request,Development,Mohammed Al-Rashid,04-05-2024 5.23,04-05-2024 9.23,04-05-2024 6.23,04-05-2024 6.21,Met,04-05-2024 9.13,Met,04-05-2024 9.18,4,Dissatisfied,Hardware,L1,Bahrain
Open,380,High,Phone,Network Issue,Customer Service,Ali Al-Khalifa,05-08-2024 3.34,05-08-2024 5.34,05-08-2024 4.04,05-08-2024 4.02,Met,05-08-2024 5.25,Met,05-08-2024 5.30,3,Satisfied,Software,L3,Bahrain
New,381,Critical,Phone,Hardware Failure,Security,Yousef Al-Khalifa,19-05-2024 23.16,20-05-2024 0.16,19-05-2024 23.26,19-05-2024 23.17,Met,20-05-2024 0.11,Met,20-05-2024 0.15,3,Satisfied,Hardware,L3,Bahrain
Closed,382,Medium,Email,Hardware Failure,Customer Service,Saif Al-Khalifa,22-07-2024 14.58,22-07-2024 17.58,22-07-2024 15.43,22-07-2024 15.41,Met,22-07-2024 17.44,Met,22-07-2024 17.48,1,Dissatisfied,Software,L3,Oman
Open,383,Critical,Chat,Hardware Failure,IT Support,Abdullah Al-Mansoori,06-05-2024 6.38,06-05-2024 7.38,06-05-2024 6.48,06-05-2024 6.47,Met,06-05-2024 7.37,Met,06-05-2024 7.38,5,Dissatisfied,Network,L1,Saudi Arabia
Closed,384,High,Chat,Access Request,Security,Saif Al-Rashid,04-05-2024 20.12,04-05-2024 22.12,04-05-2024 20.42,04-05-2024 20.42,Met,04-05-2024 21.58,Met,04-05-2024 21.59,1,Neutral,Cloud,L3,Qatar
In Progress,385,Medium,Email,Software Bug,Development,Yousef Al-Khalifa,25-05-2024 8.30,25-05-2024 11.30,25-05-2024 9.15,25-05-2024 9.10,Met,25-05-2024 11.26,Met,25-05-2024 11.30,1,Satisfied,Network,L1,Oman
Open,386,High,Portal,Access Request,Network Ops,Khalid Al-Rashid,06-05-2024 15.18,06-05-2024 17.18,06-05-2024 15.48,06-05-2024 15.39,Met,06-05-2024 17.17,Met,06-05-2024 17.20,4,Dissatisfied,Hardware,L2,Qatar
Open,387,High,Email,Access Request,Network Ops,Ahmed Al-Salem,08-05-2024 6.28,08-05-2024 8.28,08-05-2024 6.58,08-05-2024 6.50,Met,08-05-2024 8.11,Met,08-05-2024 8.12,1,Satisfied,Cloud,L2,Bahrain
Resolved,388,Medium,Email,General Inquiry,Customer Service,Yousef Al-Khalifa,10-05-2024 18.34,10-05-2024 21.34,10-05-2024 19.19,10-05-2024 19.14,Met,10-05-2024 21.34,Met,10-05-2024 21.36,3,Neutral,Hardware,L1,Qatar
Resolved,389,Medium,Chat,Software Bug,IT Support,Saif Al-Rashid,31-05-2024 20.29,31-05-2024 23.29,31-05-2024 21.14,31-05-2024 21.09,Met,31-05-2024 23.25,Met,31-05-2024 23.26,2,Dissatisfied,Cloud,L2,Kuwait
Resolved,390,Low,Chat,General Inquiry,Network Ops,Mohammed Al-Hamdan,04-08-2024 13.54,04-08-2024 17.54,04-08-2024 14.54,04-08-2024 14.44,Met,04-08-2024 17.42,Met,04-08-2024 17.44,2,Neutral,Hardware,L3,Oman
Resolved,391,Medium,Portal,Software Bug,IT Support,Khalid Al-Rashid,25-05-2024 17.26,25-05-2024 20.26,25-05-2024 18.11,25-05-2024 18.04,Met,25-05-2024 20.08,Met,25-05-2024 20.11,2,Dissatisfied,Cloud,L1,Bahrain
New,392,High,Phone,Software Bug,Security,Khalid Al-Rashid,03-05-2024 22.20,04-05-2024 0.20,03-05-2024 22.50,03-05-2024 22.41,Met,04-05-2024 0.20,Met,04-05-2024 0.24,2,Satisfied,Hardware,L2,Bahrain
New,393,Low,Phone,Hardware Failure,Network Ops,Mohammed Al-Rashid,21-06-2024 3.18,21-06-2024 7.18,21-06-2024 4.18,21-06-2024 4.14,Met,21-06-2024 7.11,Met,21-06-2024 7.16,5,Neutral,Hardware,L2,Oman
Resolved,394,Low,Phone,General Inquiry,Security,Saif Al-Rashid,12-07-2024 18.01,12-07-2024 22.01,12-07-2024 19.01,12-07-2024 19.01,Met,12-07-2024 21.44,Met,12-07-2024 21.47,5,Dissatisfied,Cloud,L1,Bahrain
Closed,395,Medium,Phone,Access Request,IT Support,Ahmed Al-Nasser,19-05-2024 16.08,19-05-2024 19.08,19-05-2024 16.53,19-05-2024 16.44,Met,19-05-2024 18.54,Met,19-05-2024 18.57,3,Neutral,Network,L2,UAE
New,396,Medium,Email,Software Bug,IT Support,Yousef Al-Sabah,01-04-2024 1.12,01-04-2024 4.12,01-04-2024 1.57,01-04-2024 1.48,Met,01-04-2024 4.05,Met,01-04-2024 4.07,4,Dissatisfied,Network,L1,UAE
In Progress,397,Critical,Portal,Hardware Failure,Customer Service,Khalid Al-Rashid,13-04-2024 4.00,13-04-2024 5.00,13-04-2024 4.10,13-04-2024 4.05,Met,13-04-2024 4.53,Met,13-04-2024 4.58,1,Dissatisfied,Software,L1,Oman
Open,398,High,Chat,General Inquiry,Security,Saif Al-Rashid,15-05-2024 3.21,15-05-2024 5.21,15-05-2024 3.51,15-05-2024 3.50,Met,15-05-2024 5.18,Met,15-05-2024 5.22,5,Satisfied,Software,L1,Kuwait
New,399,Critical,Email,Software Bug,Security,Fahad Al-Rashid,19-05-2024 11.19,19-05-2024 12.19,19-05-2024 11.29,19-05-2024 11.29,Met,19-05-2024 12.17,Met,19-05-2024 12.22,1,Satisfied,Network,L2,Qatar
New,400,Critical,Email,Network Issue,Customer Service,Fahad Al-Rashid,26-06-2024 0.29,26-06-2024 1.29,26-06-2024 0.39,26-06-2024 0.38,Met,26-06-2024 1.12,Met,26-06-2024 1.13,1,Dissatisfied,Network,L2,Bahrain
Resolved,401,Critical,Email,Network Issue,Network Ops,Ahmed Al-Salem,15-06-2024 19.21,15-06-2024 20.21,15-06-2024 19.31,15-06-2024 19.28,Met,15-06-2024 20.12,Met,15-06-2024 20.13,4,Dissatisfied,Software,L3,Qatar
Closed,402,Medium,Chat,General Inquiry,Customer Service,Mohammed Al-Hamdan,29-05-2024 8.47,29-05-2024 11.47,29-05-2024 9.32,29-05-2024 9.30,Met,29-05-2024 11.40,Met,29-05-2024 11.42,4,Satisfied,Software,L3,Kuwait
New,403,Medium,Portal,Software Bug,Development,Ahmed Al-Salem,31-07-2024 16.48,31-07-2024 19.48,31-07-2024 17.33,31-07-2024 17.23,Met,31-07-2024 19.32,Met,31-07-2024 19.34,2,Satisfied,Network,L3,Bahrain
Resolved,404,Low,Chat,Network Issue,IT Support,Abdullah Al-Rashid,24-06-2024 2.31,24-06-2024 6.31,24-06-2024 3.31,24-06-2024 3.25,Met,24-06-2024 6.16,Met,24-06-2024 6.21,5,Neutral,Network,L1,Kuwait
New,405,High,Phone,General Inquiry,IT Support,Ahmed Al-Salem,03-08-2024 4.43,03-08-2024 6.43,03-08-2024 5.13,03-08-2024 5.06,Met,03-08-2024 6.32,Met,03-08-2024 6.33,5,Neutral,Hardware,L3,UAE
Resolved,406,High,Portal,Software Bug,Development,Saif Al-Rashid,03-08-2024 16.45,03-08-2024 18.45,03-08-2024 17.15,03-08-2024 17.10,Met,03-08-2024 18.31,Met,03-08-2024 18.33,3,Satisfied,Software,L1,Kuwait
Closed,407,Medium,Portal,Software Bug,Customer Service,Fahad Al-Farsi,29-06-2024 4.46,29-06-2024 7.46,29-06-2024 5.31,29-06-2024 5.26,Met,29-06-2024 7.32,Met,29-06-2024 7.32,1,Neutral,Hardware,L2,Saudi Arabia
Closed,408,High,Chat,Network Issue,Customer Service,Abdullah Al-Farsi,21-06-2024 23.32,22-06-2024 1.32,22-06-2024 0.02,21-06-2024 23.56,Met,22-06-2024 1.21,Met,22-06-2024 1.25,3,Dissatisfied,Network,L3,Bahrain
Open,409,High,Portal,General Inquiry,Security,Abdullah Al-Rashid,04-07-2024 3.28,04-07-2024 5.28,04-07-2024 3.58,04-07-2024 3.56,Met,04-07-2024 5.21,Met,04-07-2024 5.26,5,Satisfied,Hardware,L3,UAE
Closed,410,Low,Portal,Network Issue,Security,Saif Al-Rashid,30-07-2024 1.19,30-07-2024 5.19,30-07-2024 2.19,30-07-2024 2.19,Met,30-07-2024 5.07,Met,30-07-2024 5.07,5,Neutral,Cloud,L2,Saudi Arabia
New,411,High,Phone,Network Issue,Network Ops,Yousef Al-Khalifa,25-06-2024 19.49,25-06-2024 21.49,25-06-2024 20.19,25-06-2024 20.12,Met,25-06-2024 21.32,Met,25-06-2024 21.37,3,Neutral,Hardware,L1,Kuwait
In Progress,412,Low,Email,Software Bug,Security,Abdullah Al-Mansoori,12-06-2024 5.56,12-06-2024 9.56,12-06-2024 6.56,12-06-2024 6.53,Met,12-06-2024 9.49,Met,12-06-2024 9.54,3,Neutral,Hardware,L3,Kuwait
Closed,413,Critical,Chat,Access Request,Security,Mohammed Al-Rashid,27-07-2024 23.29,28-07-2024 0.29,27-07-2024 23.39,27-07-2024 23.29,Met,28-07-2024 0.18,Met,28-07-2024 0.22,3,Satisfied,Hardware,L1,Oman
Resolved,414,Critical,Chat,Software Bug,Customer Service,Ali Al-Khalifa,17-06-2024 20.25,17-06-2024 21.25,17-06-2024 20.35,17-06-2024 20.32,Met,17-06-2024 21.08,Met,17-06-2024 21.10,4,Dissatisfied,Hardware,L2,Kuwait
Open,415,Medium,Phone,Hardware Failure,IT Support,Saif Al-Khalifa,31-05-2024 23.24,01-06-2024 2.24,01-06-2024 0.09,01-06-2024 0.00,Met,01-06-2024 2.15,Met,01-06-2024 2.19,5,Dissatisfied,Hardware,L2,UAE
Resolved,416,Low,Chat,Access Request,Customer Service,Mohammed Al-Hamdan,06-04-2024 23.34,07-04-2024 3.34,07-04-2024 0.34,07-04-2024 0.30,Met,07-04-2024 3.17,Met,07-04-2024 3.22,1,Satisfied,Software,L1,Saudi Arabia
Closed,417,Medium,Chat,Hardware Failure,Development,Mohammed Al-Hamdan,26-05-2024 18.17,26-05-2024 21.17,26-05-2024 19.02,26-05-2024 19.01,Met,26-05-2024 21.11,Met,26-05-2024 21.12,2,Neutral,Cloud,L3,Oman
Resolved,418,Critical,Chat,Access Request,Security,Saif Al-Rashid,08-06-2024 10.11,08-06-2024 11.11,08-06-2024 10.21,08-06-2024 10.18,Met,08-06-2024 11.04,Met,08-06-2024 11.04,2,Neutral,Software,L1,Bahrain
In Progress,419,Low,Chat,General Inquiry,IT Support,Ahmed Al-Salem,13-07-2024 6.04,13-07-2024 10.04,13-07-2024 7.04,13-07-2024 7.01,Met,13-07-2024 9.46,Met,13-07-2024 9.47,3,Satisfied,Hardware,L1,Kuwait
Closed,420,Low,Portal,Access Request,Development,Khalid Al-Rashid,04-06-2024 3.11,04-06-2024 7.11,04-06-2024 4.11,04-06-2024 4.11,Met,04-06-2024 7.02,Met,04-06-2024 7.04,2,Dissatisfied,Network,L3,Oman
Resolved,421,Critical,Phone,General Inquiry,IT Support,Saif Al-Rashid,26-07-2024 3.09,26-07-2024 4.09,26-07-2024 3.19,26-07-2024 3.16,Met,26-07-2024 4.07,Met,26-07-2024 4.12,2,Satisfied,Software,L3,Bahrain
Open,422,Medium,Phone,Access Request,IT Support,Fahad Al-Rashid,23-05-2024 9.59,23-05-2024 12.59,23-05-2024 10.44,23-05-2024 10.35,Met,23-05-2024 12.58,Met,23-05-2024 12.59,1,Satisfied,Cloud,L2,Saudi Arabia
Resolved,423,Medium,Chat,Hardware Failure,Security,Saif Al-Khalifa,11-04-2024 2.40,11-04-2024 5.40,11-04-2024 3.25,11-04-2024 3.23,Met,11-04-2024 5.21,Met,11-04-2024 5.24,3,Neutral,Hardware,L1,UAE
In Progress,424,Low,Phone,General Inquiry,IT Support,Mohammed Al-Hamdan,14-04-2024 9.08,14-04-2024 13.08,14-04-2024 10.08,14-04-2024 9.58,Met,14-04-2024 12.57,Met,14-04-2024 13.01,5,Dissatisfied,Hardware,L2,Kuwait
Resolved,425,Critical,Email,Software Bug,IT Support,Saif Al-Rashid,09-05-2024 15.34,09-05-2024 16.34,09-05-2024 15.44,09-05-2024 15.37,Met,09-05-2024 16.25,Met,09-05-2024 16.26,1,Neutral,Network,L3,Bahrain
Open,426,Critical,Phone,Software Bug,Security,Abdullah Al-Rashid,21-06-2024 0.53,21-06-2024 1.53,21-06-2024 1.03,21-06-2024 0.54,Met,21-06-2024 1.48,Met,21-06-2024 1.50,5,Dissatisfied,Software,L1,Qatar
Resolved,427,Low,Portal,Software Bug,Customer Service,Abdullah Al-Farsi,30-06-2024 4.35,30-06-2024 8.35,30-06-2024 5.35,30-06-2024 5.31,Met,30-06-2024 8.15,Met,30-06-2024 8.18,3,Dissatisfied,Cloud,L2,Qatar
Open,428,Critical,Phone,General Inquiry,Network Ops,Saif Al-Rashid,10-07-2024 8.16,10-07-2024 9.16,10-07-2024 8.26,10-07-2024 8.21,Met,10-07-2024 9.15,Met,10-07-2024 9.19,5,Neutral,Software,L2,Saudi Arabia
Open,429,Critical,Phone,Network Issue,Customer Service,Fahad Al-Rashid,07-04-2024 0.09,07-04-2024 1.09,07-04-2024 0.19,07-04-2024 0.19,Met,07-04-2024 1.01,Met,07-04-2024 1.02,2,Neutral,Hardware,L3,Kuwait
In Progress,430,High,Chat,Access Request,IT Support,Abdullah Al-Mansoori,30-05-2024 23.31,31-05-2024 1.31,31-05-2024 0.01,30-05-2024 23.55,Met,31-05-2024 1.18,Met,31-05-2024 1.23,2,Satisfied,Network,L2,Kuwait
Open,431,High,Portal,Hardware Failure,IT Support,Yousef Al-Khalifa,15-05-2024 0.35,15-05-2024 2.35,15-05-2024 1.05,15-05-2024 0.55,Met,15-05-2024 2.25,Met,15-05-2024 2.28,4,Neutral,Cloud,L3,Oman
Resolved,432,Critical,Phone,Hardware Failure,Security,Hassan Al-Rashid,25-05-2024 2.06,25-05-2024 3.06,25-05-2024 2.16,25-05-2024 2.15,Met,25-05-2024 2.56,Met,25-05-2024 2.57,4,Dissatisfied,Network,L2,Qatar
Resolved,433,Medium,Phone,Access Request,Network Ops,Omar Al-Salem,25-06-2024 19.39,25-06-2024 22.39,25-06-2024 20.24,25-06-2024 20.14,Met,25-06-2024 22.30,Met,25-06-2024 22.34,2,Satisfied,Software,L3,Kuwait
Resolved,434,Critical,Portal,Hardware Failure,Customer Service,Fahad Al-Rashid,23-06-2024 11.37,23-06-2024 12.37,23-06-2024 11.47,23-06-2024 11.42,Met,23-06-2024 12.21,Met,23-06-2024 12.26,2,Dissatisfied,Cloud,L1,Saudi Arabia
In Progress,435,Critical,Chat,Software Bug,Customer Service,Hassan Al-Hamdan,24-07-2024 21.48,24-07-2024 22.48,24-07-2024 21.58,24-07-2024 21.49,Met,24-07-2024 22.29,Met,24-07-2024 22.32,1,Dissatisfied,Hardware,L1,Kuwait
Closed,436,Medium,Portal,Access Request,IT Support,Khalid Al-Rashid,10-06-2024 0.10,10-06-2024 3.10,10-06-2024 0.55,10-06-2024 0.47,Met,10-06-2024 2.58,Met,10-06-2024 3.03,5,Satisfied,Network,L2,Qatar
Resolved,437,Medium,Phone,Hardware Failure,Security,Ali Al-Khalifa,25-04-2024 19.05,25-04-2024 22.05,25-04-2024 19.50,25-04-2024 19.49,Met,25-04-2024 21.46,Met,25-04-2024 21.46,5,Dissatisfied,Software,L1,Saudi Arabia
Open,438,High,Chat,Network Issue,Development,Yousef Al-Khalifa,05-05-2024 1.14,05-05-2024 3.14,05-05-2024 1.44,05-05-2024 1.38,Met,05-05-2024 3.04,Met,05-05-2024 3.04,3,Neutral,Cloud,L2,Saudi Arabia
Resolved,439,Low,Email,Hardware Failure,Customer Service,Saif Al-Rashid,01-06-2024 21.42,02-06-2024 1.42,01-06-2024 22.42,01-06-2024 22.34,Met,02-06-2024 1.25,Met,02-06-2024 1.28,4,Neutral,Cloud,L1,Kuwait
In Progress,440,Medium,Phone,Network Issue,IT Support,Yousef Al-Khalifa,14-06-2024 2.09,14-06-2024 5.09,14-06-2024 2.54,14-06-2024 2.44,Met,14-06-2024 5.05,Met,14-06-2024 5.08,5,Satisfied,Network,L2,Saudi Arabia
In Progress,441,Critical,Phone,Access Request,Network Ops,Khalid Al-Farsi,29-04-2024 18.09,29-04-2024 19.09,29-04-2024 18.19,29-04-2024 18.15,Met,29-04-2024 19.02,Met,29-04-2024 19.02,5,Dissatisfied,Software,L3,Oman
Resolved,442,Low,Portal,Software Bug,Network Ops,Abdullah Al-Rashid,02-04-2024 12.35,02-04-2024 16.35,02-04-2024 13.35,02-04-2024 13.34,Met,02-04-2024 16.30,Met,02-04-2024 16.35,5,Dissatisfied,Network,L1,Kuwait
Closed,443,Medium,Chat,Access Request,Development,Mohammed Al-Rashid,09-04-2024 11.36,09-04-2024 14.36,09-04-2024 12.21,09-04-2024 12.11,Met,09-04-2024 14.22,Met,09-04-2024 14.23,5,Satisfied,Network,L1,Saudi Arabia
Resolved,444,Low,Email,General Inquiry,Development,Yousef Al-Khalifa,07-04-2024 10.05,07-04-2024 14.05,07-04-2024 11.05,07-04-2024 10.58,Met,07-04-2024 14.00,Met,07-04-2024 14.00,4,Dissatisfied,Cloud,L2,Saudi Arabia
New,445,Low,Email,Network Issue,Security,Abdullah Al-Rashid,16-07-2024 17.35,16-07-2024 21.35,16-07-2024 18.35,16-07-2024 18.35,Met,16-07-2024 21.25,Met,16-07-2024 21.28,1,Satisfied,Network,L3,UAE
In Progress,446,Low,Email,Network Issue,Development,Mohammed Al-Hamdan,10-05-2024 18.46,10-05-2024 22.46,10-05-2024 19.46,10-05-2024 19.41,Met,10-05-2024 22.26,Met,10-05-2024 22.30,4,Neutral,Hardware,L1,UAE
Closed,447,High,Email,Hardware Failure,Security,Mohammed Al-Hamdan,17-05-2024 22.18,18-05-2024 0.18,17-05-2024 22.48,17-05-2024 22.44,Met,18-05-2024 0.07,Met,18-05-2024 0.07,2,Dissatisfied,Cloud,L2,Kuwait
In Progress,448,Critical,Phone,Software Bug,Security,Abdullah Al-Farsi,05-04-2024 18.09,05-04-2024 19.09,05-04-2024 18.19,05-04-2024 18.14,Met,05-04-2024 19.03,Met,05-04-2024 19.06,5,Satisfied,Software,L1,Kuwait
Open,449,Low,Portal,Hardware Failure,Customer Service,Mohammed Al-Hamdan,20-06-2024 18.33,20-06-2024 22.33,20-06-2024 19.33,20-06-2024 19.33,Met,20-06-2024 22.14,Met,20-06-2024 22.14,1,Satisfied,Software,L2,Saudi Arabia
Resolved,450,Medium,Portal,Access Request,Network Ops,Abdullah Al-Rashid,09-08-2024 7.33,09-08-2024 10.33,09-08-2024 8.18,09-08-2024 8.17,Met,09-08-2024 10.30,Met,09-08-2024 10.34,3,Neutral,Hardware,L1,Oman
Resolved,451,Medium,Portal,General Inquiry,IT Support,Fahad Al-Rashid,02-06-2024 10.56,02-06-2024 13.56,02-06-2024 11.41,02-06-2024 11.36,Met,02-06-2024 13.55,Met,02-06-2024 13.58,4,Satisfied,Hardware,L2,Bahrain
In Progress,452,High,Portal,Network Issue,IT Support,Mohammed Al-Hamdan,02-05-2024 6.07,02-05-2024 8.07,02-05-2024 6.37,02-05-2024 6.30,Met,02-05-2024 8.06,Met,02-05-2024 8.11,2,Dissatisfied,Hardware,L3,Saudi Arabia
Resolved,453,Medium,Email,Access Request,Network Ops,Abdullah Al-Mansoori,07-08-2024 12.32,07-08-2024 15.32,07-08-2024 13.17,07-08-2024 13.08,Met,07-08-2024 15.27,Met,07-08-2024 15.27,2,Neutral,Hardware,L2,Qatar
Resolved,454,Medium,Portal,Hardware Failure,IT Support,Yousef Al-Khalifa,08-08-2024 12.13,08-08-2024 15.13,08-08-2024 12.58,08-08-2024 12.52,Met,08-08-2024 15.07,Met,08-08-2024 15.11,1,Neutral,Cloud,L1,Kuwait
New,455,Critical,Portal,Network Issue,Customer Service,Abdullah Al-Rashid,07-04-2024 9.38,07-04-2024 10.38,07-04-2024 9.48,07-04-2024 9.45,Met,07-04-2024 10.32,Met,07-04-2024 10.34,4,Neutral,Cloud,L3,UAE
Closed,456,Medium,Phone,Network Issue,Customer Service,Abdullah Al-Rashid,31-05-2024 22.40,01-06-2024 1.40,31-05-2024 23.25,31-05-2024 23.16,Met,01-06-2024 1.21,Met,01-06-2024 1.21,5,Satisfied,Network,L1,Kuwait
In Progress,457,Medium,Portal,Software Bug,Customer Service,Abdullah Al-Farsi,07-06-2024 6.59,07-06-2024 9.59,07-06-2024 7.44,07-06-2024 7.35,Met,07-06-2024 9.46,Met,07-06-2024 9.48,3,Dissatisfied,Cloud,L3,Qatar
Closed,458,High,Phone,General Inquiry,Development,Fahad Al-Rashid,24-04-2024 5.50,24-04-2024 7.50,24-04-2024 6.20,24-04-2024 6.13,Met,24-04-2024 7.45,Met,24-04-2024 7.49,2,Dissatisfied,Software,L2,Oman
In Progress,459,Critical,Email,Hardware Failure,Security,Ali Al-Khalifa,09-07-2024 5.45,09-07-2024 6.45,09-07-2024 5.55,09-07-2024 5.45,Met,09-07-2024 6.38,Met,09-07-2024 6.39,4,Dissatisfied,Network,L1,Oman
Closed,460,Low,Phone,Access Request,Development,Mohammed Al-Rashid,12-04-2024 18.56,12-04-2024 22.56,12-04-2024 19.56,12-04-2024 19.46,Met,12-04-2024 22.54,Met,12-04-2024 22.54,3,Dissatisfied,Software,L3,Saudi Arabia
Resolved,461,High,Portal,Hardware Failure,Customer Service,Hassan Al-Hamdan,05-08-2024 19.48,05-08-2024 21.48,05-08-2024 20.18,05-08-2024 20.13,Met,05-08-2024 21.28,Met,05-08-2024 21.31,5,Dissatisfied,Network,L1,Saudi Arabia
New,462,High,Email,General Inquiry,IT Support,Ahmed Al-Nasser,13-05-2024 3.17,13-05-2024 5.17,13-05-2024 3.47,13-05-2024 3.38,Met,13-05-2024 5.10,Met,13-05-2024 5.10,2,Satisfied,Cloud,L3,Saudi Arabia
Closed,463,Low,Phone,General Inquiry,Network Ops,Abdullah Al-Farsi,26-07-2024 15.32,26-07-2024 19.32,26-07-2024 16.32,26-07-2024 16.49,Not Met,26-07-2024 19.13,Met,26-07-2024 19.17,2,Dissatisfied,Network,L3,Kuwait
New,464,Low,Portal,Hardware Failure,IT Support,Yousef Al-Khalifa,14-05-2024 10.45,14-05-2024 14.45,14-05-2024 11.45,14-05-2024 11.45,Met,14-05-2024 14.44,Met,14-05-2024 14.45,2,Satisfied,Cloud,L1,Qatar
Closed,465,Low,Phone,Software Bug,IT Support,Saif Al-Rashid,02-05-2024 22.18,03-05-2024 2.18,02-05-2024 23.18,02-05-2024 23.18,Met,03-05-2024 2.01,Met,03-05-2024 2.05,4,Dissatisfied,Hardware,L3,UAE
Open,466,Medium,Email,Access Request,Development,Ahmed Al-Salem,26-06-2024 13.35,26-06-2024 16.35,26-06-2024 14.20,26-06-2024 14.10,Met,26-06-2024 16.34,Met,26-06-2024 16.38,1,Neutral,Software,L3,Bahrain
In Progress,467,Medium,Email,Hardware Failure,Customer Service,Fahad Al-Rashid,29-07-2024 5.12,29-07-2024 8.12,29-07-2024 5.57,29-07-2024 5.47,Met,29-07-2024 8.03,Met,29-07-2024 8.05,4,Dissatisfied,Software,L1,Oman
Closed,468,Critical,Email,Software Bug,Security,Ahmed Al-Nasser,22-07-2024 17.46,22-07-2024 18.46,22-07-2024 17.56,22-07-2024 17.56,Met,22-07-2024 18.43,Met,22-07-2024 18.43,1,Satisfied,Cloud,L1,Oman
In Progress,469,High,Portal,Network Issue,Network Ops,Fahad Al-Rashid,24-04-2024 2.11,24-04-2024 4.11,24-04-2024 2.41,24-04-2024 2.37,Met,24-04-2024 4.09,Met,24-04-2024 4.10,4,Neutral,Network,L3,UAE
Resolved,470,Critical,Email,General Inquiry,Customer Service,Omar Al-Mansoori,04-07-2024 15.36,04-07-2024 16.36,04-07-2024 15.46,04-07-2024 15.43,Met,04-07-2024 16.28,Met,04-07-2024 16.29,5,Neutral,Cloud,L3,Kuwait
Closed,471,Low,Portal,General Inquiry,Customer Service,Abdullah Al-Farsi,05-07-2024 23.51,06-07-2024 3.51,06-07-2024 0.51,06-07-2024 0.49,Met,06-07-2024 3.35,Met,06-07-2024 3.36,4,Satisfied,Hardware,L3,Qatar
New,472,High,Email,Access Request,IT Support,Khalid Al-Farsi,07-07-2024 4.29,07-07-2024 6.29,07-07-2024 4.59,07-07-2024 4.52,Met,07-07-2024 6.23,Met,07-07-2024 6.27,4,Neutral,Cloud,L3,Saudi Arabia
New,473,High,Email,Network Issue,Customer Service,Mohammed Al-Hamdan,12-06-2024 19.26,12-06-2024 21.26,12-06-2024 19.56,12-06-2024 19.48,Met,12-06-2024 21.25,Met,12-06-2024 21.27,5,Dissatisfied,Software,L3,Saudi Arabia
In Progress,474,Critical,Email,Network Issue,Development,Mohammed Al-Hamdan,27-06-2024 4.39,27-06-2024 5.39,27-06-2024 4.49,27-06-2024 4.42,Met,27-06-2024 5.35,Met,27-06-2024 5.40,5,Neutral,Hardware,L2,UAE
Open,475,Low,Portal,General Inquiry,Customer Service,Abdullah Al-Rashid,01-06-2024 12.34,01-06-2024 16.34,01-06-2024 13.34,01-06-2024 13.30,Met,01-06-2024 16.34,Met,01-06-2024 16.34,1,Satisfied,Hardware,L1,Kuwait
New,476,High,Email,Access Request,Network Ops,Abdullah Al-Farsi,26-04-2024 21.09,26-04-2024 23.09,26-04-2024 21.39,26-04-2024 21.33,Met,26-04-2024 23.07,Met,26-04-2024 23.12,5,Satisfied,Network,L3,Kuwait
Resolved,477,Medium,Email,Software Bug,Security,Ahmed Al-Nasser,20-07-2024 6.23,20-07-2024 9.23,20-07-2024 7.08,20-07-2024 7.00,Met,20-07-2024 9.21,Met,20-07-2024 9.24,3,Dissatisfied,Software,L3,UAE
In Progress,478,Low,Portal,Software Bug,Customer Service,Fahad Al-Farsi,06-04-2024 0.42,06-04-2024 4.42,06-04-2024 1.42,06-04-2024 1.41,Met,06-04-2024 4.23,Met,06-04-2024 4.27,3,Satisfied,Cloud,L3,Bahrain
Closed,479,High,Phone,Access Request,IT Support,Hassan Al-Rashid,25-07-2024 2.38,25-07-2024 4.38,25-07-2024 3.08,25-07-2024 2.58,Met,25-07-2024 4.24,Met,25-07-2024 4.25,5,Dissatisfied,Hardware,L2,Qatar
Resolved,480,High,Chat,Software Bug,Development,Omar Al-Mansoori,27-05-2024 20.59,27-05-2024 22.59,27-05-2024 21.29,27-05-2024 21.22,Met,27-05-2024 22.54,Met,27-05-2024 22.56,2,Satisfied,Software,L1,Bahrain
Open,481,High,Email,General Inquiry,Customer Service,Ahmed Al-Nasser,15-05-2024 23.57,16-05-2024 1.57,16-05-2024 0.27,16-05-2024 0.22,Met,16-05-2024 1.45,Met,16-05-2024 1.49,3,Satisfied,Software,L1,Bahrain
Resolved,482,Critical,Portal,General Inquiry,Customer Service,Omar Al-Mansoori,14-07-2024 18.55,14-07-2024 19.55,14-07-2024 19.05,14-07-2024 18.58,Met,14-07-2024 19.43,Met,14-07-2024 19.45,2,Satisfied,Cloud,L3,Kuwait
In Progress,483,Medium,Email,Access Request,Development,Hassan Al-Hamdan,11-08-2024 16.39,11-08-2024 19.39,11-08-2024 17.24,11-08-2024 17.16,Met,11-08-2024 19.32,Met,11-08-2024 19.34,1,Satisfied,Software,L3,Qatar
Closed,484,Low,Email,Hardware Failure,Security,Saif Al-Rashid,14-06-2024 17.51,14-06-2024 21.51,14-06-2024 18.51,14-06-2024 18.43,Met,14-06-2024 21.47,Met,14-06-2024 21.48,1,Dissatisfied,Software,L3,UAE
Resolved,485,Medium,Chat,General Inquiry,Security,Ahmed Al-Nasser,26-06-2024 16.14,26-06-2024 19.14,26-06-2024 16.59,26-06-2024 16.54,Met,26-06-2024 19.00,Met,26-06-2024 19.01,1,Satisfied,Cloud,L2,Qatar
Open,486,Critical,Portal,Software Bug,IT Support,Yousef Al-Khalifa,05-07-2024 7.03,05-07-2024 8.03,05-07-2024 7.13,05-07-2024 7.07,Met,05-07-2024 7.53,Met,05-07-2024 7.58,5,Neutral,Software,L2,Oman
In Progress,487,Medium,Chat,Network Issue,IT Support,Abdullah Al-Mansoori,16-06-2024 3.12,16-06-2024 6.12,16-06-2024 3.57,16-06-2024 3.51,Met,16-06-2024 6.09,Met,16-06-2024 6.14,5,Dissatisfied,Cloud,L1,Oman
In Progress,488,Critical,Chat,Software Bug,Development,Khalid Al-Rashid,27-07-2024 16.11,27-07-2024 17.11,27-07-2024 16.21,27-07-2024 16.11,Met,27-07-2024 17.00,Met,27-07-2024 17.01,5,Satisfied,Hardware,L2,Kuwait
Resolved,489,Critical,Chat,Hardware Failure,Customer Service,Mohammed Al-Rashid,17-04-2024 9.54,17-04-2024 10.54,17-04-2024 10.04,17-04-2024 9.54,Met,17-04-2024 10.52,Met,17-04-2024 10.57,2,Dissatisfied,Hardware,L3,Kuwait
Open,490,Medium,Chat,General Inquiry,Security,Saif Al-Khalifa,09-04-2024 10.31,09-04-2024 13.31,09-04-2024 11.16,09-04-2024 11.07,Met,09-04-2024 13.12,Met,09-04-2024 13.17,4,Neutral,Software,L1,UAE
Closed,491,Critical,Chat,General Inquiry,Network Ops,Mohammed Al-Rashid,03-05-2024 8.52,03-05-2024 9.52,03-05-2024 9.02,03-05-2024 9.00,Met,03-05-2024 9.36,Met,03-05-2024 9.38,5,Satisfied,Hardware,L1,Oman
Resolved,492,High,Email,Access Request,Development,Omar Al-Salem,07-08-2024 14.40,07-08-2024 16.40,07-08-2024 15.10,07-08-2024 15.01,Met,07-08-2024 16.25,Met,07-08-2024 16.25,4,Satisfied,Network,L1,Kuwait
New,493,High,Chat,General Inquiry,Customer Service,Hassan Al-Rashid,07-08-2024 23.50,08-08-2024 1.50,08-08-2024 0.20,08-08-2024 0.20,Met,08-08-2024 1.31,Met,08-08-2024 1.33,2,Satisfied,Cloud,L2,Oman
In Progress,494,Medium,Email,Hardware Failure,Network Ops,Mohammed Al-Rashid,08-05-2024 9.18,08-05-2024 12.18,08-05-2024 10.03,08-05-2024 10.11,Not Met,08-05-2024 12.03,Met,08-05-2024 12.05,1,Neutral,Cloud,L2,Kuwait
Closed,495,Critical,Chat,Network Issue,Security,Fahad Al-Rashid,14-06-2024 13.14,14-06-2024 14.14,14-06-2024 13.24,14-06-2024 13.16,Met,14-06-2024 14.07,Met,14-06-2024 14.10,1,Neutral,Network,L3,Bahrain
Open,496,Critical,Email,General Inquiry,Development,Ali Al-Khalifa,01-06-2024 8.52,01-06-2024 9.52,01-06-2024 9.02,01-06-2024 9.00,Met,01-06-2024 9.33,Met,01-06-2024 9.35,4,Neutral,Network,L3,Oman
New,497,Medium,Portal,Hardware Failure,Security,Ahmed Al-Nasser,18-06-2024 13.13,18-06-2024 16.13,18-06-2024 13.58,18-06-2024 13.56,Met,18-06-2024 16.11,Met,18-06-2024 16.15,3,Neutral,Hardware,L2,UAE
Open,498,High,Email,Hardware Failure,Development,Saif Al-Khalifa,28-04-2024 6.43,28-04-2024 8.43,28-04-2024 7.13,28-04-2024 7.04,Met,28-04-2024 8.28,Met,28-04-2024 8.30,1,Dissatisfied,Network,L2,Qatar
Open,499,Medium,Phone,Access Request,Customer Service,Abdullah Al-Rashid,05-04-2024 11.02,05-04-2024 14.02,05-04-2024 11.47,05-04-2024 11.37,Met,05-04-2024 13.50,Met,05-04-2024 13.50,5,Neutral,Software,L3,Kuwait
Closed,500,Low,Email,Access Request,Security,Khalid Al-Rashid,16-05-2024 8.21,16-05-2024 12.21,16-05-2024 9.21,16-05-2024 9.13,Met,16-05-2024 12.09,Met,16-05-2024 12.10,4,Satisfied,Hardware,L1,Bahrain
Open,501,Medium,Phone,Access Request,Security,Abdullah Al-Rashid,24-07-2024 23.39,25-07-2024 2.39,25-07-2024 0.24,25-07-2024 0.14,Met,25-07-2024 2.32,Met,25-07-2024 2.37,4,Satisfied,Software,L3,Bahrain
Closed,502,Medium,Phone,Software Bug,Network Ops,Abdullah Al-Farsi,26-05-2024 5.01,26-05-2024 8.01,26-05-2024 5.46,26-05-2024 5.43,Met,26-05-2024 7.54,Met,26-05-2024 7.59,5,Dissatisfied,Cloud,L2,Saudi Arabia
New,503,Low,Email,Hardware Failure,Development,Fahad Al-Farsi,06-04-2024 4.30,06-04-2024 8.30,06-04-2024 5.30,06-04-2024 5.25,Met,06-04-2024 8.13,Met,06-04-2024 8.14,5,Satisfied,Software,L3,Bahrain
In Progress,504,Critical,Chat,Network Issue,IT Support,Mohammed Al-Rashid,25-06-2024 7.27,25-06-2024 8.27,25-06-2024 7.37,25-06-2024 7.36,Met,25-06-2024 8.14,Met,25-06-2024 8.18,1,Dissatisfied,Cloud,L1,UAE
Resolved,505,High,Email,Network Issue,IT Support,Fahad Al-Farsi,06-04-2024 7.12,06-04-2024 9.12,06-04-2024 7.42,06-04-2024 7.35,Met,06-04-2024 9.08,Met,06-04-2024 9.08,2,Neutral,Software,L3,Bahrain
Resolved,506,Low,Chat,Hardware Failure,Development,Saif Al-Khalifa,31-05-2024 14.35,31-05-2024 18.35,31-05-2024 15.35,31-05-2024 15.27,Met,31-05-2024 18.34,Met,31-05-2024 18.39,1,Dissatisfied,Hardware,L2,Saudi Arabia
Open,507,Medium,Chat,General Inquiry,IT Support,Abdullah Al-Mansoori,29-07-2024 4.13,29-07-2024 7.13,29-07-2024 4.58,29-07-2024 4.57,Met,29-07-2024 7.12,Met,29-07-2024 7.15,4,Satisfied,Cloud,L2,Qatar
New,508,Medium,Chat,General Inquiry,IT Support,Ahmed Al-Salem,08-08-2024 14.34,08-08-2024 17.34,08-08-2024 15.19,08-08-2024 15.18,Met,08-08-2024 17.16,Met,08-08-2024 17.19,5,Dissatisfied,Network,L3,Bahrain
New,509,High,Portal,Software Bug,Security,Fahad Al-Rashid,23-06-2024 6.10,23-06-2024 8.10,23-06-2024 6.40,23-06-2024 6.40,Met,23-06-2024 7.57,Met,23-06-2024 7.59,5,Neutral,Hardware,L1,UAE
New,510,High,Phone,Access Request,IT Support,Ali Al-Khalifa,18-06-2024 10.59,18-06-2024 12.59,18-06-2024 11.29,18-06-2024 11.21,Met,18-06-2024 12.52,Met,18-06-2024 12.52,3,Dissatisfied,Network,L3,Saudi Arabia
Resolved,511,Critical,Email,General Inquiry,IT Support,Fahad Al-Rashid,28-06-2024 4.25,28-06-2024 5.25,28-06-2024 4.35,28-06-2024 4.35,Met,28-06-2024 5.17,Met,28-06-2024 5.18,2,Neutral,Network,L2,Oman
Resolved,512,Medium,Chat,Software Bug,Security,Omar Al-Mansoori,31-05-2024 15.20,31-05-2024 18.20,31-05-2024 16.05,31-05-2024 15.55,Met,31-05-2024 18.14,Met,31-05-2024 18.16,3,Satisfied,Software,L2,Qatar
In Progress,513,Low,Phone,Hardware Failure,Security,Ahmed Al-Nasser,23-07-2024 16.19,23-07-2024 20.19,23-07-2024 17.19,23-07-2024 17.16,Met,23-07-2024 20.07,Met,23-07-2024 20.11,4,Neutral,Hardware,L2,Qatar
In Progress,514,Medium,Portal,General Inquiry,IT Support,Saif Al-Rashid,28-06-2024 5.35,28-06-2024 8.35,28-06-2024 6.20,28-06-2024 6.12,Met,28-06-2024 8.27,Met,28-06-2024 8.28,2,Neutral,Cloud,L1,Oman
Closed,515,High,Chat,General Inquiry,Customer Service,Yousef Al-Sabah,03-08-2024 23.52,04-08-2024 1.52,04-08-2024 0.22,04-08-2024 0.18,Met,04-08-2024 2.49,Not Met,04-08-2024 1.52,2,Dissatisfied,Hardware,L2,Bahrain
Open,516,High,Portal,Software Bug,IT Support,Khalid Al-Rashid,16-07-2024 2.07,16-07-2024 4.07,16-07-2024 2.37,16-07-2024 2.32,Met,16-07-2024 3.59,Met,16-07-2024 4.00,3,Satisfied,Network,L1,Saudi Arabia
New,517,Critical,Chat,Network Issue,Security,Mohammed Al-Hamdan,17-04-2024 8.57,17-04-2024 9.57,17-04-2024 9.07,17-04-2024 9.05,Met,17-04-2024 9.47,Met,17-04-2024 9.49,3,Dissatisfied,Hardware,L1,Qatar
Closed,518,High,Portal,Software Bug,Security,Yousef Al-Khalifa,25-07-2024 22.13,26-07-2024 0.13,25-07-2024 22.43,25-07-2024 22.33,Met,26-07-2024 0.06,Met,26-07-2024 0.09,2,Dissatisfied,Hardware,L3,UAE
Resolved,519,Critical,Email,Network Issue,Network Ops,Abdullah Al-Farsi,17-04-2024 14.38,17-04-2024 15.38,17-04-2024 14.48,17-04-2024 14.41,Met,17-04-2024 15.37,Met,17-04-2024 15.37,2,Satisfied,Network,L3,Saudi Arabia
Open,520,Critical,Portal,Hardware Failure,Security,Saif Al-Khalifa,15-06-2024 19.39,15-06-2024 20.39,15-06-2024 19.49,15-06-2024 19.44,Met,15-06-2024 20.31,Met,15-06-2024 20.35,5,Neutral,Cloud,L3,Kuwait
Closed,521,Low,Portal,Access Request,Security,Omar Al-Salem,13-04-2024 8.21,13-04-2024 12.21,13-04-2024 9.21,13-04-2024 9.21,Met,13-04-2024 12.12,Met,13-04-2024 12.13,2,Neutral,Software,L3,UAE
Closed,522,Critical,Phone,General Inquiry,Customer Service,Ahmed Al-Salem,15-07-2024 3.51,15-07-2024 4.51,15-07-2024 4.01,15-07-2024 3.53,Met,15-07-2024 4.32,Met,15-07-2024 4.32,1,Neutral,Network,L3,Qatar
Resolved,523,High,Portal,Software Bug,Customer Service,Fahad Al-Rashid,16-07-2024 9.14,16-07-2024 11.14,16-07-2024 9.44,16-07-2024 9.44,Met,16-07-2024 11.06,Met,16-07-2024 11.07,4,Neutral,Network,L2,UAE
Closed,524,Medium,Portal,Software Bug,Development,Mohammed Al-Hamdan,16-05-2024 2.12,16-05-2024 5.12,16-05-2024 2.57,16-05-2024 2.48,Met,16-05-2024 5.12,Met,16-05-2024 5.17,1,Neutral,Hardware,L2,Kuwait
Open,525,Medium,Email,General Inquiry,Network Ops,Yousef Al-Khalifa,30-04-2024 20.54,30-04-2024 23.54,30-04-2024 21.39,30-04-2024 21.30,Met,30-04-2024 23.53,Met,30-04-2024 23.57,1,Dissatisfied,Software,L1,UAE
New,526,Critical,Email,Hardware Failure,Security,Yousef Al-Khalifa,02-08-2024 10.19,02-08-2024 11.19,02-08-2024 10.29,02-08-2024 10.24,Met,02-08-2024 11.07,Met,02-08-2024 11.11,1,Dissatisfied,Cloud,L2,Bahrain
New,527,Critical,Phone,Network Issue,Network Ops,Ahmed Al-Nasser,09-07-2024 14.41,09-07-2024 15.41,09-07-2024 14.51,09-07-2024 14.41,Met,09-07-2024 15.37,Met,09-07-2024 15.38,5,Satisfied,Cloud,L1,Kuwait
Closed,528,High,Chat,General Inquiry,IT Support,Ahmed Al-Salem,06-04-2024 9.28,06-04-2024 11.28,06-04-2024 9.58,06-04-2024 9.52,Met,06-04-2024 11.22,Met,06-04-2024 11.23,2,Neutral,Hardware,L1,Saudi Arabia
Resolved,529,Critical,Phone,General Inquiry,Customer Service,Yousef Al-Khalifa,10-07-2024 17.51,10-07-2024 18.51,10-07-2024 18.01,10-07-2024 17.52,Met,10-07-2024 18.33,Met,10-07-2024 18.38,1,Dissatisfied,Cloud,L3,Qatar
Resolved,530,Critical,Portal,Access Request,Security,Saif Al-Rashid,12-07-2024 16.30,12-07-2024 17.30,12-07-2024 16.40,12-07-2024 16.39,Met,12-07-2024 17.13,Met,12-07-2024 17.17,5,Dissatisfied,Cloud,L1,Qatar
New,531,Medium,Email,Access Request,Network Ops,Saif Al-Rashid,04-04-2024 19.51,04-04-2024 22.51,04-04-2024 20.36,04-04-2024 20.26,Met,04-04-2024 22.47,Met,04-04-2024 22.49,3,Satisfied,Network,L3,UAE
New,532,Critical,Portal,General Inquiry,Security,Abdullah Al-Rashid,28-07-2024 0.57,28-07-2024 1.57,28-07-2024 1.07,28-07-2024 1.06,Met,28-07-2024 1.56,Met,28-07-2024 1.59,1,Dissatisfied,Hardware,L2,Bahrain
In Progress,533,Low,Chat,Access Request,IT Support,Saif Al-Khalifa,06-08-2024 17.30,06-08-2024 21.30,06-08-2024 18.30,06-08-2024 18.24,Met,06-08-2024 21.13,Met,06-08-2024 21.16,2,Dissatisfied,Network,L3,Saudi Arabia
In Progress,534,Low,Phone,Hardware Failure,Security,Mohammed Al-Hamdan,24-05-2024 22.53,25-05-2024 2.53,24-05-2024 23.53,24-05-2024 23.59,Not Met,25-05-2024 2.43,Met,25-05-2024 2.43,3,Neutral,Network,L3,Oman
Closed,535,Low,Portal,Access Request,Development,Omar Al-Salem,06-05-2024 4.33,06-05-2024 8.33,06-05-2024 5.33,06-05-2024 5.28,Met,06-05-2024 8.20,Met,06-05-2024 8.25,5,Dissatisfied,Cloud,L2,Kuwait
Closed,536,Medium,Portal,Software Bug,Security,Saif Al-Rashid,08-04-2024 17.56,08-04-2024 20.56,08-04-2024 18.41,08-04-2024 18.40,Met,08-04-2024 20.51,Met,08-04-2024 20.56,3,Satisfied,Hardware,L2,Saudi Arabia
New,537,Low,Portal,Hardware Failure,Security,Fahad Al-Farsi,29-06-2024 23.42,30-06-2024 3.42,30-06-2024 0.42,30-06-2024 0.40,Met,30-06-2024 3.23,Met,30-06-2024 3.23,3,Dissatisfied,Software,L1,Bahrain
Closed,538,High,Portal,Software Bug,Development,Fahad Al-Farsi,01-04-2024 7.43,01-04-2024 9.43,01-04-2024 8.13,01-04-2024 8.13,Met,01-04-2024 9.31,Met,01-04-2024 9.36,4,Dissatisfied,Hardware,L2,UAE
Resolved,539,Medium,Email,Software Bug,Development,Abdullah Al-Mansoori,19-07-2024 23.02,20-07-2024 2.02,19-07-2024 23.47,19-07-2024 23.41,Met,20-07-2024 1.45,Met,20-07-2024 1.46,5,Satisfied,Software,L3,Kuwait
In Progress,540,Low,Chat,General Inquiry,Development,Fahad Al-Rashid,10-04-2024 15.39,10-04-2024 19.39,10-04-2024 16.39,10-04-2024 16.38,Met,10-04-2024 19.27,Met,10-04-2024 19.27,2,Neutral,Software,L3,Bahrain
New,541,Low,Chat,Network Issue,Security,Mohammed Al-Rashid,01-07-2024 3.31,01-07-2024 7.31,01-07-2024 4.31,01-07-2024 4.30,Met,01-07-2024 7.21,Met,01-07-2024 7.24,3,Dissatisfied,Hardware,L1,Saudi Arabia
Closed,542,High,Phone,Hardware Failure,Security,Abdullah Al-Farsi,04-08-2024 11.46,04-08-2024 13.46,04-08-2024 12.16,04-08-2024 12.07,Met,04-08-2024 13.38,Met,04-08-2024 13.41,5,Neutral,Cloud,L2,Qatar
New,543,High,Portal,General Inquiry,IT Support,Mohammed Al-Rashid,07-04-2024 16.53,07-04-2024 18.53,07-04-2024 17.23,07-04-2024 17.22,Met,07-04-2024 18.50,Met,07-04-2024 18.53,5,Satisfied,Hardware,L2,Saudi Arabia
Open,544,Medium,Email,Hardware Failure,Development,Fahad Al-Farsi,27-07-2024 0.22,27-07-2024 3.22,27-07-2024 1.07,27-07-2024 1.03,Met,27-07-2024 3.19,Met,27-07-2024 3.23,5,Dissatisfied,Hardware,L2,UAE
New,545,Critical,Phone,General Inquiry,Security,Abdullah Al-Rashid,05-06-2024 14.10,05-06-2024 15.10,05-06-2024 14.20,05-06-2024 14.17,Met,05-06-2024 14.50,Met,05-06-2024 14.50,3,Neutral,Software,L3,Oman
Open,546,Low,Email,Hardware Failure,Customer Service,Ali Al-Khalifa,11-04-2024 4.43,11-04-2024 8.43,11-04-2024 5.43,11-04-2024 5.38,Met,11-04-2024 8.34,Met,11-04-2024 8.37,5,Dissatisfied,Hardware,L3,UAE
Open,547,Low,Phone,General Inquiry,Customer Service,Yousef Al-Khalifa,27-06-2024 8.45,27-06-2024 12.45,27-06-2024 9.45,27-06-2024 9.43,Met,27-06-2024 12.42,Met,27-06-2024 12.42,4,Satisfied,Cloud,L1,Saudi Arabia
New,548,Low,Phone,Network Issue,Development,Ali Al-Khalifa,01-04-2024 10.36,01-04-2024 14.36,01-04-2024 11.36,01-04-2024 11.29,Met,01-04-2024 14.26,Met,01-04-2024 14.26,5,Satisfied,Hardware,L2,Qatar
New,549,Medium,Phone,Software Bug,Security,Fahad Al-Farsi,19-04-2024 7.12,19-04-2024 10.12,19-04-2024 7.57,19-04-2024 7.51,Met,19-04-2024 9.59,Met,19-04-2024 10.03,3,Dissatisfied,Software,L3,Bahrain
Resolved,550,High,Phone,Hardware Failure,Customer Service,Abdullah Al-Rashid,31-05-2024 21.46,31-05-2024 23.46,31-05-2024 22.16,31-05-2024 22.06,Met,31-05-2024 23.35,Met,31-05-2024 23.38,4,Satisfied,Software,L1,Oman
Open,551,Critical,Portal,Access Request,IT Support,Mohammed Al-Rashid,19-06-2024 4.31,19-06-2024 5.31,19-06-2024 4.41,19-06-2024 4.36,Met,19-06-2024 5.30,Met,19-06-2024 5.33,1,Satisfied,Hardware,L2,UAE
Resolved,552,Low,Email,General Inquiry,Security,Ali Al-Khalifa,01-06-2024 4.55,01-06-2024 8.55,01-06-2024 5.55,01-06-2024 5.52,Met,01-06-2024 8.40,Met,01-06-2024 8.42,4,Dissatisfied,Cloud,L2,Oman
Resolved,553,High,Chat,Software Bug,Development,Omar Al-Mansoori,25-06-2024 21.38,25-06-2024 23.38,25-06-2024 22.08,25-06-2024 22.06,Met,25-06-2024 23.23,Met,25-06-2024 23.24,3,Dissatisfied,Cloud,L3,Saudi Arabia
Open,554,High,Portal,Network Issue,Development,Abdullah Al-Rashid,07-06-2024 23.45,08-06-2024 1.45,08-06-2024 0.15,08-06-2024 0.14,Met,08-06-2024 1.37,Met,08-06-2024 1.37,3,Neutral,Hardware,L2,Bahrain
In Progress,555,Low,Chat,Network Issue,IT Support,Ahmed Al-Salem,23-07-2024 14.37,23-07-2024 18.37,23-07-2024 15.37,23-07-2024 15.33,Met,23-07-2024 18.23,Met,23-07-2024 18.28,4,Dissatisfied,Software,L2,Qatar
Open,556,Critical,Portal,Access Request,Development,Mohammed Al-Hamdan,10-05-2024 14.17,10-05-2024 15.17,10-05-2024 14.27,10-05-2024 14.22,Met,10-05-2024 15.16,Met,10-05-2024 15.18,2,Satisfied,Hardware,L1,Qatar
Open,557,High,Chat,Software Bug,IT Support,Omar Al-Salem,28-06-2024 6.12,28-06-2024 8.12,28-06-2024 6.42,28-06-2024 6.36,Met,28-06-2024 8.09,Met,28-06-2024 8.10,4,Dissatisfied,Software,L3,Bahrain
Closed,558,Medium,Phone,Network Issue,IT Support,Abdullah Al-Rashid,13-06-2024 18.52,13-06-2024 21.52,13-06-2024 19.37,13-06-2024 19.34,Met,13-06-2024 21.41,Met,13-06-2024 21.43,2,Neutral,Cloud,L3,Oman
Closed,559,High,Chat,General Inquiry,IT Support,Fahad Al-Rashid,13-07-2024 4.26,13-07-2024 6.26,13-07-2024 4.56,13-07-2024 4.52,Met,13-07-2024 6.20,Met,13-07-2024 6.21,4,Dissatisfied,Hardware,L3,Saudi Arabia
New,560,High,Portal,Access Request,Customer Service,Abdullah Al-Rashid,11-06-2024 4.07,11-06-2024 6.07,11-06-2024 4.37,11-06-2024 4.29,Met,11-06-2024 5.50,Met,11-06-2024 5.50,4,Dissatisfied,Network,L2,Oman
New,561,Low,Portal,General Inquiry,Development,Saif Al-Rashid,05-06-2024 23.26,06-06-2024 3.26,06-06-2024 0.26,06-06-2024 0.20,Met,06-06-2024 3.20,Met,06-06-2024 3.24,5,Neutral,Cloud,L3,Bahrain
New,562,Critical,Chat,Hardware Failure,IT Support,Mohammed Al-Rashid,20-05-2024 19.20,20-05-2024 20.20,20-05-2024 19.30,20-05-2024 19.23,Met,20-05-2024 20.09,Met,20-05-2024 20.11,2,Dissatisfied,Software,L2,UAE
New,563,Critical,Phone,Hardware Failure,Customer Service,Ahmed Al-Nasser,28-06-2024 21.37,28-06-2024 22.37,28-06-2024 21.47,28-06-2024 21.47,Met,28-06-2024 22.21,Met,28-06-2024 22.26,3,Neutral,Network,L1,Kuwait
Closed,564,High,Email,Network Issue,IT Support,Ali Al-Khalifa,04-05-2024 14.32,04-05-2024 16.32,04-05-2024 15.02,04-05-2024 14.55,Met,04-05-2024 16.23,Met,04-05-2024 16.26,3,Neutral,Hardware,L1,Bahrain
Open,565,High,Email,Access Request,IT Support,Saif Al-Rashid,07-07-2024 8.40,07-07-2024 10.40,07-07-2024 9.10,07-07-2024 9.01,Met,07-07-2024 10.30,Met,07-07-2024 10.33,2,Satisfied,Network,L2,UAE
In Progress,566,Critical,Chat,Access Request,Customer Service,Abdullah Al-Rashid,21-06-2024 10.25,21-06-2024 11.25,21-06-2024 10.35,21-06-2024 10.28,Met,21-06-2024 11.08,Met,21-06-2024 11.13,4,Dissatisfied,Cloud,L1,Qatar
In Progress,567,Low,Chat,Software Bug,Development,Mohammed Al-Rashid,05-07-2024 5.20,05-07-2024 9.20,05-07-2024 6.20,05-07-2024 6.13,Met,05-07-2024 9.10,Met,05-07-2024 9.14,2,Satisfied,Software,L2,Oman
Resolved,568,High,Chat,Network Issue,Security,Abdullah Al-Farsi,24-05-2024 3.13,24-05-2024 5.13,24-05-2024 3.43,24-05-2024 3.33,Met,24-05-2024 4.59,Met,24-05-2024 5.00,4,Neutral,Hardware,L3,UAE
Resolved,569,Medium,Chat,Access Request,Customer Service,Saif Al-Rashid,07-08-2024 23.18,08-08-2024 2.18,08-08-2024 0.03,07-08-2024 23.57,Met,08-08-2024 1.58,Met,08-08-2024 2.00,3,Satisfied,Software,L1,UAE
Open,570,Low,Email,Software Bug,Development,Abdullah Al-Farsi,01-05-2024 19.23,01-05-2024 23.23,01-05-2024 20.23,01-05-2024 20.17,Met,01-05-2024 23.20,Met,01-05-2024 23.23,2,Satisfied,Hardware,L2,Bahrain
In Progress,571,High,Portal,Network Issue,Security,Khalid Al-Farsi,18-04-2024 8.39,18-04-2024 10.39,18-04-2024 9.09,18-04-2024 9.08,Met,18-04-2024 10.35,Met,18-04-2024 10.35,1,Satisfied,Hardware,L1,Qatar
New,572,Low,Email,Hardware Failure,Network Ops,Ali Al-Khalifa,29-07-2024 6.51,29-07-2024 10.51,29-07-2024 7.51,29-07-2024 7.44,Met,29-07-2024 10.51,Met,29-07-2024 10.51,3,Dissatisfied,Network,L1,Bahrain
Closed,573,Critical,Email,Access Request,IT Support,Fahad Al-Farsi,07-07-2024 4.06,07-07-2024 5.06,07-07-2024 4.16,07-07-2024 4.07,Met,07-07-2024 4.48,Met,07-07-2024 4.53,5,Satisfied,Network,L3,Kuwait
Resolved,574,Low,Chat,General Inquiry,Security,Ahmed Al-Nasser,03-05-2024 9.01,03-05-2024 13.01,03-05-2024 10.01,03-05-2024 9.53,Met,03-05-2024 12.47,Met,03-05-2024 12.51,3,Neutral,Cloud,L1,Oman
Closed,575,Low,Portal,Software Bug,Development,Hassan Al-Rashid,16-06-2024 1.39,16-06-2024 5.39,16-06-2024 2.39,16-06-2024 2.30,Met,16-06-2024 5.37,Met,16-06-2024 5.38,5,Dissatisfied,Software,L1,Bahrain
Closed,576,Low,Phone,Access Request,IT Support,Ali Al-Khalifa,05-05-2024 18.24,05-05-2024 22.24,05-05-2024 19.24,05-05-2024 19.19,Met,05-05-2024 22.11,Met,05-05-2024 22.14,3,Satisfied,Cloud,L2,Kuwait
Resolved,577,Low,Email,Access Request,IT Support,Khalid Al-Rashid,04-07-2024 14.33,04-07-2024 18.33,04-07-2024 15.33,04-07-2024 15.33,Met,04-07-2024 18.30,Met,04-07-2024 18.35,2,Dissatisfied,Software,L1,Qatar
New,578,Low,Portal,Network Issue,Customer Service,Ali Al-Khalifa,21-04-2024 21.10,22-04-2024 1.10,21-04-2024 22.10,21-04-2024 22.08,Met,22-04-2024 1.10,Met,22-04-2024 1.13,1,Dissatisfied,Software,L1,UAE
Open,579,High,Phone,Software Bug,Security,Saif Al-Rashid,12-07-2024 0.30,12-07-2024 2.30,12-07-2024 1.00,12-07-2024 0.54,Met,12-07-2024 2.30,Met,12-07-2024 2.30,5,Satisfied,Cloud,L1,Saudi Arabia
Open,580,Critical,Chat,Software Bug,Development,Omar Al-Mansoori,12-05-2024 0.01,12-05-2024 1.01,12-05-2024 0.11,12-05-2024 0.08,Met,12-05-2024 0.52,Met,12-05-2024 0.52,1,Neutral,Hardware,L1,Oman
Resolved,581,Critical,Email,Software Bug,IT Support,Ali Al-Khalifa,24-06-2024 3.30,24-06-2024 4.30,24-06-2024 3.40,24-06-2024 3.40,Met,24-06-2024 4.10,Met,24-06-2024 4.10,5,Neutral,Hardware,L2,Qatar
Open,582,Low,Phone,Access Request,Security,Hassan Al-Rashid,11-06-2024 5.05,11-06-2024 9.05,11-06-2024 6.05,11-06-2024 5.56,Met,11-06-2024 8.50,Met,11-06-2024 8.54,5,Dissatisfied,Network,L2,Kuwait
Closed,583,Critical,Email,Hardware Failure,IT Support,Abdullah Al-Rashid,09-06-2024 8.29,09-06-2024 9.29,09-06-2024 8.39,09-06-2024 8.39,Met,09-06-2024 9.14,Met,09-06-2024 9.17,5,Neutral,Network,L2,Oman
Open,584,Medium,Phone,General Inquiry,Customer Service,Yousef Al-Khalifa,07-07-2024 14.18,07-07-2024 17.18,07-07-2024 15.03,07-07-2024 14.54,Met,07-07-2024 17.12,Met,07-07-2024 17.13,4,Neutral,Network,L2,Oman
Open,585,Medium,Phone,General Inquiry,Customer Service,Fahad Al-Rashid,10-04-2024 7.23,10-04-2024 10.23,10-04-2024 8.08,10-04-2024 8.08,Met,10-04-2024 10.08,Met,10-04-2024 10.09,3,Neutral,Software,L1,Oman
In Progress,586,High,Phone,General Inquiry,Customer Service,Yousef Al-Khalifa,03-07-2024 6.33,03-07-2024 8.33,03-07-2024 7.03,03-07-2024 6.53,Met,03-07-2024 8.13,Met,03-07-2024 8.18,1,Dissatisfied,Software,L3,UAE
New,587,Low,Chat,Access Request,Customer Service,Saif Al-Khalifa,11-08-2024 23.38,12-08-2024 3.38,12-08-2024 0.38,12-08-2024 0.32,Met,12-08-2024 3.33,Met,12-08-2024 3.38,4,Satisfied,Hardware,L1,UAE
Closed,588,High,Email,Network Issue,Customer Service,Omar Al-Mansoori,16-05-2024 16.15,16-05-2024 18.15,16-05-2024 16.45,16-05-2024 16.37,Met,16-05-2024 18.10,Met,16-05-2024 18.10,5,Neutral,Network,L1,Saudi Arabia
In Progress,589,Low,Email,General Inquiry,IT Support,Hassan Al-Hamdan,22-06-2024 3.25,22-06-2024 7.25,22-06-2024 4.25,22-06-2024 4.24,Met,22-06-2024 7.24,Met,22-06-2024 7.27,2,Dissatisfied,Network,L2,UAE
In Progress,590,High,Email,Access Request,Development,Saif Al-Khalifa,24-07-2024 4.14,24-07-2024 6.14,24-07-2024 4.44,24-07-2024 4.41,Met,24-07-2024 6.06,Met,24-07-2024 6.10,1,Satisfied,Network,L1,Bahrain
Resolved,591,Medium,Portal,Network Issue,Network Ops,Yousef Al-Khalifa,01-07-2024 19.39,01-07-2024 22.39,01-07-2024 20.24,01-07-2024 20.15,Met,01-07-2024 22.29,Met,01-07-2024 22.29,5,Neutral,Software,L1,Saudi Arabia
Closed,592,Critical,Phone,Access Request,Security,Yousef Al-Khalifa,06-07-2024 12.19,06-07-2024 13.19,06-07-2024 12.29,06-07-2024 12.29,Met,06-07-2024 13.16,Met,06-07-2024 13.19,2,Neutral,Cloud,L1,Saudi Arabia
Resolved,593,Low,Chat,General Inquiry,Development,Khalid Al-Farsi,02-07-2024 8.22,02-07-2024 12.22,02-07-2024 9.22,02-07-2024 9.18,Met,02-07-2024 12.16,Met,02-07-2024 12.21,3,Neutral,Network,L2,Qatar
In Progress,594,Critical,Chat,General Inquiry,Network Ops,Khalid Al-Rashid,02-04-2024 10.24,02-04-2024 11.24,02-04-2024 10.34,02-04-2024 10.26,Met,02-04-2024 11.21,Met,02-04-2024 11.21,4,Satisfied,Hardware,L2,Qatar
In Progress,595,Medium,Email,Access Request,Network Ops,Yousef Al-Khalifa,11-08-2024 1.03,11-08-2024 4.03,11-08-2024 1.48,11-08-2024 1.43,Met,11-08-2024 4.00,Met,11-08-2024 4.01,5,Satisfied,Network,L3,Kuwait
In Progress,596,High,Email,Software Bug,Network Ops,Saif Al-Khalifa,04-06-2024 2.20,04-06-2024 4.20,04-06-2024 2.50,04-06-2024 2.45,Met,04-06-2024 4.01,Met,04-06-2024 4.05,5,Dissatisfied,Software,L1,UAE
New,597,Critical,Email,Hardware Failure,Customer Service,Saif Al-Khalifa,12-07-2024 10.36,12-07-2024 11.36,12-07-2024 10.46,12-07-2024 10.44,Met,12-07-2024 11.36,Met,12-07-2024 11.36,1,Satisfied,Software,L2,Oman
New,598,Low,Email,Hardware Failure,Customer Service,Mohammed Al-Rashid,15-07-2024 12.39,15-07-2024 16.39,15-07-2024 13.39,15-07-2024 13.29,Met,15-07-2024 16.34,Met,15-07-2024 16.36,1,Satisfied,Cloud,L2,Oman
Closed,599,Low,Phone,Software Bug,IT Support,Abdullah Al-Rashid,01-06-2024 8.02,01-06-2024 12.02,01-06-2024 9.02,01-06-2024 8.56,Met,01-06-2024 11.53,Met,01-06-2024 11.57,2,Neutral,Software,L2,Oman
Closed,600,High,Phone,General Inquiry,IT Support,Yousef Al-Khalifa,20-07-2024 3.24,20-07-2024 5.24,20-07-2024 3.54,20-07-2024 3.47,Met,20-07-2024 5.16,Met,20-07-2024 5.20,4,Satisfied,Cloud,L2,Oman
New,601,High,Chat,Access Request,IT Support,Khalid Al-Rashid,04-04-2024 15.00,04-04-2024 17.00,04-04-2024 15.30,04-04-2024 15.24,Met,04-04-2024 16.56,Met,04-04-2024 16.57,4,Neutral,Software,L1,Saudi Arabia
Closed,602,Critical,Phone,Hardware Failure,Security,Saif Al-Rashid,19-04-2024 6.35,19-04-2024 7.35,19-04-2024 6.45,19-04-2024 6.44,Met,19-04-2024 7.35,Met,19-04-2024 7.39,1,Satisfied,Software,L2,Kuwait
New,603,Low,Portal,Access Request,IT Support,Khalid Al-Farsi,25-07-2024 9.52,25-07-2024 13.52,25-07-2024 10.52,25-07-2024 10.42,Met,25-07-2024 13.36,Met,25-07-2024 13.37,1,Neutral,Cloud,L1,Qatar
Resolved,604,Low,Chat,Software Bug,Security,Omar Al-Mansoori,15-05-2024 4.50,15-05-2024 8.50,15-05-2024 5.50,15-05-2024 5.40,Met,15-05-2024 8.42,Met,15-05-2024 8.42,5,Satisfied,Cloud,L1,UAE
Open,605,Medium,Chat,Network Issue,Security,Ahmed Al-Salem,06-08-2024 13.29,06-08-2024 16.29,06-08-2024 14.14,06-08-2024 14.10,Met,06-08-2024 16.21,Met,06-08-2024 16.21,5,Dissatisfied,Cloud,L2,Saudi Arabia
In Progress,606,Medium,Chat,Access Request,Security,Hassan Al-Rashid,11-07-2024 15.04,11-07-2024 18.04,11-07-2024 15.49,11-07-2024 15.41,Met,11-07-2024 17.59,Met,11-07-2024 18.02,3,Dissatisfied,Software,L1,UAE
In Progress,607,Critical,Email,Network Issue,IT Support,Ahmed Al-Nasser,21-05-2024 7.57,21-05-2024 8.57,21-05-2024 8.07,21-05-2024 8.07,Met,21-05-2024 8.46,Met,21-05-2024 8.46,4,Satisfied,Cloud,L3,Qatar
Open,608,Low,Phone,Network Issue,IT Support,Abdullah Al-Farsi,29-04-2024 13.57,29-04-2024 17.57,29-04-2024 14.57,29-04-2024 14.54,Met,29-04-2024 17.41,Met,29-04-2024 17.43,1,Satisfied,Software,L3,UAE
In Progress,609,High,Phone,Access Request,Network Ops,Ahmed Al-Salem,22-06-2024 4.46,22-06-2024 6.46,22-06-2024 5.16,22-06-2024 5.09,Met,22-06-2024 6.45,Met,22-06-2024 6.46,2,Satisfied,Hardware,L2,UAE
In Progress,610,Low,Phone,Access Request,IT Support,Yousef Al-Khalifa,01-08-2024 11.26,01-08-2024 15.26,01-08-2024 12.26,01-08-2024 12.17,Met,01-08-2024 15.09,Met,01-08-2024 15.11,2,Dissatisfied,Network,L1,Oman
Closed,611,Medium,Chat,General Inquiry,Network Ops,Abdullah Al-Rashid,04-05-2024 18.23,04-05-2024 21.23,04-05-2024 19.08,04-05-2024 19.00,Met,04-05-2024 21.20,Met,04-05-2024 21.23,4,Satisfied,Cloud,L1,Bahrain
Resolved,612,Low,Chat,Network Issue,Security,Ahmed Al-Salem,15-07-2024 12.03,15-07-2024 16.03,15-07-2024 13.03,15-07-2024 12.54,Met,15-07-2024 15.50,Met,15-07-2024 15.54,3,Dissatisfied,Cloud,L2,Saudi Arabia
Closed,613,High,Email,Network Issue,Development,Ahmed Al-Salem,23-04-2024 20.35,23-04-2024 22.35,23-04-2024 21.05,23-04-2024 21.02,Met,23-04-2024 22.22,Met,23-04-2024 22.25,2,Neutral,Software,L1,Bahrain
Closed,614,Low,Portal,Hardware Failure,Network Ops,Saif Al-Rashid,04-05-2024 17.58,04-05-2024 21.58,04-05-2024 18.58,04-05-2024 18.50,Met,04-05-2024 21.51,Met,04-05-2024 21.55,1,Satisfied,Cloud,L3,Oman
Closed,615,Medium,Portal,Hardware Failure,Security,Abdullah Al-Farsi,28-04-2024 1.45,28-04-2024 4.45,28-04-2024 2.30,28-04-2024 2.29,Met,28-04-2024 4.42,Met,28-04-2024 4.45,2,Satisfied,Network,L2,Qatar
Closed,616,Low,Phone,General Inquiry,IT Support,Fahad Al-Farsi,03-05-2024 21.07,04-05-2024 1.07,03-05-2024 22.07,03-05-2024 21.58,Met,04-05-2024 0.53,Met,04-05-2024 0.58,2,Dissatisfied,Software,L3,Oman
Closed,617,Critical,Portal,Software Bug,Network Ops,Khalid Al-Rashid,22-04-2024 4.18,22-04-2024 5.18,22-04-2024 4.28,22-04-2024 4.28,Met,22-04-2024 4.59,Met,22-04-2024 4.59,5,Dissatisfied,Hardware,L2,Saudi Arabia
In Progress,618,Critical,Email,Access Request,Development,Ahmed Al-Salem,22-06-2024 15.21,22-06-2024 16.21,22-06-2024 15.31,22-06-2024 15.22,Met,22-06-2024 16.17,Met,22-06-2024 16.20,1,Satisfied,Network,L3,Bahrain
In Progress,619,Critical,Chat,General Inquiry,IT Support,Ali Al-Khalifa,28-07-2024 0.06,28-07-2024 1.06,28-07-2024 0.16,28-07-2024 0.14,Met,28-07-2024 0.46,Met,28-07-2024 0.46,2,Neutral,Software,L3,Kuwait
New,620,Medium,Portal,General Inquiry,IT Support,Saif Al-Rashid,08-06-2024 16.35,08-06-2024 19.35,08-06-2024 17.20,08-06-2024 17.12,Met,08-06-2024 19.28,Met,08-06-2024 19.29,1,Neutral,Network,L3,Kuwait
In Progress,621,High,Phone,Network Issue,Customer Service,Yousef Al-Sabah,20-05-2024 22.21,21-05-2024 0.21,20-05-2024 22.51,20-05-2024 22.41,Met,21-05-2024 0.03,Met,21-05-2024 0.08,3,Satisfied,Cloud,L3,Saudi Arabia
New,622,High,Phone,Software Bug,Network Ops,Khalid Al-Rashid,25-05-2024 22.27,26-05-2024 0.27,25-05-2024 22.57,25-05-2024 22.52,Met,26-05-2024 0.10,Met,26-05-2024 0.14,5,Satisfied,Software,L2,Kuwait
New,623,Medium,Chat,Network Issue,Security,Saif Al-Rashid,22-05-2024 2.14,22-05-2024 5.14,22-05-2024 2.59,22-05-2024 2.55,Met,22-05-2024 5.04,Met,22-05-2024 5.04,1,Dissatisfied,Software,L1,Qatar
Open,624,Low,Email,General Inquiry,Customer Service,Hassan Al-Hamdan,04-08-2024 10.07,04-08-2024 14.07,04-08-2024 11.07,04-08-2024 10.57,Met,04-08-2024 13.54,Met,04-08-2024 13.58,5,Satisfied,Cloud,L3,Oman
New,625,Low,Phone,Hardware Failure,Security,Saif Al-Rashid,20-04-2024 7.32,20-04-2024 11.32,20-04-2024 8.32,20-04-2024 8.45,Not Met,20-04-2024 11.17,Met,20-04-2024 11.19,2,Dissatisfied,Hardware,L3,Bahrain
Closed,626,Medium,Phone,Access Request,Network Ops,Ali Al-Khalifa,12-05-2024 10.08,12-05-2024 13.08,12-05-2024 10.53,12-05-2024 10.48,Met,12-05-2024 13.06,Met,12-05-2024 13.07,3,Dissatisfied,Software,L1,Saudi Arabia
Open,627,Medium,Portal,Software Bug,Customer Service,Mohammed Al-Rashid,04-08-2024 16.30,04-08-2024 19.30,04-08-2024 17.15,04-08-2024 17.15,Met,04-08-2024 19.11,Met,04-08-2024 19.15,4,Neutral,Hardware,L3,Kuwait
In Progress,628,Medium,Portal,Network Issue,IT Support,Khalid Al-Rashid,17-06-2024 21.05,18-06-2024 0.05,17-06-2024 21.50,17-06-2024 21.42,Met,17-06-2024 23.57,Met,17-06-2024 23.59,4,Dissatisfied,Network,L2,Saudi Arabia
Open,629,Medium,Email,Software Bug,Development,Mohammed Al-Hamdan,07-06-2024 20.50,07-06-2024 23.50,07-06-2024 21.35,07-06-2024 21.28,Met,07-06-2024 23.36,Met,07-06-2024 23.36,5,Neutral,Hardware,L1,Bahrain
In Progress,630,Low,Chat,Hardware Failure,Security,Abdullah Al-Rashid,31-07-2024 11.03,31-07-2024 15.03,31-07-2024 12.03,31-07-2024 11.56,Met,31-07-2024 15.00,Met,31-07-2024 15.04,5,Satisfied,Software,L2,Bahrain
In Progress,631,Critical,Portal,Hardware Failure,Customer Service,Ahmed Al-Nasser,12-07-2024 3.36,12-07-2024 4.36,12-07-2024 3.46,12-07-2024 3.44,Met,12-07-2024 4.17,Met,12-07-2024 4.22,5,Satisfied,Software,L3,Bahrain
Resolved,632,Medium,Email,Software Bug,Development,Fahad Al-Farsi,21-06-2024 16.22,21-06-2024 19.22,21-06-2024 17.07,21-06-2024 17.01,Met,21-06-2024 19.18,Met,21-06-2024 19.23,2,Dissatisfied,Hardware,L1,UAE
In Progress,633,Critical,Email,Software Bug,Customer Service,Abdullah Al-Rashid,12-05-2024 19.08,12-05-2024 20.08,12-05-2024 19.18,12-05-2024 19.16,Met,12-05-2024 20.05,Met,12-05-2024 20.09,5,Satisfied,Cloud,L2,Oman
Closed,634,Critical,Phone,Software Bug,Network Ops,Abdullah Al-Rashid,22-05-2024 4.05,22-05-2024 5.05,22-05-2024 4.15,22-05-2024 4.13,Met,22-05-2024 5.01,Met,22-05-2024 5.03,2,Neutral,Hardware,L2,UAE
New,635,Low,Chat,Software Bug,Security,Saif Al-Rashid,05-05-2024 21.25,06-05-2024 1.25,05-05-2024 22.25,05-05-2024 22.18,Met,06-05-2024 1.12,Met,06-05-2024 1.17,1,Dissatisfied,Hardware,L3,Oman
New,636,Medium,Phone,General Inquiry,IT Support,Fahad Al-Farsi,19-06-2024 19.09,19-06-2024 22.09,19-06-2024 19.54,19-06-2024 19.44,Met,19-06-2024 22.07,Met,19-06-2024 22.10,2,Neutral,Cloud,L2,Bahrain
Open,637,Medium,Email,Network Issue,Security,Saif Al-Rashid,31-05-2024 12.10,31-05-2024 15.10,31-05-2024 12.55,31-05-2024 12.50,Met,31-05-2024 14.53,Met,31-05-2024 14.56,5,Neutral,Software,L2,Bahrain
In Progress,638,Critical,Phone,Access Request,IT Support,Saif Al-Rashid,05-05-2024 20.53,05-05-2024 21.53,05-05-2024 21.03,05-05-2024 20.56,Met,05-05-2024 21.35,Met,05-05-2024 21.38,4,Dissatisfied,Cloud,L1,Saudi Arabia
New,639,Low,Email,Hardware Failure,Security,Omar Al-Mansoori,10-07-2024 0.47,10-07-2024 4.47,10-07-2024 1.47,10-07-2024 1.42,Met,10-07-2024 4.45,Met,10-07-2024 4.50,5,Satisfied,Hardware,L1,UAE
New,640,Critical,Email,General Inquiry,Security,Fahad Al-Rashid,11-04-2024 12.25,11-04-2024 13.25,11-04-2024 12.35,11-04-2024 12.27,Met,11-04-2024 13.07,Met,11-04-2024 13.09,4,Dissatisfied,Cloud,L2,Kuwait
In Progress,641,Medium,Portal,Access Request,Security,Ahmed Al-Salem,17-04-2024 8.28,17-04-2024 11.28,17-04-2024 9.13,17-04-2024 9.03,Met,17-04-2024 11.11,Met,17-04-2024 11.14,2,Dissatisfied,Cloud,L1,UAE
In Progress,642,High,Chat,Access Request,Network Ops,Mohammed Al-Rashid,29-07-2024 14.41,29-07-2024 16.41,29-07-2024 15.11,29-07-2024 15.03,Met,29-07-2024 16.21,Met,29-07-2024 16.26,3,Satisfied,Network,L3,Saudi Arabia
New,643,High,Portal,Hardware Failure,Security,Abdullah Al-Mansoori,02-07-2024 22.29,03-07-2024 0.29,02-07-2024 22.59,02-07-2024 22.52,Met,03-07-2024 0.27,Met,03-07-2024 0.28,5,Dissatisfied,Hardware,L1,UAE
Resolved,644,High,Email,Hardware Failure,Network Ops,Abdullah Al-Rashid,07-08-2024 2.44,07-08-2024 4.44,07-08-2024 3.14,07-08-2024 3.10,Met,07-08-2024 4.35,Met,07-08-2024 4.38,3,Dissatisfied,Network,L1,Qatar
Open,645,Critical,Chat,General Inquiry,Customer Service,Yousef Al-Khalifa,31-05-2024 0.20,31-05-2024 1.20,31-05-2024 0.30,31-05-2024 0.26,Met,31-05-2024 1.08,Met,31-05-2024 1.11,1,Neutral,Network,L1,Oman
Closed,646,Medium,Portal,Software Bug,Security,Ali Al-Khalifa,15-04-2024 7.57,15-04-2024 10.57,15-04-2024 8.42,15-04-2024 8.33,Met,15-04-2024 10.43,Met,15-04-2024 10.48,3,Neutral,Hardware,L3,Saudi Arabia
Open,647,High,Email,General Inquiry,IT Support,Khalid Al-Farsi,29-07-2024 2.58,29-07-2024 4.58,29-07-2024 3.28,29-07-2024 3.22,Met,29-07-2024 4.47,Met,29-07-2024 4.52,3,Satisfied,Network,L3,Qatar
Resolved,648,Critical,Portal,Access Request,Security,Khalid Al-Farsi,07-06-2024 16.29,07-06-2024 17.29,07-06-2024 16.39,07-06-2024 16.37,Met,07-06-2024 17.26,Met,07-06-2024 17.28,3,Neutral,Hardware,L3,Qatar
Closed,649,Medium,Portal,General Inquiry,Customer Service,Abdullah Al-Rashid,05-05-2024 10.40,05-05-2024 13.40,05-05-2024 11.25,05-05-2024 11.18,Met,05-05-2024 13.23,Met,05-05-2024 13.26,4,Neutral,Cloud,L1,Bahrain
New,650,Medium,Email,General Inquiry,IT Support,Yousef Al-Sabah,06-04-2024 12.42,06-04-2024 15.42,06-04-2024 13.27,06-04-2024 13.27,Met,06-04-2024 15.30,Met,06-04-2024 15.31,5,Satisfied,Hardware,L2,UAE
New,651,High,Chat,Access Request,Development,Saif Al-Khalifa,22-05-2024 16.37,22-05-2024 18.37,22-05-2024 17.07,22-05-2024 17.04,Met,22-05-2024 18.19,Met,22-05-2024 18.21,3,Dissatisfied,Cloud,L3,UAE
In Progress,652,Medium,Chat,Network Issue,Customer Service,Fahad Al-Farsi,23-04-2024 8.28,23-04-2024 11.28,23-04-2024 9.13,23-04-2024 9.10,Met,23-04-2024 11.12,Met,23-04-2024 11.16,1,Neutral,Hardware,L3,Qatar
In Progress,653,Critical,Portal,General Inquiry,IT Support,Abdullah Al-Rashid,05-05-2024 7.35,05-05-2024 8.35,05-05-2024 7.45,05-05-2024 7.40,Met,05-05-2024 8.25,Met,05-05-2024 8.25,4,Neutral,Hardware,L1,Kuwait
In Progress,654,High,Portal,General Inquiry,IT Support,Khalid Al-Farsi,31-05-2024 10.30,31-05-2024 12.30,31-05-2024 11.00,31-05-2024 10.50,Met,31-05-2024 12.27,Met,31-05-2024 12.32,4,Dissatisfied,Software,L2,Kuwait
New,655,Critical,Phone,General Inquiry,IT Support,Mohammed Al-Rashid,05-08-2024 10.59,05-08-2024 11.59,05-08-2024 11.09,05-08-2024 11.06,Met,05-08-2024 11.57,Met,05-08-2024 12.02,1,Neutral,Hardware,L2,Qatar
Resolved,656,Low,Email,Access Request,Customer Service,Fahad Al-Rashid,11-05-2024 9.06,11-05-2024 13.06,11-05-2024 10.06,11-05-2024 10.01,Met,11-05-2024 12.57,Met,11-05-2024 13.02,2,Satisfied,Hardware,L1,UAE
Open,657,Low,Phone,Network Issue,Development,Omar Al-Mansoori,04-04-2024 1.36,04-04-2024 5.36,04-04-2024 2.36,04-04-2024 2.32,Met,04-04-2024 6.16,Not Met,04-04-2024 5.18,1,Dissatisfied,Cloud,L1,Qatar
New,658,High,Portal,Software Bug,IT Support,Yousef Al-Khalifa,04-07-2024 20.18,04-07-2024 22.18,04-07-2024 20.48,04-07-2024 20.40,Met,04-07-2024 22.00,Met,04-07-2024 22.05,1,Neutral,Cloud,L3,Oman
Resolved,659,Medium,Chat,General Inquiry,Network Ops,Abdullah Al-Rashid,17-07-2024 1.08,17-07-2024 4.08,17-07-2024 1.53,17-07-2024 1.45,Met,17-07-2024 4.02,Met,17-07-2024 4.07,1,Satisfied,Hardware,L2,Bahrain
Closed,660,Low,Phone,Hardware Failure,IT Support,Yousef Al-Khalifa,22-05-2024 0.09,22-05-2024 4.09,22-05-2024 1.09,22-05-2024 1.02,Met,22-05-2024 3.49,Met,22-05-2024 3.51,1,Neutral,Network,L2,Qatar
New,661,Medium,Email,Software Bug,IT Support,Fahad Al-Rashid,22-05-2024 20.33,22-05-2024 23.33,22-05-2024 21.18,22-05-2024 21.18,Met,22-05-2024 23.25,Met,22-05-2024 23.29,5,Neutral,Cloud,L2,Qatar
In Progress,662,Low,Chat,Software Bug,Network Ops,Saif Al-Rashid,09-07-2024 19.13,09-07-2024 23.13,09-07-2024 20.13,09-07-2024 20.04,Met,09-07-2024 22.58,Met,09-07-2024 23.02,3,Satisfied,Cloud,L3,Bahrain
In Progress,663,Low,Phone,Software Bug,Development,Omar Al-Mansoori,19-07-2024 6.17,19-07-2024 10.17,19-07-2024 7.17,19-07-2024 7.09,Met,19-07-2024 9.59,Met,19-07-2024 10.04,1,Satisfied,Network,L1,Oman
New,664,High,Portal,Hardware Failure,Development,Abdullah Al-Farsi,11-05-2024 10.33,11-05-2024 12.33,11-05-2024 11.03,11-05-2024 11.01,Met,11-05-2024 12.22,Met,11-05-2024 12.22,5,Dissatisfied,Hardware,L1,Qatar
New,665,Critical,Phone,Access Request,Development,Ali Al-Khalifa,09-08-2024 0.49,09-08-2024 1.49,09-08-2024 0.59,09-08-2024 0.55,Met,09-08-2024 1.29,Met,09-08-2024 1.31,1,Satisfied,Network,L1,Oman
Open,666,Low,Email,Hardware Failure,Customer Service,Mohammed Al-Hamdan,07-07-2024 7.53,07-07-2024 11.53,07-07-2024 8.53,07-07-2024 8.45,Met,07-07-2024 11.51,Met,07-07-2024 11.56,3,Satisfied,Cloud,L1,Kuwait
New,667,Low,Phone,Software Bug,IT Support,Ali Al-Khalifa,11-05-2024 20.47,12-05-2024 0.47,11-05-2024 21.47,11-05-2024 21.38,Met,12-05-2024 0.31,Met,12-05-2024 0.35,1,Dissatisfied,Cloud,L3,Oman
In Progress,668,High,Email,Access Request,Development,Abdullah Al-Rashid,21-07-2024 19.22,21-07-2024 21.22,21-07-2024 19.52,21-07-2024 19.52,Met,21-07-2024 21.04,Met,21-07-2024 21.04,1,Satisfied,Cloud,L1,Oman
In Progress,669,Medium,Portal,Hardware Failure,Network Ops,Abdullah Al-Farsi,19-04-2024 11.59,19-04-2024 14.59,19-04-2024 12.44,19-04-2024 12.35,Met,19-04-2024 15.48,Not Met,19-04-2024 14.48,2,Dissatisfied,Hardware,L2,Qatar
Closed,670,High,Portal,Hardware Failure,Security,Ahmed Al-Nasser,15-05-2024 7.14,15-05-2024 9.14,15-05-2024 7.44,15-05-2024 7.35,Met,15-05-2024 9.11,Met,15-05-2024 9.16,4,Dissatisfied,Software,L2,Kuwait
Resolved,671,Critical,Phone,Access Request,Network Ops,Khalid Al-Rashid,25-05-2024 12.57,25-05-2024 13.57,25-05-2024 13.07,25-05-2024 13.00,Met,25-05-2024 13.42,Met,25-05-2024 13.44,5,Neutral,Software,L1,Bahrain
In Progress,672,Medium,Portal,Network Issue,Development,Yousef Al-Khalifa,23-07-2024 20.22,23-07-2024 23.22,23-07-2024 21.07,23-07-2024 21.07,Met,23-07-2024 23.13,Met,23-07-2024 23.16,3,Dissatisfied,Network,L3,Qatar
Resolved,673,Medium,Chat,Network Issue,IT Support,Ahmed Al-Nasser,30-05-2024 16.28,30-05-2024 19.28,30-05-2024 17.13,30-05-2024 17.24,Not Met,30-05-2024 19.19,Met,30-05-2024 19.22,5,Dissatisfied,Cloud,L1,Oman
Open,674,Medium,Phone,Network Issue,Security,Ahmed Al-Nasser,01-04-2024 13.33,01-04-2024 16.33,01-04-2024 14.18,01-04-2024 14.11,Met,01-04-2024 16.20,Met,01-04-2024 16.23,4,Dissatisfied,Hardware,L1,Saudi Arabia
In Progress,675,High,Phone,Access Request,IT Support,Abdullah Al-Rashid,13-06-2024 9.38,13-06-2024 11.38,13-06-2024 10.08,13-06-2024 10.02,Met,13-06-2024 11.37,Met,13-06-2024 11.39,3,Neutral,Software,L3,Oman
Open,676,Medium,Portal,General Inquiry,Security,Mohammed Al-Hamdan,16-07-2024 5.51,16-07-2024 8.51,16-07-2024 6.36,16-07-2024 6.34,Met,16-07-2024 8.43,Met,16-07-2024 8.48,2,Dissatisfied,Cloud,L1,Bahrain
Closed,677,High,Portal,Access Request,Customer Service,Abdullah Al-Rashid,16-04-2024 18.54,16-04-2024 20.54,16-04-2024 19.24,16-04-2024 19.23,Met,16-04-2024 20.47,Met,16-04-2024 20.51,1,Dissatisfied,Software,L1,Kuwait
Resolved,678,High,Portal,Access Request,Development,Saif Al-Rashid,13-07-2024 12.58,13-07-2024 14.58,13-07-2024 13.28,13-07-2024 13.23,Met,13-07-2024 14.44,Met,13-07-2024 14.48,4,Dissatisfied,Hardware,L1,Bahrain
Closed,679,High,Phone,General Inquiry,Development,Ali Al-Khalifa,14-05-2024 3.37,14-05-2024 5.37,14-05-2024 4.07,14-05-2024 4.06,Met,14-05-2024 5.26,Met,14-05-2024 5.29,5,Neutral,Software,L2,Kuwait
Closed,680,Medium,Email,Network Issue,Network Ops,Ahmed Al-Nasser,01-07-2024 23.08,02-07-2024 2.08,01-07-2024 23.53,01-07-2024 23.43,Met,02-07-2024 2.03,Met,02-07-2024 2.06,2,Dissatisfied,Hardware,L2,Oman
Open,681,Low,Portal,Access Request,IT Support,Saif Al-Rashid,01-06-2024 16.30,01-06-2024 20.30,01-06-2024 17.30,01-06-2024 17.22,Met,01-06-2024 20.22,Met,01-06-2024 20.27,4,Satisfied,Cloud,L2,Oman
Resolved,682,Low,Phone,Hardware Failure,Customer Service,Abdullah Al-Rashid,15-05-2024 9.04,15-05-2024 13.04,15-05-2024 10.04,15-05-2024 10.00,Met,15-05-2024 12.56,Met,15-05-2024 12.59,3,Neutral,Software,L2,Oman
In Progress,683,Medium,Chat,Network Issue,Network Ops,Omar Al-Mansoori,05-07-2024 15.11,05-07-2024 18.11,05-07-2024 15.56,05-07-2024 15.51,Met,05-07-2024 18.00,Met,05-07-2024 18.04,3,Dissatisfied,Hardware,L3,Kuwait
Open,684,Low,Phone,Software Bug,Security,Abdullah Al-Mansoori,10-06-2024 4.02,10-06-2024 8.02,10-06-2024 5.02,10-06-2024 4.58,Met,10-06-2024 7.42,Met,10-06-2024 7.42,3,Dissatisfied,Software,L1,Kuwait
Open,685,Critical,Phone,Access Request,Customer Service,Fahad Al-Farsi,21-05-2024 1.21,21-05-2024 2.21,21-05-2024 1.31,21-05-2024 1.31,Met,21-05-2024 2.10,Met,21-05-2024 2.15,2,Dissatisfied,Network,L1,Bahrain
In Progress,686,Medium,Chat,Network Issue,Customer Service,Saif Al-Khalifa,21-07-2024 19.42,21-07-2024 22.42,21-07-2024 20.27,21-07-2024 20.18,Met,21-07-2024 22.31,Met,21-07-2024 22.32,4,Satisfied,Cloud,L2,Kuwait
Open,687,High,Portal,Access Request,Security,Yousef Al-Sabah,20-05-2024 10.16,20-05-2024 12.16,20-05-2024 10.46,20-05-2024 10.44,Met,20-05-2024 12.04,Met,20-05-2024 12.05,1,Satisfied,Cloud,L2,Qatar
Resolved,688,High,Phone,Software Bug,Customer Service,Abdullah Al-Farsi,07-08-2024 3.29,07-08-2024 5.29,07-08-2024 3.59,07-08-2024 3.49,Met,07-08-2024 5.10,Met,07-08-2024 5.15,4,Neutral,Cloud,L3,UAE
Closed,689,Low,Phone,General Inquiry,Network Ops,Yousef Al-Sabah,10-08-2024 7.17,10-08-2024 11.17,10-08-2024 8.17,10-08-2024 8.09,Met,10-08-2024 11.14,Met,10-08-2024 11.19,5,Satisfied,Network,L2,Saudi Arabia
In Progress,690,Critical,Phone,General Inquiry,Network Ops,Mohammed Al-Rashid,20-04-2024 22.40,20-04-2024 23.40,20-04-2024 22.50,20-04-2024 22.42,Met,20-04-2024 23.34,Met,20-04-2024 23.37,4,Satisfied,Cloud,L2,UAE
Closed,691,High,Email,Access Request,IT Support,Ahmed Al-Nasser,18-05-2024 8.45,18-05-2024 10.45,18-05-2024 9.15,18-05-2024 9.15,Met,18-05-2024 10.25,Met,18-05-2024 10.25,4,Neutral,Software,L2,UAE
Open,692,Low,Portal,Software Bug,IT Support,Ali Al-Khalifa,25-04-2024 5.12,25-04-2024 9.12,25-04-2024 6.12,25-04-2024 6.04,Met,25-04-2024 8.52,Met,25-04-2024 8.57,1,Neutral,Software,L3,Bahrain
Resolved,693,Critical,Phone,Hardware Failure,Customer Service,Ali Al-Khalifa,15-06-2024 22.25,15-06-2024 23.25,15-06-2024 22.35,15-06-2024 22.28,Met,15-06-2024 23.12,Met,15-06-2024 23.16,1,Satisfied,Software,L2,Qatar
In Progress,694,Low,Email,Network Issue,Customer Service,Mohammed Al-Rashid,11-07-2024 14.19,11-07-2024 18.19,11-07-2024 15.19,11-07-2024 15.10,Met,11-07-2024 18.18,Met,11-07-2024 18.22,2,Satisfied,Software,L3,Kuwait
In Progress,695,Low,Chat,Access Request,Customer Service,Saif Al-Rashid,03-06-2024 6.09,03-06-2024 10.09,03-06-2024 7.09,03-06-2024 7.00,Met,03-06-2024 10.00,Met,03-06-2024 10.03,1,Satisfied,Hardware,L1,Kuwait
Resolved,696,Low,Phone,Access Request,Development,Saif Al-Rashid,05-07-2024 16.02,05-07-2024 20.02,05-07-2024 17.02,05-07-2024 16.53,Met,05-07-2024 19.45,Met,05-07-2024 19.45,1,Neutral,Network,L2,UAE
New,697,Low,Chat,Software Bug,Network Ops,Mohammed Al-Rashid,14-04-2024 9.26,14-04-2024 13.26,14-04-2024 10.26,14-04-2024 10.22,Met,14-04-2024 13.25,Met,14-04-2024 13.29,2,Dissatisfied,Cloud,L2,Oman
Closed,698,Low,Portal,General Inquiry,Network Ops,Hassan Al-Rashid,05-04-2024 15.45,05-04-2024 19.45,05-04-2024 16.45,05-04-2024 16.44,Met,05-04-2024 19.45,Met,05-04-2024 19.49,3,Satisfied,Network,L2,Bahrain
Resolved,699,Critical,Email,Access Request,Security,Mohammed Al-Hamdan,20-04-2024 13.57,20-04-2024 14.57,20-04-2024 14.07,20-04-2024 13.58,Met,20-04-2024 14.51,Met,20-04-2024 14.51,3,Satisfied,Network,L2,Oman
New,700,High,Phone,Software Bug,Security,Hassan Al-Hamdan,29-07-2024 17.23,29-07-2024 19.23,29-07-2024 17.53,29-07-2024 17.49,Met,29-07-2024 19.09,Met,29-07-2024 19.11,1,Satisfied,Network,L1,Saudi Arabia
In Progress,701,Low,Phone,Hardware Failure,IT Support,Mohammed Al-Rashid,03-07-2024 15.57,03-07-2024 19.57,03-07-2024 16.57,03-07-2024 16.48,Met,03-07-2024 19.41,Met,03-07-2024 19.44,1,Satisfied,Network,L3,Saudi Arabia
Open,702,Low,Email,Access Request,Customer Service,Khalid Al-Rashid,01-06-2024 18.10,01-06-2024 22.10,01-06-2024 19.10,01-06-2024 19.00,Met,01-06-2024 21.59,Met,01-06-2024 22.00,3,Dissatisfied,Network,L1,Saudi Arabia
In Progress,703,Medium,Phone,Hardware Failure,Network Ops,Abdullah Al-Farsi,18-04-2024 5.48,18-04-2024 8.48,18-04-2024 6.33,18-04-2024 6.25,Met,18-04-2024 8.45,Met,18-04-2024 8.47,5,Satisfied,Software,L3,Saudi Arabia
Open,704,Critical,Phone,Software Bug,Security,Fahad Al-Rashid,03-06-2024 2.39,03-06-2024 3.39,03-06-2024 2.49,03-06-2024 2.40,Met,03-06-2024 3.35,Met,03-06-2024 3.37,4,Neutral,Cloud,L2,Oman
New,705,Critical,Email,Network Issue,Security,Abdullah Al-Rashid,26-05-2024 20.04,26-05-2024 21.04,26-05-2024 20.14,26-05-2024 20.04,Met,26-05-2024 20.54,Met,26-05-2024 20.59,1,Satisfied,Cloud,L3,UAE
In Progress,706,Medium,Phone,Software Bug,Customer Service,Ahmed Al-Nasser,06-06-2024 21.54,07-06-2024 0.54,06-06-2024 22.39,06-06-2024 22.33,Met,07-06-2024 0.43,Met,07-06-2024 0.45,5,Dissatisfied,Network,L2,Saudi Arabia
Resolved,707,Critical,Chat,Hardware Failure,Security,Yousef Al-Khalifa,03-06-2024 11.49,03-06-2024 12.49,03-06-2024 11.59,03-06-2024 11.54,Met,03-06-2024 12.42,Met,03-06-2024 12.46,2,Satisfied,Network,L2,Saudi Arabia
Closed,708,Low,Portal,Access Request,Network Ops,Khalid Al-Rashid,14-05-2024 15.50,14-05-2024 19.50,14-05-2024 16.50,14-05-2024 16.41,Met,14-05-2024 19.34,Met,14-05-2024 19.37,1,Neutral,Hardware,L1,UAE
Closed,709,High,Portal,Hardware Failure,IT Support,Fahad Al-Rashid,24-07-2024 5.34,24-07-2024 7.34,24-07-2024 6.04,24-07-2024 5.54,Met,24-07-2024 7.22,Met,24-07-2024 7.25,4,Dissatisfied,Cloud,L1,Kuwait
Resolved,710,Critical,Phone,Access Request,Security,Khalid Al-Rashid,21-07-2024 4.37,21-07-2024 5.37,21-07-2024 4.47,21-07-2024 4.39,Met,21-07-2024 5.36,Met,21-07-2024 5.39,3,Dissatisfied,Cloud,L3,Bahrain
Resolved,711,Medium,Chat,Software Bug,IT Support,Yousef Al-Khalifa,09-08-2024 16.46,09-08-2024 19.46,09-08-2024 17.31,09-08-2024 17.31,Met,09-08-2024 19.28,Met,09-08-2024 19.29,1,Neutral,Cloud,L2,Oman
Resolved,712,High,Chat,General Inquiry,Network Ops,Abdullah Al-Rashid,25-04-2024 23.54,26-04-2024 1.54,26-04-2024 0.24,26-04-2024 0.20,Met,26-04-2024 1.36,Met,26-04-2024 1.41,1,Neutral,Network,L2,Oman
New,713,Low,Email,Hardware Failure,Customer Service,Mohammed Al-Rashid,07-07-2024 13.44,07-07-2024 17.44,07-07-2024 14.44,07-07-2024 14.36,Met,07-07-2024 17.36,Met,07-07-2024 17.38,5,Dissatisfied,Software,L1,Oman
Open,714,Medium,Portal,Access Request,Customer Service,Ali Al-Khalifa,22-06-2024 21.41,23-06-2024 0.41,22-06-2024 22.26,22-06-2024 22.26,Met,23-06-2024 0.23,Met,23-06-2024 0.25,1,Satisfied,Network,L1,Bahrain
Closed,715,Low,Phone,Hardware Failure,Development,Mohammed Al-Hamdan,04-04-2024 21.45,05-04-2024 1.45,04-04-2024 22.45,04-04-2024 22.39,Met,05-04-2024 1.32,Met,05-04-2024 1.35,1,Neutral,Hardware,L2,Bahrain
In Progress,716,High,Email,General Inquiry,Development,Mohammed Al-Rashid,08-07-2024 6.34,08-07-2024 8.34,08-07-2024 7.04,08-07-2024 6.57,Met,08-07-2024 8.30,Met,08-07-2024 8.32,5,Dissatisfied,Network,L1,UAE
Closed,717,Low,Phone,Access Request,Network Ops,Yousef Al-Khalifa,20-05-2024 22.49,21-05-2024 2.49,20-05-2024 23.49,20-05-2024 23.48,Met,21-05-2024 2.47,Met,21-05-2024 2.52,4,Satisfied,Cloud,L2,Qatar
New,718,Medium,Phone,Access Request,Network Ops,Mohammed Al-Rashid,08-07-2024 17.07,08-07-2024 20.07,08-07-2024 17.52,08-07-2024 17.59,Not Met,08-07-2024 19.59,Met,08-07-2024 20.04,1,Satisfied,Cloud,L2,Oman
Resolved,719,High,Phone,Software Bug,Customer Service,Ahmed Al-Salem,09-04-2024 7.09,09-04-2024 9.09,09-04-2024 7.39,09-04-2024 7.37,Met,09-04-2024 9.01,Met,09-04-2024 9.01,1,Neutral,Network,L3,Kuwait
In Progress,720,Low,Email,Software Bug,Network Ops,Ahmed Al-Salem,27-05-2024 23.00,28-05-2024 3.00,28-05-2024 0.00,27-05-2024 23.52,Met,28-05-2024 2.59,Met,28-05-2024 3.03,2,Neutral,Software,L3,UAE
In Progress,721,Critical,Portal,Software Bug,Network Ops,Fahad Al-Farsi,03-04-2024 22.09,03-04-2024 23.09,03-04-2024 22.19,03-04-2024 22.13,Met,03-04-2024 22.49,Met,03-04-2024 22.53,1,Dissatisfied,Software,L2,Kuwait
Resolved,722,Medium,Portal,Software Bug,Security,Fahad Al-Rashid,04-05-2024 6.34,04-05-2024 9.34,04-05-2024 7.19,04-05-2024 7.12,Met,04-05-2024 9.24,Met,04-05-2024 9.25,3,Satisfied,Network,L2,UAE
New,723,Medium,Phone,Software Bug,Security,Ali Al-Khalifa,14-06-2024 3.30,14-06-2024 6.30,14-06-2024 4.15,14-06-2024 4.10,Met,14-06-2024 6.25,Met,14-06-2024 6.25,2,Satisfied,Network,L2,Saudi Arabia
Resolved,724,Critical,Email,General Inquiry,Customer Service,Mohammed Al-Hamdan,14-06-2024 2.43,14-06-2024 3.43,14-06-2024 2.53,14-06-2024 2.43,Met,14-06-2024 3.33,Met,14-06-2024 3.34,1,Neutral,Hardware,L3,Qatar
Closed,725,Medium,Portal,Software Bug,Development,Mohammed Al-Hamdan,31-05-2024 9.25,31-05-2024 12.25,31-05-2024 10.10,31-05-2024 10.07,Met,31-05-2024 12.07,Met,31-05-2024 12.11,5,Satisfied,Hardware,L3,Bahrain
New,726,Medium,Portal,Access Request,Development,Mohammed Al-Hamdan,24-05-2024 13.26,24-05-2024 16.26,24-05-2024 14.11,24-05-2024 14.03,Met,24-05-2024 16.06,Met,24-05-2024 16.11,2,Dissatisfied,Software,L1,Qatar
Resolved,727,Critical,Portal,Hardware Failure,Security,Mohammed Al-Rashid,16-05-2024 23.07,17-05-2024 0.07,16-05-2024 23.17,16-05-2024 23.16,Met,16-05-2024 23.56,Met,16-05-2024 23.58,1,Dissatisfied,Network,L2,Bahrain
In Progress,728,Critical,Portal,Software Bug,Customer Service,Yousef Al-Khalifa,21-06-2024 1.48,21-06-2024 2.48,21-06-2024 1.58,21-06-2024 1.55,Met,21-06-2024 2.30,Met,21-06-2024 2.33,2,Neutral,Cloud,L1,Oman
New,729,High,Email,Access Request,Customer Service,Saif Al-Rashid,24-05-2024 22.52,25-05-2024 0.52,24-05-2024 23.22,24-05-2024 23.15,Met,25-05-2024 0.47,Met,25-05-2024 0.49,1,Neutral,Hardware,L2,Qatar
Closed,730,Critical,Chat,Network Issue,Development,Ahmed Al-Nasser,31-07-2024 5.36,31-07-2024 6.36,31-07-2024 5.46,31-07-2024 5.40,Met,31-07-2024 6.22,Met,31-07-2024 6.26,5,Satisfied,Hardware,L3,UAE
Closed,731,High,Portal,General Inquiry,IT Support,Omar Al-Salem,11-04-2024 23.19,12-04-2024 1.19,11-04-2024 23.49,11-04-2024 23.46,Met,12-04-2024 1.14,Met,12-04-2024 1.19,4,Satisfied,Hardware,L1,Oman
In Progress,732,Medium,Portal,Access Request,IT Support,Abdullah Al-Mansoori,10-04-2024 5.23,10-04-2024 8.23,10-04-2024 6.08,10-04-2024 6.04,Met,10-04-2024 8.23,Met,10-04-2024 8.23,3,Dissatisfied,Hardware,L1,Qatar
Open,733,Low,Email,Hardware Failure,Development,Hassan Al-Rashid,05-08-2024 23.08,06-08-2024 3.08,06-08-2024 0.08,06-08-2024 0.08,Met,06-08-2024 3.07,Met,06-08-2024 3.07,2,Satisfied,Cloud,L3,Kuwait
New,734,Critical,Phone,Software Bug,Network Ops,Khalid Al-Rashid,15-06-2024 13.31,15-06-2024 14.31,15-06-2024 13.41,15-06-2024 13.35,Met,15-06-2024 14.23,Met,15-06-2024 14.28,2,Neutral,Cloud,L3,Bahrain
Open,735,Critical,Chat,Hardware Failure,Security,Fahad Al-Farsi,30-07-2024 6.14,30-07-2024 7.14,30-07-2024 6.24,30-07-2024 6.23,Met,30-07-2024 7.14,Met,30-07-2024 7.19,1,Satisfied,Hardware,L2,UAE
New,736,Medium,Chat,Access Request,Customer Service,Khalid Al-Farsi,09-08-2024 3.41,09-08-2024 6.41,09-08-2024 4.26,09-08-2024 4.18,Met,09-08-2024 6.27,Met,09-08-2024 6.32,1,Neutral,Hardware,L3,Oman
Closed,737,High,Email,General Inquiry,Customer Service,Fahad Al-Rashid,24-05-2024 4.35,24-05-2024 6.35,24-05-2024 5.05,24-05-2024 5.02,Met,24-05-2024 6.18,Met,24-05-2024 6.18,2,Dissatisfied,Network,L3,Kuwait
Open,738,Low,Chat,Software Bug,Customer Service,Saif Al-Rashid,06-08-2024 11.13,06-08-2024 15.13,06-08-2024 12.13,06-08-2024 12.08,Met,06-08-2024 14.58,Met,06-08-2024 14.59,1,Neutral,Software,L1,Bahrain
In Progress,739,High,Chat,Access Request,IT Support,Ahmed Al-Nasser,22-07-2024 5.07,22-07-2024 7.07,22-07-2024 5.37,22-07-2024 5.27,Met,22-07-2024 6.49,Met,22-07-2024 6.54,1,Neutral,Cloud,L3,Saudi Arabia
In Progress,740,Critical,Portal,Network Issue,Development,Abdullah Al-Rashid,18-06-2024 4.48,18-06-2024 5.48,18-06-2024 4.58,18-06-2024 4.54,Met,18-06-2024 5.41,Met,18-06-2024 5.46,5,Satisfied,Software,L1,Kuwait
Resolved,741,Low,Phone,Software Bug,Network Ops,Ali Al-Khalifa,21-05-2024 6.50,21-05-2024 10.50,21-05-2024 7.50,21-05-2024 7.40,Met,21-05-2024 10.46,Met,21-05-2024 10.48,4,Satisfied,Cloud,L3,Oman
New,742,High,Chat,Hardware Failure,Customer Service,Fahad Al-Rashid,23-04-2024 1.21,23-04-2024 3.21,23-04-2024 1.51,23-04-2024 1.50,Met,23-04-2024 3.03,Met,23-04-2024 3.05,1,Neutral,Hardware,L2,Oman
New,743,High,Chat,Network Issue,IT Support,Saif Al-Rashid,24-06-2024 2.09,24-06-2024 4.09,24-06-2024 2.39,24-06-2024 2.38,Met,24-06-2024 4.09,Met,24-06-2024 4.10,3,Dissatisfied,Cloud,L1,Kuwait
Closed,744,Low,Phone,Hardware Failure,Customer Service,Mohammed Al-Rashid,09-08-2024 22.13,10-08-2024 2.13,09-08-2024 23.13,09-08-2024 23.09,Met,10-08-2024 2.13,Met,10-08-2024 2.14,3,Satisfied,Network,L3,Bahrain
Resolved,745,Low,Portal,General Inquiry,Customer Service,Saif Al-Khalifa,22-05-2024 20.28,23-05-2024 0.28,22-05-2024 21.28,22-05-2024 21.38,Not Met,23-05-2024 0.09,Met,23-05-2024 0.09,2,Satisfied,Network,L2,Oman
In Progress,746,Low,Chat,Hardware Failure,Development,Abdullah Al-Farsi,20-06-2024 18.46,20-06-2024 22.46,20-06-2024 19.46,20-06-2024 19.43,Met,20-06-2024 22.33,Met,20-06-2024 22.37,4,Satisfied,Network,L3,Kuwait
Resolved,747,Low,Portal,Network Issue,Customer Service,Abdullah Al-Rashid,18-04-2024 13.25,18-04-2024 17.25,18-04-2024 14.25,18-04-2024 14.15,Met,18-04-2024 17.06,Met,18-04-2024 17.07,3,Neutral,Software,L2,Saudi Arabia
New,748,Critical,Chat,Network Issue,Network Ops,Mohammed Al-Hamdan,27-07-2024 3.26,27-07-2024 4.26,27-07-2024 3.36,27-07-2024 3.28,Met,27-07-2024 4.25,Met,27-07-2024 4.27,1,Satisfied,Cloud,L1,Kuwait
In Progress,749,Low,Phone,Hardware Failure,Customer Service,Mohammed Al-Rashid,28-05-2024 21.43,29-05-2024 1.43,28-05-2024 22.43,28-05-2024 22.35,Met,29-05-2024 1.27,Met,29-05-2024 1.28,1,Satisfied,Software,L3,Bahrain
Closed,750,Critical,Chat,Network Issue,Security,Ahmed Al-Nasser,08-07-2024 18.30,08-07-2024 19.30,08-07-2024 18.40,08-07-2024 18.34,Met,08-07-2024 19.26,Met,08-07-2024 19.31,3,Satisfied,Software,L1,Oman
Open,751,Critical,Portal,Software Bug,Development,Ali Al-Khalifa,27-07-2024 12.48,27-07-2024 13.48,27-07-2024 12.58,27-07-2024 12.56,Met,27-07-2024 13.42,Met,27-07-2024 13.46,5,Neutral,Hardware,L2,Bahrain
Closed,752,Critical,Chat,Access Request,Network Ops,Khalid Al-Farsi,18-07-2024 3.50,18-07-2024 4.50,18-07-2024 4.00,18-07-2024 3.54,Met,18-07-2024 4.46,Met,18-07-2024 4.50,4,Satisfied,Software,L3,Oman
New,753,High,Phone,General Inquiry,Development,Fahad Al-Rashid,03-07-2024 22.39,04-07-2024 0.39,03-07-2024 23.09,03-07-2024 22.59,Met,04-07-2024 0.32,Met,04-07-2024 0.32,4,Satisfied,Cloud,L1,Bahrain
In Progress,754,Medium,Portal,Software Bug,IT Support,Mohammed Al-Hamdan,17-06-2024 3.03,17-06-2024 6.03,17-06-2024 3.48,17-06-2024 3.48,Met,17-06-2024 5.59,Met,17-06-2024 6.02,1,Neutral,Hardware,L2,Bahrain
Closed,755,Critical,Email,Software Bug,Security,Saif Al-Khalifa,27-07-2024 3.13,27-07-2024 4.13,27-07-2024 3.23,27-07-2024 3.19,Met,27-07-2024 4.04,Met,27-07-2024 4.06,1,Neutral,Cloud,L1,Bahrain
In Progress,756,Low,Email,Access Request,IT Support,Omar Al-Salem,06-07-2024 17.32,06-07-2024 21.32,06-07-2024 18.32,06-07-2024 18.25,Met,06-07-2024 21.26,Met,06-07-2024 21.30,2,Neutral,Hardware,L1,Oman
New,757,Low,Chat,Access Request,Network Ops,Yousef Al-Khalifa,13-07-2024 17.23,13-07-2024 21.23,13-07-2024 18.23,13-07-2024 18.21,Met,13-07-2024 21.08,Met,13-07-2024 21.11,3,Satisfied,Network,L1,Qatar
In Progress,758,Medium,Portal,Software Bug,Network Ops,Hassan Al-Rashid,15-04-2024 9.33,15-04-2024 12.33,15-04-2024 10.18,15-04-2024 10.16,Met,15-04-2024 12.32,Met,15-04-2024 12.37,1,Dissatisfied,Network,L3,Bahrain
Open,759,High,Phone,Network Issue,Customer Service,Abdullah Al-Rashid,05-07-2024 13.57,05-07-2024 15.57,05-07-2024 14.27,05-07-2024 14.17,Met,05-07-2024 15.46,Met,05-07-2024 15.48,5,Satisfied,Cloud,L3,Bahrain
In Progress,760,High,Portal,Access Request,Customer Service,Mohammed Al-Rashid,31-05-2024 8.11,31-05-2024 10.11,31-05-2024 8.41,31-05-2024 8.36,Met,31-05-2024 9.52,Met,31-05-2024 9.53,3,Satisfied,Cloud,L3,Saudi Arabia
Closed,761,High,Email,Access Request,Security,Khalid Al-Rashid,12-06-2024 16.09,12-06-2024 18.09,12-06-2024 16.39,12-06-2024 16.31,Met,12-06-2024 17.59,Met,12-06-2024 18.01,3,Dissatisfied,Hardware,L3,Saudi Arabia
Resolved,762,High,Email,Access Request,IT Support,Ali Al-Khalifa,28-07-2024 15.59,28-07-2024 17.59,28-07-2024 16.29,28-07-2024 16.21,Met,28-07-2024 17.46,Met,28-07-2024 17.51,4,Dissatisfied,Hardware,L3,Kuwait
In Progress,763,High,Phone,Hardware Failure,Network Ops,Mohammed Al-Rashid,20-07-2024 22.15,21-07-2024 0.15,20-07-2024 22.45,20-07-2024 22.39,Met,21-07-2024 0.05,Met,21-07-2024 0.08,3,Satisfied,Hardware,L1,UAE
Open,764,Critical,Chat,Network Issue,Network Ops,Yousef Al-Sabah,29-07-2024 14.52,29-07-2024 15.52,29-07-2024 15.02,29-07-2024 14.54,Met,29-07-2024 15.44,Met,29-07-2024 15.44,5,Dissatisfied,Software,L1,Kuwait
Closed,765,Medium,Portal,Hardware Failure,Security,Hassan Al-Hamdan,30-04-2024 16.16,30-04-2024 19.16,30-04-2024 17.01,30-04-2024 16.52,Met,30-04-2024 19.13,Met,30-04-2024 19.14,1,Neutral,Software,L3,Oman
New,766,Medium,Phone,Access Request,Development,Saif Al-Rashid,29-07-2024 4.57,29-07-2024 7.57,29-07-2024 5.42,29-07-2024 5.33,Met,29-07-2024 7.41,Met,29-07-2024 7.42,1,Dissatisfied,Software,L3,UAE
New,767,Critical,Chat,Network Issue,Security,Saif Al-Khalifa,14-07-2024 9.17,14-07-2024 10.17,14-07-2024 9.27,14-07-2024 9.22,Met,14-07-2024 10.05,Met,14-07-2024 10.07,3,Neutral,Hardware,L1,UAE
New,768,Low,Phone,Access Request,Customer Service,Abdullah Al-Rashid,08-08-2024 9.33,08-08-2024 13.33,08-08-2024 10.33,08-08-2024 10.30,Met,08-08-2024 13.30,Met,08-08-2024 13.31,2,Dissatisfied,Network,L3,Qatar
Resolved,769,Medium,Portal,General Inquiry,Security,Mohammed Al-Hamdan,28-07-2024 6.44,28-07-2024 9.44,28-07-2024 7.29,28-07-2024 7.23,Met,28-07-2024 9.33,Met,28-07-2024 9.36,1,Dissatisfied,Hardware,L2,Kuwait
Open,770,Medium,Phone,Network Issue,Development,Fahad Al-Rashid,14-06-2024 14.45,14-06-2024 17.45,14-06-2024 15.30,14-06-2024 15.21,Met,14-06-2024 17.32,Met,14-06-2024 17.32,3,Satisfied,Network,L1,Kuwait
New,771,Medium,Email,Software Bug,Security,Abdullah Al-Rashid,16-05-2024 16.48,16-05-2024 19.48,16-05-2024 17.33,16-05-2024 17.23,Met,16-05-2024 19.38,Met,16-05-2024 19.38,3,Satisfied,Network,L1,UAE
New,772,High,Email,Network Issue,Development,Fahad Al-Rashid,05-08-2024 7.05,05-08-2024 9.05,05-08-2024 7.35,05-08-2024 7.29,Met,05-08-2024 9.03,Met,05-08-2024 9.08,4,Satisfied,Network,L1,Bahrain
Open,773,Critical,Portal,General Inquiry,IT Support,Khalid Al-Farsi,14-06-2024 14.58,14-06-2024 15.58,14-06-2024 15.08,14-06-2024 15.07,Met,14-06-2024 15.52,Met,14-06-2024 15.57,3,Neutral,Network,L3,Saudi Arabia
Open,774,Critical,Portal,Hardware Failure,Security,Fahad Al-Rashid,18-05-2024 8.36,18-05-2024 9.36,18-05-2024 8.46,18-05-2024 8.46,Met,18-05-2024 9.26,Met,18-05-2024 9.28,3,Dissatisfied,Software,L3,UAE
Closed,775,Low,Email,General Inquiry,Security,Fahad Al-Rashid,10-07-2024 11.37,10-07-2024 15.37,10-07-2024 12.37,10-07-2024 12.28,Met,10-07-2024 15.33,Met,10-07-2024 15.34,5,Satisfied,Cloud,L3,Saudi Arabia
New,776,Critical,Phone,Access Request,Network Ops,Hassan Al-Rashid,06-04-2024 2.36,06-04-2024 3.36,06-04-2024 2.46,06-04-2024 2.41,Met,06-04-2024 3.34,Met,06-04-2024 3.36,3,Dissatisfied,Software,L3,Oman
Open,777,Medium,Portal,Network Issue,Security,Khalid Al-Farsi,03-08-2024 3.30,03-08-2024 6.30,03-08-2024 4.15,03-08-2024 4.12,Met,03-08-2024 6.28,Met,03-08-2024 6.30,4,Dissatisfied,Cloud,L3,Kuwait
Open,778,Low,Chat,Hardware Failure,Network Ops,Ali Al-Khalifa,11-04-2024 16.54,11-04-2024 20.54,11-04-2024 17.54,11-04-2024 17.48,Met,11-04-2024 20.39,Met,11-04-2024 20.42,1,Satisfied,Hardware,L2,Oman
In Progress,779,Low,Phone,Access Request,IT Support,Saif Al-Rashid,23-07-2024 17.06,23-07-2024 21.06,23-07-2024 18.06,23-07-2024 18.03,Met,23-07-2024 20.52,Met,23-07-2024 20.54,4,Dissatisfied,Cloud,L3,Bahrain
New,780,Medium,Email,General Inquiry,Security,Abdullah Al-Farsi,20-05-2024 17.30,20-05-2024 20.30,20-05-2024 18.15,20-05-2024 18.06,Met,20-05-2024 20.30,Met,20-05-2024 20.32,4,Dissatisfied,Cloud,L2,Kuwait
Closed,781,High,Portal,General Inquiry,Development,Yousef Al-Khalifa,09-07-2024 17.04,09-07-2024 19.04,09-07-2024 17.34,09-07-2024 17.29,Met,09-07-2024 18.55,Met,09-07-2024 18.58,4,Neutral,Software,L2,Oman
In Progress,782,Critical,Chat,Software Bug,Security,Yousef Al-Khalifa,07-08-2024 23.00,08-08-2024 0.00,07-08-2024 23.10,07-08-2024 23.06,Met,08-08-2024 0.00,Met,08-08-2024 0.03,3,Satisfied,Software,L1,Saudi Arabia
Closed,783,High,Chat,Software Bug,IT Support,Mohammed Al-Hamdan,16-07-2024 21.07,16-07-2024 23.07,16-07-2024 21.37,16-07-2024 21.31,Met,16-07-2024 22.50,Met,16-07-2024 22.52,3,Dissatisfied,Cloud,L2,Saudi Arabia
Closed,784,Low,Chat,Hardware Failure,IT Support,Mohammed Al-Rashid,25-06-2024 14.53,25-06-2024 18.53,25-06-2024 15.53,25-06-2024 15.48,Met,25-06-2024 18.47,Met,25-06-2024 18.52,2,Neutral,Hardware,L3,Saudi Arabia
Closed,785,Medium,Email,Software Bug,Security,Yousef Al-Khalifa,18-04-2024 6.08,18-04-2024 9.08,18-04-2024 6.53,18-04-2024 6.51,Met,18-04-2024 8.55,Met,18-04-2024 9.00,5,Neutral,Software,L1,Oman
New,786,Critical,Phone,Hardware Failure,Customer Service,Khalid Al-Farsi,29-06-2024 12.32,29-06-2024 13.32,29-06-2024 12.42,29-06-2024 12.34,Met,29-06-2024 13.14,Met,29-06-2024 13.14,3,Dissatisfied,Software,L3,Bahrain
Resolved,787,Critical,Phone,General Inquiry,Security,Fahad Al-Rashid,22-05-2024 3.33,22-05-2024 4.33,22-05-2024 3.43,22-05-2024 3.41,Met,22-05-2024 4.20,Met,22-05-2024 4.22,4,Dissatisfied,Cloud,L3,UAE
Closed,788,Low,Phone,General Inquiry,Security,Abdullah Al-Rashid,03-06-2024 3.52,03-06-2024 7.52,03-06-2024 4.52,03-06-2024 4.58,Not Met,03-06-2024 7.45,Met,03-06-2024 7.50,1,Satisfied,Software,L3,Saudi Arabia
New,789,Medium,Portal,Hardware Failure,Network Ops,Khalid Al-Farsi,30-07-2024 22.29,31-07-2024 1.29,30-07-2024 23.14,30-07-2024 23.11,Met,31-07-2024 1.15,Met,31-07-2024 1.18,1,Dissatisfied,Cloud,L3,Oman
Open,790,High,Portal,Access Request,Customer Service,Fahad Al-Farsi,30-04-2024 6.28,30-04-2024 8.28,30-04-2024 6.58,30-04-2024 6.49,Met,30-04-2024 8.23,Met,30-04-2024 8.25,4,Dissatisfied,Network,L3,Saudi Arabia
Closed,791,Medium,Email,Access Request,Development,Ali Al-Khalifa,15-04-2024 15.17,15-04-2024 18.17,15-04-2024 16.02,15-04-2024 16.00,Met,15-04-2024 18.05,Met,15-04-2024 18.09,3,Dissatisfied,Cloud,L2,Qatar
Resolved,792,Medium,Chat,Access Request,IT Support,Hassan Al-Hamdan,02-05-2024 17.02,02-05-2024 20.02,02-05-2024 17.47,02-05-2024 17.37,Met,02-05-2024 19.45,Met,02-05-2024 19.48,5,Satisfied,Network,L2,Saudi Arabia
Open,793,High,Email,Hardware Failure,Security,Yousef Al-Khalifa,07-07-2024 9.11,07-07-2024 11.11,07-07-2024 9.41,07-07-2024 9.37,Met,07-07-2024 10.52,Met,07-07-2024 10.57,3,Neutral,Software,L3,UAE
Open,794,Low,Chat,Hardware Failure,Customer Service,Saif Al-Rashid,26-05-2024 0.10,26-05-2024 4.10,26-05-2024 1.10,26-05-2024 1.10,Met,26-05-2024 3.59,Met,26-05-2024 4.02,5,Satisfied,Software,L1,Bahrain
In Progress,795,High,Phone,Network Issue,Development,Ahmed Al-Nasser,16-06-2024 1.06,16-06-2024 3.06,16-06-2024 1.36,16-06-2024 1.29,Met,16-06-2024 2.52,Met,16-06-2024 2.54,4,Satisfied,Software,L3,UAE
New,796,High,Portal,Hardware Failure,Security,Fahad Al-Rashid,09-08-2024 18.22,09-08-2024 20.22,09-08-2024 18.52,09-08-2024 18.46,Met,09-08-2024 20.20,Met,09-08-2024 20.24,1,Satisfied,Cloud,L3,Kuwait
Closed,797,Medium,Email,Network Issue,Network Ops,Hassan Al-Hamdan,01-04-2024 22.31,02-04-2024 1.31,01-04-2024 23.16,01-04-2024 23.07,Met,02-04-2024 1.30,Met,02-04-2024 1.30,4,Dissatisfied,Hardware,L1,Kuwait
New,798,Low,Phone,Software Bug,Customer Service,Abdullah Al-Rashid,27-05-2024 5.29,27-05-2024 9.29,27-05-2024 6.29,27-05-2024 6.19,Met,27-05-2024 9.11,Met,27-05-2024 9.12,2,Neutral,Network,L2,Oman
Closed,799,High,Chat,Hardware Failure,Network Ops,Abdullah Al-Rashid,24-04-2024 13.51,24-04-2024 15.51,24-04-2024 14.21,24-04-2024 14.12,Met,24-04-2024 15.40,Met,24-04-2024 15.41,2,Dissatisfied,Hardware,L3,Bahrain
In Progress,800,Critical,Phone,Software Bug,Security,Omar Al-Salem,30-04-2024 12.25,30-04-2024 13.25,30-04-2024 12.35,30-04-2024 12.35,Met,30-04-2024 13.24,Met,30-04-2024 13.29,3,Dissatisfied,Cloud,L2,Saudi Arabia
New,801,Low,Phone,Software Bug,Security,Yousef Al-Khalifa,16-07-2024 22.55,17-07-2024 2.55,16-07-2024 23.55,16-07-2024 23.46,Met,17-07-2024 2.45,Met,17-07-2024 2.49,4,Dissatisfied,Hardware,L1,UAE
In Progress,802,High,Phone,Access Request,Network Ops,Abdullah Al-Rashid,07-05-2024 7.36,07-05-2024 9.36,07-05-2024 8.06,07-05-2024 8.06,Met,07-05-2024 9.33,Met,07-05-2024 9.37,1,Dissatisfied,Software,L2,Qatar
Closed,803,High,Chat,Software Bug,Security,Mohammed Al-Hamdan,24-07-2024 21.50,24-07-2024 23.50,24-07-2024 22.20,24-07-2024 22.19,Met,24-07-2024 23.30,Met,24-07-2024 23.31,5,Neutral,Software,L2,UAE
In Progress,804,High,Chat,Software Bug,Customer Service,Abdullah Al-Mansoori,14-06-2024 0.36,14-06-2024 2.36,14-06-2024 1.06,14-06-2024 0.56,Met,14-06-2024 2.22,Met,14-06-2024 2.23,2,Satisfied,Hardware,L3,Bahrain
Closed,805,High,Phone,General Inquiry,IT Support,Hassan Al-Rashid,10-07-2024 19.20,10-07-2024 21.20,10-07-2024 19.50,10-07-2024 19.40,Met,10-07-2024 21.18,Met,10-07-2024 21.23,4,Neutral,Cloud,L3,Oman
Resolved,806,High,Email,Network Issue,Development,Khalid Al-Rashid,07-04-2024 7.41,07-04-2024 9.41,07-04-2024 8.11,07-04-2024 8.09,Met,07-04-2024 9.32,Met,07-04-2024 9.32,5,Satisfied,Network,L2,Oman
Resolved,807,Critical,Chat,Access Request,Customer Service,Saif Al-Rashid,06-08-2024 9.18,06-08-2024 10.18,06-08-2024 9.28,06-08-2024 9.27,Met,06-08-2024 10.08,Met,06-08-2024 10.10,4,Neutral,Cloud,L1,Qatar
Closed,808,High,Chat,General Inquiry,Security,Saif Al-Khalifa,16-06-2024 9.11,16-06-2024 11.11,16-06-2024 9.41,16-06-2024 9.39,Met,16-06-2024 10.56,Met,16-06-2024 11.00,1,Neutral,Software,L3,Saudi Arabia
New,809,High,Portal,Network Issue,Development,Abdullah Al-Farsi,30-04-2024 1.40,30-04-2024 3.40,30-04-2024 2.10,30-04-2024 2.07,Met,30-04-2024 3.36,Met,30-04-2024 3.41,2,Dissatisfied,Cloud,L2,Oman
Resolved,810,Critical,Chat,Access Request,Customer Service,Fahad Al-Rashid,07-06-2024 5.25,07-06-2024 6.25,07-06-2024 5.35,07-06-2024 5.32,Met,07-06-2024 6.16,Met,07-06-2024 6.20,2,Neutral,Hardware,L3,Bahrain
New,811,Medium,Email,Hardware Failure,Security,Yousef Al-Khalifa,25-07-2024 12.09,25-07-2024 15.09,25-07-2024 12.54,25-07-2024 12.53,Met,25-07-2024 15.06,Met,25-07-2024 15.07,5,Neutral,Hardware,L1,Kuwait
Closed,812,High,Chat,Access Request,Network Ops,Fahad Al-Farsi,22-07-2024 17.59,22-07-2024 19.59,22-07-2024 18.29,22-07-2024 18.25,Met,22-07-2024 19.49,Met,22-07-2024 19.50,1,Neutral,Software,L1,Oman
New,813,Medium,Phone,Hardware Failure,Security,Ali Al-Khalifa,28-07-2024 6.33,28-07-2024 9.33,28-07-2024 7.18,28-07-2024 7.17,Met,28-07-2024 9.25,Met,28-07-2024 9.27,3,Neutral,Hardware,L1,Kuwait
Open,814,High,Phone,Access Request,Security,Abdullah Al-Mansoori,19-04-2024 14.49,19-04-2024 16.49,19-04-2024 15.19,19-04-2024 15.15,Met,19-04-2024 16.40,Met,19-04-2024 16.40,5,Neutral,Hardware,L1,Qatar
New,815,High,Chat,Hardware Failure,Development,Hassan Al-Rashid,02-08-2024 14.26,02-08-2024 16.26,02-08-2024 14.56,02-08-2024 14.49,Met,02-08-2024 16.07,Met,02-08-2024 16.12,4,Dissatisfied,Network,L1,Bahrain
Closed,816,Medium,Portal,Access Request,IT Support,Omar Al-Mansoori,02-05-2024 21.56,03-05-2024 0.56,02-05-2024 22.41,02-05-2024 22.39,Met,03-05-2024 0.37,Met,03-05-2024 0.37,5,Dissatisfied,Hardware,L2,Oman
Open,817,Medium,Chat,Access Request,Customer Service,Ahmed Al-Nasser,30-05-2024 9.28,30-05-2024 12.28,30-05-2024 10.13,30-05-2024 10.07,Met,30-05-2024 12.09,Met,30-05-2024 12.11,4,Satisfied,Software,L1,Kuwait
Resolved,818,High,Phone,Hardware Failure,Development,Abdullah Al-Farsi,08-05-2024 0.18,08-05-2024 2.18,08-05-2024 0.48,08-05-2024 0.41,Met,08-05-2024 2.18,Met,08-05-2024 2.18,3,Neutral,Software,L1,Kuwait
Open,819,Medium,Phone,Software Bug,Network Ops,Yousef Al-Khalifa,11-05-2024 1.06,11-05-2024 4.06,11-05-2024 1.51,11-05-2024 1.45,Met,11-05-2024 3.57,Met,11-05-2024 4.01,2,Neutral,Software,L3,Kuwait
Open,820,Medium,Email,Network Issue,Customer Service,Khalid Al-Farsi,23-06-2024 6.14,23-06-2024 9.14,23-06-2024 6.59,23-06-2024 6.56,Met,23-06-2024 9.08,Met,23-06-2024 9.10,4,Neutral,Cloud,L2,Kuwait
In Progress,821,High,Phone,Access Request,IT Support,Yousef Al-Sabah,15-07-2024 10.03,15-07-2024 12.03,15-07-2024 10.33,15-07-2024 10.33,Met,15-07-2024 12.00,Met,15-07-2024 12.01,4,Dissatisfied,Network,L1,Oman
Open,822,Critical,Portal,General Inquiry,Network Ops,Fahad Al-Farsi,13-04-2024 9.01,13-04-2024 10.01,13-04-2024 9.11,13-04-2024 9.03,Met,13-04-2024 9.49,Met,13-04-2024 9.49,5,Dissatisfied,Cloud,L2,Oman
Resolved,823,High,Chat,Software Bug,Network Ops,Mohammed Al-Rashid,11-04-2024 5.29,11-04-2024 7.29,11-04-2024 5.59,11-04-2024 5.56,Met,11-04-2024 7.10,Met,11-04-2024 7.12,1,Neutral,Hardware,L2,Bahrain
In Progress,824,Critical,Phone,General Inquiry,Customer Service,Fahad Al-Farsi,05-07-2024 5.20,05-07-2024 6.20,05-07-2024 5.30,05-07-2024 5.20,Met,05-07-2024 6.18,Met,05-07-2024 6.22,5,Satisfied,Network,L3,UAE
Open,825,Medium,Phone,Software Bug,IT Support,Omar Al-Salem,01-05-2024 20.28,01-05-2024 23.28,01-05-2024 21.13,01-05-2024 21.13,Met,01-05-2024 23.25,Met,01-05-2024 23.28,3,Neutral,Network,L1,Bahrain
Resolved,826,Low,Email,Network Issue,Network Ops,Ahmed Al-Salem,02-07-2024 8.12,02-07-2024 12.12,02-07-2024 9.12,02-07-2024 9.08,Met,02-07-2024 11.53,Met,02-07-2024 11.53,5,Satisfied,Network,L1,Saudi Arabia
In Progress,827,Medium,Chat,Hardware Failure,IT Support,Ahmed Al-Salem,21-04-2024 10.33,21-04-2024 13.33,21-04-2024 11.18,21-04-2024 11.15,Met,21-04-2024 13.24,Met,21-04-2024 13.25,4,Dissatisfied,Hardware,L1,Kuwait
Open,828,High,Email,Hardware Failure,Customer Service,Saif Al-Rashid,13-06-2024 16.10,13-06-2024 18.10,13-06-2024 16.40,13-06-2024 16.39,Met,13-06-2024 17.51,Met,13-06-2024 17.56,1,Satisfied,Cloud,L1,Oman
New,829,High,Email,Hardware Failure,Security,Fahad Al-Rashid,01-08-2024 5.09,01-08-2024 7.09,01-08-2024 5.39,01-08-2024 5.39,Met,01-08-2024 6.50,Met,01-08-2024 6.55,4,Satisfied,Network,L1,Kuwait
Resolved,830,Critical,Email,Software Bug,IT Support,Mohammed Al-Rashid,06-05-2024 6.13,06-05-2024 7.13,06-05-2024 6.23,06-05-2024 6.21,Met,06-05-2024 7.03,Met,06-05-2024 7.03,2,Dissatisfied,Software,L3,Bahrain
Resolved,831,High,Portal,Access Request,Network Ops,Saif Al-Rashid,30-06-2024 5.18,30-06-2024 7.18,30-06-2024 5.48,30-06-2024 5.44,Met,30-06-2024 7.01,Met,30-06-2024 7.06,4,Neutral,Network,L2,Kuwait
Open,832,Low,Phone,Hardware Failure,Development,Yousef Al-Khalifa,01-05-2024 23.22,02-05-2024 3.22,02-05-2024 0.22,02-05-2024 0.16,Met,02-05-2024 3.11,Met,02-05-2024 3.16,1,Neutral,Hardware,L3,UAE
Open,833,High,Portal,Network Issue,Customer Service,Yousef Al-Khalifa,25-04-2024 4.37,25-04-2024 6.37,25-04-2024 5.07,25-04-2024 5.02,Met,25-04-2024 6.37,Met,25-04-2024 6.40,2,Dissatisfied,Hardware,L2,Saudi Arabia
In Progress,834,High,Email,General Inquiry,Development,Khalid Al-Rashid,17-07-2024 13.11,17-07-2024 15.11,17-07-2024 13.41,17-07-2024 13.38,Met,17-07-2024 14.54,Met,17-07-2024 14.59,1,Neutral,Hardware,L3,Qatar
In Progress,835,Medium,Portal,Access Request,Customer Service,Hassan Al-Rashid,26-06-2024 17.45,26-06-2024 20.45,26-06-2024 18.30,26-06-2024 18.20,Met,26-06-2024 20.45,Met,26-06-2024 20.48,3,Neutral,Cloud,L1,Oman
Open,836,High,Phone,General Inquiry,Security,Ali Al-Khalifa,01-08-2024 20.30,01-08-2024 22.30,01-08-2024 21.00,01-08-2024 20.50,Met,01-08-2024 22.18,Met,01-08-2024 22.22,5,Neutral,Hardware,L2,UAE
New,837,High,Email,Access Request,Security,Fahad Al-Farsi,15-05-2024 18.20,15-05-2024 20.20,15-05-2024 18.50,15-05-2024 18.46,Met,15-05-2024 20.11,Met,15-05-2024 20.11,1,Satisfied,Software,L1,Bahrain
New,838,Low,Chat,Network Issue,IT Support,Ahmed Al-Nasser,07-06-2024 20.51,08-06-2024 0.51,07-06-2024 21.51,07-06-2024 21.44,Met,08-06-2024 0.49,Met,08-06-2024 0.50,4,Satisfied,Cloud,L1,Qatar
New,839,Medium,Chat,Software Bug,Development,Ahmed Al-Nasser,09-08-2024 6.16,09-08-2024 9.16,09-08-2024 7.01,09-08-2024 7.00,Met,09-08-2024 8.57,Met,09-08-2024 9.00,1,Neutral,Network,L3,Qatar
Closed,840,Medium,Chat,Access Request,Customer Service,Yousef Al-Khalifa,01-04-2024 2.14,01-04-2024 5.14,01-04-2024 2.59,01-04-2024 2.53,Met,01-04-2024 5.11,Met,01-04-2024 5.15,1,Neutral,Network,L2,Kuwait
Resolved,841,Medium,Phone,Hardware Failure,Security,Khalid Al-Rashid,03-06-2024 20.26,03-06-2024 23.26,03-06-2024 21.11,03-06-2024 21.03,Met,03-06-2024 23.23,Met,03-06-2024 23.24,5,Satisfied,Hardware,L1,Kuwait
New,842,Medium,Email,Access Request,IT Support,Hassan Al-Rashid,25-06-2024 7.46,25-06-2024 10.46,25-06-2024 8.31,25-06-2024 8.22,Met,25-06-2024 11.30,Not Met,25-06-2024 10.44,5,Dissatisfied,Hardware,L3,Bahrain
In Progress,843,Medium,Email,Hardware Failure,Network Ops,Fahad Al-Rashid,02-05-2024 12.51,02-05-2024 15.51,02-05-2024 13.36,02-05-2024 13.35,Met,02-05-2024 15.42,Met,02-05-2024 15.42,1,Dissatisfied,Software,L1,Saudi Arabia
Resolved,844,Low,Portal,Software Bug,Development,Khalid Al-Rashid,04-08-2024 10.17,04-08-2024 14.17,04-08-2024 11.17,04-08-2024 11.09,Met,04-08-2024 14.02,Met,04-08-2024 14.05,3,Dissatisfied,Network,L1,Qatar
Closed,845,Low,Phone,Network Issue,Customer Service,Abdullah Al-Rashid,08-06-2024 20.35,09-06-2024 0.35,08-06-2024 21.35,08-06-2024 21.30,Met,09-06-2024 0.15,Met,09-06-2024 0.16,1,Neutral,Cloud,L2,Bahrain
Open,846,Medium,Chat,Hardware Failure,Security,Saif Al-Rashid,18-05-2024 3.57,18-05-2024 6.57,18-05-2024 4.42,18-05-2024 4.38,Met,18-05-2024 6.46,Met,18-05-2024 6.48,3,Neutral,Cloud,L3,Oman
Resolved,847,Low,Phone,Hardware Failure,Network Ops,Abdullah Al-Rashid,09-05-2024 13.33,09-05-2024 17.33,09-05-2024 14.33,09-05-2024 14.28,Met,09-05-2024 17.18,Met,09-05-2024 17.19,3,Neutral,Cloud,L2,Saudi Arabia
In Progress,848,Medium,Email,Hardware Failure,Network Ops,Fahad Al-Rashid,21-07-2024 20.48,21-07-2024 23.48,21-07-2024 21.33,21-07-2024 21.23,Met,21-07-2024 23.40,Met,21-07-2024 23.42,4,Satisfied,Software,L2,Kuwait
In Progress,849,Low,Chat,Access Request,IT Support,Abdullah Al-Farsi,09-07-2024 23.25,10-07-2024 3.25,10-07-2024 0.25,10-07-2024 0.25,Met,10-07-2024 3.09,Met,10-07-2024 3.14,5,Satisfied,Software,L3,Kuwait
In Progress,850,Low,Portal,General Inquiry,Customer Service,Ali Al-Khalifa,17-04-2024 3.15,17-04-2024 7.15,17-04-2024 4.15,17-04-2024 4.08,Met,17-04-2024 6.55,Met,17-04-2024 6.57,5,Satisfied,Hardware,L2,Qatar
Closed,851,High,Email,Access Request,Security,Ahmed Al-Salem,26-05-2024 12.26,26-05-2024 14.26,26-05-2024 12.56,26-05-2024 12.55,Met,26-05-2024 14.15,Met,26-05-2024 14.16,5,Satisfied,Software,L2,Oman
Resolved,852,High,Portal,General Inquiry,IT Support,Hassan Al-Hamdan,01-05-2024 5.38,01-05-2024 7.38,01-05-2024 6.08,01-05-2024 6.06,Met,01-05-2024 7.30,Met,01-05-2024 7.30,5,Neutral,Cloud,L1,Kuwait
Resolved,853,Low,Chat,Software Bug,Development,Abdullah Al-Rashid,10-05-2024 22.06,11-05-2024 2.06,10-05-2024 23.06,10-05-2024 23.06,Met,11-05-2024 1.57,Met,11-05-2024 2.02,1,Dissatisfied,Network,L1,Oman
Resolved,854,High,Phone,Hardware Failure,Customer Service,Fahad Al-Farsi,27-05-2024 3.04,27-05-2024 5.04,27-05-2024 3.34,27-05-2024 3.24,Met,27-05-2024 4.59,Met,27-05-2024 5.04,3,Neutral,Network,L2,Qatar
Open,855,High,Portal,Software Bug,Security,Mohammed Al-Hamdan,03-07-2024 12.54,03-07-2024 14.54,03-07-2024 13.24,03-07-2024 13.15,Met,03-07-2024 14.48,Met,03-07-2024 14.50,3,Dissatisfied,Software,L3,Oman
New,856,Low,Chat,Network Issue,Network Ops,Abdullah Al-Rashid,25-04-2024 6.16,25-04-2024 10.16,25-04-2024 7.16,25-04-2024 7.08,Met,25-04-2024 10.07,Met,25-04-2024 10.09,4,Neutral,Software,L1,Kuwait
New,857,Critical,Chat,Network Issue,Security,Fahad Al-Rashid,24-07-2024 18.11,24-07-2024 19.11,24-07-2024 18.21,24-07-2024 18.17,Met,24-07-2024 18.51,Met,24-07-2024 18.51,1,Dissatisfied,Network,L1,Kuwait
Closed,858,Low,Portal,Software Bug,Network Ops,Abdullah Al-Farsi,04-07-2024 19.20,04-07-2024 23.20,04-07-2024 20.20,04-07-2024 20.16,Met,04-07-2024 23.07,Met,04-07-2024 23.10,5,Satisfied,Hardware,L3,Kuwait
Closed,859,Low,Chat,Software Bug,Network Ops,Saif Al-Rashid,07-08-2024 23.08,08-08-2024 3.08,08-08-2024 0.08,07-08-2024 23.59,Met,08-08-2024 2.54,Met,08-08-2024 2.56,3,Dissatisfied,Network,L1,Bahrain
Open,860,Critical,Portal,Software Bug,Network Ops,Fahad Al-Rashid,07-05-2024 0.42,07-05-2024 1.42,07-05-2024 0.52,07-05-2024 0.49,Met,07-05-2024 1.42,Met,07-05-2024 1.47,4,Neutral,Software,L2,UAE
In Progress,861,Low,Chat,General Inquiry,Customer Service,Abdullah Al-Mansoori,20-05-2024 2.05,20-05-2024 6.05,20-05-2024 3.05,20-05-2024 3.04,Met,20-05-2024 5.52,Met,20-05-2024 5.56,2,Dissatisfied,Cloud,L1,Saudi Arabia
In Progress,862,Low,Email,Software Bug,Development,Fahad Al-Farsi,09-06-2024 14.50,09-06-2024 18.50,09-06-2024 15.50,09-06-2024 15.46,Met,09-06-2024 18.30,Met,09-06-2024 18.30,3,Dissatisfied,Hardware,L2,Bahrain
New,863,Low,Chat,Network Issue,Network Ops,Yousef Al-Sabah,07-06-2024 5.48,07-06-2024 9.48,07-06-2024 6.48,07-06-2024 6.38,Met,07-06-2024 9.44,Met,07-06-2024 9.44,5,Neutral,Software,L3,Oman
Open,864,Medium,Chat,Software Bug,Development,Fahad Al-Rashid,05-04-2024 0.26,05-04-2024 3.26,05-04-2024 1.11,05-04-2024 1.08,Met,05-04-2024 3.26,Met,05-04-2024 3.30,1,Satisfied,Network,L3,Kuwait
Open,865,High,Email,Software Bug,Customer Service,Mohammed Al-Rashid,06-08-2024 6.26,06-08-2024 8.26,06-08-2024 6.56,06-08-2024 6.53,Met,06-08-2024 8.21,Met,06-08-2024 8.23,3,Dissatisfied,Hardware,L1,Kuwait
Closed,866,Medium,Chat,Network Issue,IT Support,Saif Al-Rashid,08-07-2024 0.15,08-07-2024 3.15,08-07-2024 1.00,08-07-2024 1.00,Met,08-07-2024 2.58,Met,08-07-2024 2.58,2,Dissatisfied,Cloud,L1,Bahrain
Closed,867,High,Chat,Hardware Failure,IT Support,Mohammed Al-Hamdan,02-06-2024 5.51,02-06-2024 7.51,02-06-2024 6.21,02-06-2024 6.20,Met,02-06-2024 7.39,Met,02-06-2024 7.40,2,Satisfied,Network,L2,UAE
New,868,High,Phone,Access Request,Development,Fahad Al-Rashid,15-07-2024 14.32,15-07-2024 16.32,15-07-2024 15.02,15-07-2024 14.55,Met,15-07-2024 16.17,Met,15-07-2024 16.22,2,Neutral,Cloud,L3,Oman
Resolved,869,Medium,Phone,Network Issue,Customer Service,Fahad Al-Farsi,28-06-2024 12.36,28-06-2024 15.36,28-06-2024 13.21,28-06-2024 13.11,Met,28-06-2024 15.24,Met,28-06-2024 15.28,5,Dissatisfied,Software,L1,Saudi Arabia
Open,870,High,Email,General Inquiry,IT Support,Omar Al-Mansoori,20-05-2024 20.27,20-05-2024 22.27,20-05-2024 20.57,20-05-2024 20.47,Met,20-05-2024 22.10,Met,20-05-2024 22.11,2,Dissatisfied,Cloud,L3,Qatar
New,871,Medium,Email,Network Issue,Security,Abdullah Al-Rashid,14-04-2024 0.41,14-04-2024 3.41,14-04-2024 1.26,14-04-2024 1.22,Met,14-04-2024 3.27,Met,14-04-2024 3.28,3,Dissatisfied,Network,L1,Saudi Arabia
New,872,High,Email,General Inquiry,Security,Fahad Al-Rashid,06-07-2024 13.43,06-07-2024 15.43,06-07-2024 14.13,06-07-2024 14.05,Met,06-07-2024 15.30,Met,06-07-2024 15.31,1,Neutral,Network,L1,Bahrain
New,873,Critical,Email,General Inquiry,Customer Service,Saif Al-Rashid,27-07-2024 4.20,27-07-2024 5.20,27-07-2024 4.30,27-07-2024 4.23,Met,27-07-2024 5.13,Met,27-07-2024 5.18,1,Neutral,Network,L3,Bahrain
Resolved,874,High,Email,General Inquiry,Network Ops,Saif Al-Khalifa,22-06-2024 3.34,22-06-2024 5.34,22-06-2024 4.04,22-06-2024 4.03,Met,22-06-2024 5.31,Met,22-06-2024 5.33,5,Satisfied,Network,L3,Kuwait
In Progress,875,High,Portal,Software Bug,Customer Service,Omar Al-Mansoori,22-07-2024 21.00,22-07-2024 23.00,22-07-2024 21.30,22-07-2024 21.27,Met,22-07-2024 22.41,Met,22-07-2024 22.46,2,Neutral,Network,L3,Oman
Open,876,Low,Phone,Access Request,Customer Service,Fahad Al-Rashid,16-05-2024 10.58,16-05-2024 14.58,16-05-2024 11.58,16-05-2024 11.50,Met,16-05-2024 14.46,Met,16-05-2024 14.46,5,Dissatisfied,Network,L1,Qatar
In Progress,877,High,Portal,Software Bug,IT Support,Omar Al-Mansoori,18-04-2024 7.16,18-04-2024 9.16,18-04-2024 7.46,18-04-2024 7.43,Met,18-04-2024 9.04,Met,18-04-2024 9.09,3,Satisfied,Software,L2,Saudi Arabia
Closed,878,Medium,Portal,Access Request,IT Support,Saif Al-Khalifa,06-06-2024 4.11,06-06-2024 7.11,06-06-2024 4.56,06-06-2024 4.50,Met,06-06-2024 7.11,Met,06-06-2024 7.15,2,Neutral,Software,L3,Qatar
In Progress,879,High,Portal,Network Issue,Development,Yousef Al-Khalifa,22-05-2024 2.56,22-05-2024 4.56,22-05-2024 3.26,22-05-2024 3.23,Met,22-05-2024 4.55,Met,22-05-2024 4.57,2,Satisfied,Hardware,L3,UAE
Resolved,880,Medium,Chat,Network Issue,Customer Service,Omar Al-Salem,25-07-2024 22.46,26-07-2024 1.46,25-07-2024 23.31,25-07-2024 23.26,Met,26-07-2024 1.31,Met,26-07-2024 1.36,5,Satisfied,Cloud,L1,UAE
In Progress,881,Medium,Portal,General Inquiry,Customer Service,Saif Al-Khalifa,20-06-2024 3.37,20-06-2024 6.37,20-06-2024 4.22,20-06-2024 4.22,Met,20-06-2024 6.35,Met,20-06-2024 6.40,1,Satisfied,Cloud,L1,Saudi Arabia
Closed,882,Low,Phone,Access Request,Security,Yousef Al-Sabah,28-07-2024 12.03,28-07-2024 16.03,28-07-2024 13.03,28-07-2024 12.55,Met,28-07-2024 15.58,Met,28-07-2024 16.00,2,Dissatisfied,Network,L3,Bahrain
Resolved,883,Critical,Phone,Access Request,Development,Mohammed Al-Hamdan,19-07-2024 8.25,19-07-2024 9.25,19-07-2024 8.35,19-07-2024 8.30,Met,19-07-2024 9.23,Met,19-07-2024 9.26,3,Neutral,Cloud,L3,Qatar
New,884,High,Portal,Hardware Failure,Development,Ahmed Al-Nasser,26-07-2024 16.57,26-07-2024 18.57,26-07-2024 17.27,26-07-2024 17.25,Met,26-07-2024 18.52,Met,26-07-2024 18.53,2,Neutral,Hardware,L2,Oman
Resolved,885,Low,Phone,Hardware Failure,IT Support,Hassan Al-Hamdan,13-06-2024 5.58,13-06-2024 9.58,13-06-2024 6.58,13-06-2024 6.54,Met,13-06-2024 9.58,Met,13-06-2024 9.59,5,Dissatisfied,Hardware,L2,Qatar
Closed,886,High,Email,Access Request,Customer Service,Mohammed Al-Hamdan,04-07-2024 17.09,04-07-2024 19.09,04-07-2024 17.39,04-07-2024 17.30,Met,04-07-2024 19.09,Met,04-07-2024 19.10,3,Satisfied,Hardware,L2,Oman
Closed,887,Critical,Chat,Network Issue,Customer Service,Ali Al-Khalifa,05-08-2024 10.29,05-08-2024 11.29,05-08-2024 10.39,05-08-2024 10.29,Met,05-08-2024 11.28,Met,05-08-2024 11.30,3,Dissatisfied,Cloud,L2,Bahrain
In Progress,888,Low,Chat,Hardware Failure,Network Ops,Abdullah Al-Farsi,26-05-2024 21.41,27-05-2024 1.41,26-05-2024 22.41,26-05-2024 22.39,Met,27-05-2024 1.38,Met,27-05-2024 1.41,5,Neutral,Network,L2,Saudi Arabia
Closed,889,Medium,Email,Software Bug,Development,Mohammed Al-Hamdan,22-06-2024 3.54,22-06-2024 6.54,22-06-2024 4.39,22-06-2024 4.39,Met,22-06-2024 6.54,Met,22-06-2024 6.58,5,Dissatisfied,Software,L2,Qatar
Closed,890,Critical,Chat,Software Bug,Development,Saif Al-Rashid,19-07-2024 20.08,19-07-2024 21.08,19-07-2024 20.18,19-07-2024 20.14,Met,19-07-2024 21.03,Met,19-07-2024 21.07,2,Neutral,Hardware,L2,Oman
Closed,891,Low,Portal,General Inquiry,Customer Service,Khalid Al-Farsi,12-05-2024 21.42,13-05-2024 1.42,12-05-2024 22.42,12-05-2024 22.39,Met,13-05-2024 1.37,Met,13-05-2024 1.37,2,Satisfied,Network,L2,Bahrain
New,892,High,Portal,Network Issue,IT Support,Khalid Al-Rashid,02-07-2024 3.23,02-07-2024 5.23,02-07-2024 3.53,02-07-2024 3.52,Met,02-07-2024 5.16,Met,02-07-2024 5.19,3,Satisfied,Network,L2,Kuwait
Resolved,893,Medium,Chat,Access Request,IT Support,Omar Al-Mansoori,16-04-2024 2.25,16-04-2024 5.25,16-04-2024 3.10,16-04-2024 3.04,Met,16-04-2024 5.20,Met,16-04-2024 5.23,2,Neutral,Software,L3,UAE
Closed,894,Medium,Phone,General Inquiry,Development,Mohammed Al-Hamdan,16-06-2024 3.22,16-06-2024 6.22,16-06-2024 4.07,16-06-2024 4.04,Met,16-06-2024 6.20,Met,16-06-2024 6.20,3,Neutral,Hardware,L2,Bahrain
Resolved,895,Low,Phone,Access Request,Development,Abdullah Al-Rashid,02-07-2024 7.44,02-07-2024 11.44,02-07-2024 8.44,02-07-2024 8.37,Met,02-07-2024 11.34,Met,02-07-2024 11.34,5,Neutral,Network,L1,Kuwait
Resolved,896,Low,Chat,Hardware Failure,Security,Yousef Al-Khalifa,09-04-2024 6.10,09-04-2024 10.10,09-04-2024 7.10,09-04-2024 7.04,Met,09-04-2024 9.58,Met,09-04-2024 10.00,4,Dissatisfied,Network,L3,Kuwait
In Progress,897,High,Portal,Hardware Failure,Security,Ahmed Al-Nasser,03-06-2024 12.39,03-06-2024 14.39,03-06-2024 13.09,03-06-2024 13.09,Met,03-06-2024 14.27,Met,03-06-2024 14.32,4,Dissatisfied,Software,L1,Saudi Arabia
Closed,898,Medium,Portal,Access Request,Security,Ahmed Al-Nasser,21-07-2024 9.47,21-07-2024 12.47,21-07-2024 10.32,21-07-2024 10.25,Met,21-07-2024 12.47,Met,21-07-2024 12.51,1,Satisfied,Cloud,L1,Oman
Resolved,899,Low,Portal,General Inquiry,IT Support,Abdullah Al-Rashid,21-04-2024 8.20,21-04-2024 12.20,21-04-2024 9.20,21-04-2024 9.17,Met,21-04-2024 12.04,Met,21-04-2024 12.04,5,Dissatisfied,Hardware,L3,UAE
New,900,Medium,Phone,Access Request,IT Support,Fahad Al-Rashid,01-08-2024 18.05,01-08-2024 21.05,01-08-2024 18.50,01-08-2024 18.50,Met,01-08-2024 20.57,Met,01-08-2024 20.57,3,Satisfied,Hardware,L2,Saudi Arabia
Closed,901,High,Chat,Hardware Failure,IT Support,Khalid Al-Rashid,22-04-2024 0.50,22-04-2024 2.50,22-04-2024 1.20,22-04-2024 1.12,Met,22-04-2024 2.39,Met,22-04-2024 2.40,4,Satisfied,Hardware,L3,Qatar
In Progress,902,High,Email,Access Request,IT Support,Khalid Al-Farsi,26-05-2024 7.59,26-05-2024 9.59,26-05-2024 8.29,26-05-2024 8.20,Met,26-05-2024 9.41,Met,26-05-2024 9.41,3,Neutral,Network,L1,Oman
Closed,903,High,Chat,Access Request,Network Ops,Abdullah Al-Rashid,31-05-2024 19.02,31-05-2024 21.02,31-05-2024 19.32,31-05-2024 19.30,Met,31-05-2024 20.56,Met,31-05-2024 21.01,4,Neutral,Software,L3,Kuwait
Closed,904,High,Portal,General Inquiry,Network Ops,Mohammed Al-Rashid,17-07-2024 12.29,17-07-2024 14.29,17-07-2024 12.59,17-07-2024 12.55,Met,17-07-2024 14.24,Met,17-07-2024 14.24,5,Dissatisfied,Hardware,L3,Oman
Open,905,High,Phone,Access Request,Network Ops,Omar Al-Mansoori,15-07-2024 17.49,15-07-2024 19.49,15-07-2024 18.19,15-07-2024 18.16,Met,15-07-2024 19.29,Met,15-07-2024 19.29,2,Neutral,Software,L3,Qatar
Closed,906,Critical,Portal,General Inquiry,Customer Service,Yousef Al-Khalifa,26-05-2024 23.48,27-05-2024 0.48,26-05-2024 23.58,26-05-2024 23.54,Met,27-05-2024 0.34,Met,27-05-2024 0.38,2,Satisfied,Network,L3,Kuwait
New,907,Critical,Email,General Inquiry,Customer Service,Ali Al-Khalifa,23-04-2024 3.52,23-04-2024 4.52,23-04-2024 4.02,23-04-2024 3.59,Met,23-04-2024 4.51,Met,23-04-2024 4.52,4,Satisfied,Software,L1,Saudi Arabia
Resolved,908,High,Chat,Network Issue,Security,Ahmed Al-Nasser,03-08-2024 14.04,03-08-2024 16.04,03-08-2024 14.34,03-08-2024 14.33,Met,03-08-2024 15.46,Met,03-08-2024 15.47,5,Satisfied,Network,L3,Bahrain
Open,909,Critical,Portal,Access Request,Development,Yousef Al-Sabah,21-05-2024 15.21,21-05-2024 16.21,21-05-2024 15.31,21-05-2024 15.21,Met,21-05-2024 16.21,Met,21-05-2024 16.24,2,Dissatisfied,Cloud,L3,UAE
New,910,Medium,Phone,Network Issue,Security,Ali Al-Khalifa,06-07-2024 3.20,06-07-2024 6.20,06-07-2024 4.05,06-07-2024 3.55,Met,06-07-2024 6.05,Met,06-07-2024 6.05,1,Satisfied,Cloud,L3,Qatar
Open,911,Critical,Phone,Hardware Failure,Development,Saif Al-Khalifa,06-07-2024 14.10,06-07-2024 15.10,06-07-2024 14.20,06-07-2024 14.16,Met,06-07-2024 14.56,Met,06-07-2024 15.01,3,Dissatisfied,Network,L1,Saudi Arabia
Open,912,High,Email,General Inquiry,Customer Service,Abdullah Al-Mansoori,29-04-2024 21.11,29-04-2024 23.11,29-04-2024 21.41,29-04-2024 21.39,Met,29-04-2024 22.53,Met,29-04-2024 22.56,4,Neutral,Network,L3,Qatar
In Progress,913,Medium,Email,Hardware Failure,Development,Omar Al-Salem,17-06-2024 16.00,17-06-2024 19.00,17-06-2024 16.45,17-06-2024 16.38,Met,17-06-2024 18.48,Met,17-06-2024 18.49,3,Satisfied,Cloud,L1,Oman
Closed,914,High,Email,Access Request,IT Support,Fahad Al-Farsi,25-04-2024 6.36,25-04-2024 8.36,25-04-2024 7.06,25-04-2024 7.03,Met,25-04-2024 8.36,Met,25-04-2024 8.39,4,Neutral,Network,L3,Saudi Arabia
In Progress,915,Medium,Chat,General Inquiry,Development,Mohammed Al-Hamdan,11-08-2024 5.48,11-08-2024 8.48,11-08-2024 6.33,11-08-2024 6.23,Met,11-08-2024 8.37,Met,11-08-2024 8.41,5,Satisfied,Cloud,L1,Qatar
In Progress,916,Low,Phone,Network Issue,Security,Yousef Al-Khalifa,09-04-2024 9.30,09-04-2024 13.30,09-04-2024 10.30,09-04-2024 10.30,Met,09-04-2024 13.11,Met,09-04-2024 13.12,1,Neutral,Hardware,L1,Oman
Open,917,High,Portal,Hardware Failure,Security,Hassan Al-Rashid,04-07-2024 13.30,04-07-2024 15.30,04-07-2024 14.00,04-07-2024 14.00,Met,04-07-2024 15.22,Met,04-07-2024 15.25,2,Neutral,Network,L3,Oman
Closed,918,Medium,Phone,Software Bug,Security,Yousef Al-Khalifa,14-07-2024 9.36,14-07-2024 12.36,14-07-2024 10.21,14-07-2024 10.15,Met,14-07-2024 12.30,Met,14-07-2024 12.32,1,Dissatisfied,Network,L3,Bahrain
Open,919,Critical,Phone,General Inquiry,Security,Abdullah Al-Rashid,17-07-2024 12.28,17-07-2024 13.28,17-07-2024 12.38,17-07-2024 12.29,Met,17-07-2024 13.24,Met,17-07-2024 13.26,2,Neutral,Software,L3,Kuwait
Closed,920,High,Chat,Network Issue,Network Ops,Hassan Al-Hamdan,29-05-2024 11.34,29-05-2024 13.34,29-05-2024 12.04,29-05-2024 12.02,Met,29-05-2024 13.34,Met,29-05-2024 13.39,2,Neutral,Network,L2,Saudi Arabia
New,921,Medium,Phone,Network Issue,Network Ops,Hassan Al-Rashid,26-06-2024 13.40,26-06-2024 16.40,26-06-2024 14.25,26-06-2024 14.17,Met,26-06-2024 16.24,Met,26-06-2024 16.24,2,Satisfied,Software,L3,Qatar
Closed,922,High,Chat,General Inquiry,Development,Fahad Al-Farsi,05-05-2024 12.42,05-05-2024 14.42,05-05-2024 13.12,05-05-2024 13.03,Met,05-05-2024 14.28,Met,05-05-2024 14.28,5,Neutral,Cloud,L2,Saudi Arabia
New,923,High,Chat,Hardware Failure,Customer Service,Mohammed Al-Rashid,01-08-2024 10.13,01-08-2024 12.13,01-08-2024 10.43,01-08-2024 10.33,Met,01-08-2024 12.05,Met,01-08-2024 12.05,3,Dissatisfied,Network,L1,Bahrain
In Progress,924,Critical,Phone,Software Bug,Development,Ahmed Al-Nasser,10-05-2024 17.35,10-05-2024 18.35,10-05-2024 17.45,10-05-2024 17.35,Met,10-05-2024 18.26,Met,10-05-2024 18.27,1,Satisfied,Software,L3,Bahrain
In Progress,925,Medium,Portal,General Inquiry,Network Ops,Omar Al-Salem,06-08-2024 2.51,06-08-2024 5.51,06-08-2024 3.36,06-08-2024 3.27,Met,06-08-2024 5.43,Met,06-08-2024 5.44,2,Dissatisfied,Software,L2,Bahrain
Closed,926,Critical,Email,General Inquiry,Network Ops,Mohammed Al-Hamdan,03-05-2024 5.30,03-05-2024 6.30,03-05-2024 5.40,03-05-2024 5.31,Met,03-05-2024 6.26,Met,03-05-2024 6.27,2,Satisfied,Network,L2,Qatar
Closed,927,Medium,Email,Network Issue,Network Ops,Hassan Al-Hamdan,14-07-2024 7.07,14-07-2024 10.07,14-07-2024 7.52,14-07-2024 7.49,Met,14-07-2024 10.06,Met,14-07-2024 10.09,2,Dissatisfied,Cloud,L3,Qatar
Closed,928,Critical,Chat,Network Issue,Customer Service,Abdullah Al-Rashid,03-08-2024 10.22,03-08-2024 11.22,03-08-2024 10.32,03-08-2024 10.32,Met,03-08-2024 11.07,Met,03-08-2024 11.11,4,Satisfied,Hardware,L1,Saudi Arabia
New,929,Critical,Portal,General Inquiry,Development,Fahad Al-Farsi,08-06-2024 0.26,08-06-2024 1.26,08-06-2024 0.36,08-06-2024 0.35,Met,08-06-2024 1.11,Met,08-06-2024 1.15,5,Neutral,Hardware,L1,Oman
In Progress,930,Critical,Portal,Software Bug,Network Ops,Ali Al-Khalifa,04-08-2024 2.04,04-08-2024 3.04,04-08-2024 2.14,04-08-2024 2.14,Met,04-08-2024 3.03,Met,04-08-2024 3.08,4,Satisfied,Cloud,L1,Bahrain
Resolved,931,Medium,Email,Hardware Failure,Customer Service,Hassan Al-Rashid,10-08-2024 8.46,10-08-2024 11.46,10-08-2024 9.31,10-08-2024 9.25,Met,10-08-2024 11.35,Met,10-08-2024 11.35,4,Dissatisfied,Hardware,L1,Saudi Arabia
New,932,High,Chat,General Inquiry,Security,Ali Al-Khalifa,04-07-2024 15.20,04-07-2024 17.20,04-07-2024 15.50,04-07-2024 15.48,Met,04-07-2024 17.06,Met,04-07-2024 17.10,2,Satisfied,Cloud,L1,Bahrain
Open,933,Critical,Portal,Access Request,Security,Mohammed Al-Rashid,01-04-2024 12.14,01-04-2024 13.14,01-04-2024 12.24,01-04-2024 12.23,Met,01-04-2024 13.00,Met,01-04-2024 13.00,1,Satisfied,Software,L1,UAE
Closed,934,Low,Phone,Hardware Failure,Development,Ahmed Al-Salem,15-07-2024 6.42,15-07-2024 10.42,15-07-2024 7.42,15-07-2024 7.42,Met,15-07-2024 10.41,Met,15-07-2024 10.41,4,Satisfied,Software,L1,Oman
Closed,935,Medium,Chat,Network Issue,Customer Service,Fahad Al-Rashid,29-06-2024 20.35,29-06-2024 23.35,29-06-2024 21.20,29-06-2024 21.14,Met,29-06-2024 23.31,Met,29-06-2024 23.34,3,Satisfied,Cloud,L2,Bahrain
In Progress,936,High,Portal,Hardware Failure,IT Support,Yousef Al-Sabah,10-04-2024 14.46,10-04-2024 16.46,10-04-2024 15.16,10-04-2024 15.07,Met,10-04-2024 16.43,Met,10-04-2024 16.46,2,Satisfied,Software,L1,Bahrain
Resolved,937,Low,Chat,Software Bug,Security,Ali Al-Khalifa,03-08-2024 8.40,03-08-2024 12.40,03-08-2024 9.40,03-08-2024 9.39,Met,03-08-2024 12.24,Met,03-08-2024 12.25,5,Satisfied,Cloud,L1,Saudi Arabia
Closed,938,Low,Portal,General Inquiry,Network Ops,Saif Al-Khalifa,19-04-2024 19.54,19-04-2024 23.54,19-04-2024 20.54,19-04-2024 20.44,Met,19-04-2024 23.44,Met,19-04-2024 23.48,2,Satisfied,Hardware,L1,Saudi Arabia
In Progress,939,High,Portal,Software Bug,IT Support,Ahmed Al-Salem,10-04-2024 20.17,10-04-2024 22.17,10-04-2024 20.47,10-04-2024 20.42,Met,10-04-2024 22.10,Met,10-04-2024 22.10,4,Dissatisfied,Cloud,L3,Saudi Arabia
Open,940,Medium,Email,General Inquiry,Customer Service,Mohammed Al-Rashid,16-07-2024 20.41,16-07-2024 23.41,16-07-2024 21.26,16-07-2024 21.23,Met,16-07-2024 23.31,Met,16-07-2024 23.35,4,Satisfied,Cloud,L1,Saudi Arabia
Closed,941,Critical,Email,Hardware Failure,Security,Abdullah Al-Farsi,10-07-2024 20.35,10-07-2024 21.35,10-07-2024 20.45,10-07-2024 20.43,Met,10-07-2024 21.18,Met,10-07-2024 21.20,3,Neutral,Hardware,L1,UAE
Resolved,942,Critical,Chat,Network Issue,Customer Service,Hassan Al-Hamdan,13-05-2024 21.34,13-05-2024 22.34,13-05-2024 21.44,13-05-2024 21.41,Met,13-05-2024 22.33,Met,13-05-2024 22.33,4,Neutral,Network,L3,Kuwait
In Progress,943,Low,Phone,Software Bug,Development,Ahmed Al-Salem,06-05-2024 9.33,06-05-2024 13.33,06-05-2024 10.33,06-05-2024 10.25,Met,06-05-2024 13.28,Met,06-05-2024 13.33,5,Dissatisfied,Network,L1,UAE
New,944,High,Phone,General Inquiry,IT Support,Abdullah Al-Rashid,12-04-2024 7.34,12-04-2024 9.34,12-04-2024 8.04,12-04-2024 8.03,Met,12-04-2024 9.16,Met,12-04-2024 9.17,2,Neutral,Cloud,L3,Saudi Arabia
Open,945,Low,Phone,Access Request,Network Ops,Mohammed Al-Hamdan,19-05-2024 13.39,19-05-2024 17.39,19-05-2024 14.39,19-05-2024 14.35,Met,19-05-2024 17.32,Met,19-05-2024 17.34,5,Satisfied,Software,L3,Saudi Arabia
Resolved,946,High,Email,Network Issue,Network Ops,Saif Al-Khalifa,21-04-2024 20.52,21-04-2024 22.52,21-04-2024 21.22,21-04-2024 21.19,Met,21-04-2024 22.38,Met,21-04-2024 22.40,5,Neutral,Network,L1,UAE
New,947,Low,Email,Hardware Failure,IT Support,Ali Al-Khalifa,08-08-2024 12.35,08-08-2024 16.35,08-08-2024 13.35,08-08-2024 13.35,Met,08-08-2024 16.30,Met,08-08-2024 16.31,3,Neutral,Software,L1,Bahrain
Open,948,Critical,Chat,Software Bug,IT Support,Fahad Al-Farsi,14-07-2024 10.03,14-07-2024 11.03,14-07-2024 10.13,14-07-2024 10.08,Met,14-07-2024 10.51,Met,14-07-2024 10.53,2,Neutral,Software,L2,Saudi Arabia
Open,949,High,Chat,General Inquiry,Development,Omar Al-Salem,28-04-2024 19.43,28-04-2024 21.43,28-04-2024 20.13,28-04-2024 20.03,Met,28-04-2024 21.30,Met,28-04-2024 21.34,1,Dissatisfied,Network,L2,Kuwait
Resolved,950,Critical,Chat,General Inquiry,Development,Khalid Al-Rashid,10-07-2024 14.38,10-07-2024 15.38,10-07-2024 14.48,10-07-2024 14.41,Met,10-07-2024 15.27,Met,10-07-2024 15.27,1,Dissatisfied,Network,L1,Bahrain
New,951,Low,Phone,Access Request,IT Support,Yousef Al-Sabah,23-06-2024 2.39,23-06-2024 6.39,23-06-2024 3.39,23-06-2024 3.39,Met,23-06-2024 6.37,Met,23-06-2024 6.42,2,Dissatisfied,Cloud,L1,Qatar
Resolved,952,Medium,Portal,Access Request,Security,Fahad Al-Farsi,24-07-2024 6.18,24-07-2024 9.18,24-07-2024 7.03,24-07-2024 7.18,Not Met,24-07-2024 9.04,Met,24-07-2024 9.05,5,Neutral,Network,L1,Kuwait
Open,953,Critical,Email,Access Request,Development,Khalid Al-Farsi,14-04-2024 7.41,14-04-2024 8.41,14-04-2024 7.51,14-04-2024 7.47,Met,14-04-2024 8.25,Met,14-04-2024 8.29,4,Dissatisfied,Software,L1,Kuwait
New,954,Critical,Phone,Software Bug,Development,Hassan Al-Rashid,17-04-2024 17.47,17-04-2024 18.47,17-04-2024 17.57,17-04-2024 17.52,Met,17-04-2024 18.27,Met,17-04-2024 18.27,1,Dissatisfied,Network,L2,Bahrain
In Progress,955,Critical,Email,General Inquiry,Customer Service,Mohammed Al-Hamdan,01-04-2024 1.26,01-04-2024 2.26,01-04-2024 1.36,01-04-2024 1.30,Met,01-04-2024 2.10,Met,01-04-2024 2.10,5,Neutral,Software,L1,Kuwait
In Progress,956,Critical,Email,General Inquiry,Network Ops,Abdullah Al-Rashid,21-05-2024 11.57,21-05-2024 12.57,21-05-2024 12.07,21-05-2024 12.01,Met,21-05-2024 12.45,Met,21-05-2024 12.48,3,Satisfied,Hardware,L3,Bahrain
Closed,957,Low,Email,Software Bug,Development,Khalid Al-Rashid,11-07-2024 19.08,11-07-2024 23.08,11-07-2024 20.08,11-07-2024 20.07,Met,11-07-2024 23.00,Met,11-07-2024 23.00,5,Dissatisfied,Software,L3,Qatar
In Progress,958,Low,Phone,Software Bug,Security,Saif Al-Rashid,20-07-2024 21.49,21-07-2024 1.49,20-07-2024 22.49,20-07-2024 22.45,Met,21-07-2024 1.44,Met,21-07-2024 1.46,3,Neutral,Hardware,L3,UAE
Open,959,Low,Portal,General Inquiry,IT Support,Fahad Al-Rashid,25-05-2024 23.05,26-05-2024 3.05,26-05-2024 0.05,26-05-2024 0.02,Met,26-05-2024 2.54,Met,26-05-2024 2.59,1,Dissatisfied,Cloud,L3,Kuwait
Closed,960,High,Portal,Hardware Failure,Network Ops,Ahmed Al-Salem,23-06-2024 19.08,23-06-2024 21.08,23-06-2024 19.38,23-06-2024 19.32,Met,23-06-2024 20.49,Met,23-06-2024 20.49,4,Satisfied,Hardware,L3,Oman
Resolved,961,High,Portal,Access Request,Customer Service,Omar Al-Salem,08-08-2024 23.43,09-08-2024 1.43,09-08-2024 0.13,09-08-2024 0.03,Met,09-08-2024 1.26,Met,09-08-2024 1.30,1,Dissatisfied,Cloud,L1,Oman
In Progress,962,High,Chat,Software Bug,Customer Service,Omar Al-Mansoori,09-04-2024 13.51,09-04-2024 15.51,09-04-2024 14.21,09-04-2024 14.19,Met,09-04-2024 15.43,Met,09-04-2024 15.48,2,Dissatisfied,Hardware,L1,Bahrain
In Progress,963,Low,Chat,Hardware Failure,IT Support,Hassan Al-Hamdan,29-05-2024 18.54,29-05-2024 22.54,29-05-2024 19.54,29-05-2024 19.52,Met,29-05-2024 22.38,Met,29-05-2024 22.40,3,Neutral,Software,L3,Qatar
Resolved,964,Medium,Email,Software Bug,Network Ops,Omar Al-Salem,25-05-2024 4.54,25-05-2024 7.54,25-05-2024 5.39,25-05-2024 5.30,Met,25-05-2024 7.43,Met,25-05-2024 7.46,3,Neutral,Hardware,L1,Saudi Arabia
In Progress,965,Low,Portal,Hardware Failure,Security,Abdullah Al-Rashid,14-07-2024 4.23,14-07-2024 8.23,14-07-2024 5.23,14-07-2024 5.19,Met,14-07-2024 8.20,Met,14-07-2024 8.25,3,Satisfied,Cloud,L3,Oman
In Progress,966,Medium,Email,Access Request,IT Support,Mohammed Al-Rashid,20-04-2024 16.21,20-04-2024 19.21,20-04-2024 17.06,20-04-2024 17.02,Met,20-04-2024 19.17,Met,20-04-2024 19.17,2,Dissatisfied,Software,L3,Kuwait
Resolved,967,Critical,Chat,General Inquiry,IT Support,Saif Al-Khalifa,11-08-2024 6.34,11-08-2024 7.34,11-08-2024 6.44,11-08-2024 6.40,Met,11-08-2024 7.25,Met,11-08-2024 7.27,2,Dissatisfied,Hardware,L2,Kuwait
Closed,968,Medium,Phone,Software Bug,Security,Yousef Al-Khalifa,09-06-2024 8.14,09-06-2024 11.14,09-06-2024 8.59,09-06-2024 8.56,Met,09-06-2024 11.00,Met,09-06-2024 11.01,1,Satisfied,Network,L2,Kuwait
In Progress,969,Medium,Chat,General Inquiry,Network Ops,Fahad Al-Rashid,18-06-2024 0.50,18-06-2024 3.50,18-06-2024 1.35,18-06-2024 1.27,Met,18-06-2024 3.36,Met,18-06-2024 3.37,1,Satisfied,Network,L2,Bahrain
Closed,970,High,Email,Hardware Failure,Network Ops,Fahad Al-Rashid,25-07-2024 0.16,25-07-2024 2.16,25-07-2024 0.46,25-07-2024 0.44,Met,25-07-2024 2.00,Met,25-07-2024 2.05,2,Dissatisfied,Hardware,L2,Bahrain
Open,971,Medium,Phone,Network Issue,Development,Abdullah Al-Mansoori,06-05-2024 0.00,06-05-2024 3.00,06-05-2024 0.45,06-05-2024 0.38,Met,06-05-2024 2.45,Met,06-05-2024 2.50,2,Dissatisfied,Hardware,L3,Bahrain
New,972,Low,Chat,Software Bug,Development,Saif Al-Rashid,16-05-2024 18.32,16-05-2024 22.32,16-05-2024 19.32,16-05-2024 19.23,Met,16-05-2024 22.25,Met,16-05-2024 22.26,5,Dissatisfied,Hardware,L1,Qatar
Resolved,973,High,Email,General Inquiry,Development,Hassan Al-Rashid,17-05-2024 7.32,17-05-2024 9.32,17-05-2024 8.02,17-05-2024 8.02,Met,17-05-2024 9.24,Met,17-05-2024 9.28,4,Satisfied,Hardware,L2,Bahrain
In Progress,974,Low,Chat,Software Bug,Development,Mohammed Al-Rashid,22-06-2024 16.49,22-06-2024 20.49,22-06-2024 17.49,22-06-2024 17.47,Met,22-06-2024 20.45,Met,22-06-2024 20.49,1,Dissatisfied,Cloud,L2,UAE
Closed,975,High,Portal,General Inquiry,Customer Service,Ali Al-Khalifa,13-06-2024 7.38,13-06-2024 9.38,13-06-2024 8.08,13-06-2024 7.59,Met,13-06-2024 9.22,Met,13-06-2024 9.27,3,Neutral,Network,L3,Kuwait
Resolved,976,High,Portal,General Inquiry,IT Support,Fahad Al-Farsi,28-04-2024 14.03,28-04-2024 16.03,28-04-2024 14.33,28-04-2024 14.24,Met,28-04-2024 15.49,Met,28-04-2024 15.49,1,Neutral,Network,L2,Bahrain
Resolved,977,Critical,Phone,Software Bug,Development,Hassan Al-Rashid,12-07-2024 16.44,12-07-2024 17.44,12-07-2024 16.54,12-07-2024 16.52,Met,12-07-2024 17.35,Met,12-07-2024 17.39,4,Dissatisfied,Cloud,L3,Bahrain
New,978,Medium,Chat,General Inquiry,Development,Abdullah Al-Rashid,13-04-2024 4.19,13-04-2024 7.19,13-04-2024 5.04,13-04-2024 4.54,Met,13-04-2024 7.19,Met,13-04-2024 7.23,4,Satisfied,Cloud,L1,UAE
New,979,Medium,Phone,Software Bug,Customer Service,Omar Al-Mansoori,01-07-2024 10.43,01-07-2024 13.43,01-07-2024 11.28,01-07-2024 11.28,Met,01-07-2024 13.38,Met,01-07-2024 13.42,5,Satisfied,Network,L2,Bahrain
In Progress,980,Medium,Phone,Access Request,Development,Hassan Al-Hamdan,09-08-2024 12.39,09-08-2024 15.39,09-08-2024 13.24,09-08-2024 13.19,Met,09-08-2024 15.31,Met,09-08-2024 15.32,3,Neutral,Cloud,L3,Qatar
In Progress,981,Medium,Phone,Access Request,Development,Mohammed Al-Hamdan,01-08-2024 6.23,01-08-2024 9.23,01-08-2024 7.08,01-08-2024 7.00,Met,01-08-2024 9.21,Met,01-08-2024 9.24,1,Dissatisfied,Cloud,L1,UAE
In Progress,982,High,Portal,Software Bug,Network Ops,Abdullah Al-Rashid,29-05-2024 20.51,29-05-2024 22.51,29-05-2024 21.21,29-05-2024 21.15,Met,29-05-2024 22.44,Met,29-05-2024 22.47,4,Neutral,Software,L2,Saudi Arabia
Open,983,Critical,Email,Network Issue,Security,Ahmed Al-Salem,30-05-2024 16.59,30-05-2024 17.59,30-05-2024 17.09,30-05-2024 17.06,Met,30-05-2024 17.59,Met,30-05-2024 17.59,2,Dissatisfied,Network,L3,Qatar
In Progress,984,Critical,Email,Access Request,Security,Hassan Al-Rashid,12-06-2024 4.04,12-06-2024 5.04,12-06-2024 4.14,12-06-2024 4.14,Met,12-06-2024 4.46,Met,12-06-2024 4.49,5,Dissatisfied,Cloud,L2,Kuwait
Resolved,985,High,Phone,Software Bug,Network Ops,Ahmed Al-Nasser,19-07-2024 4.46,19-07-2024 6.46,19-07-2024 5.16,19-07-2024 5.14,Met,19-07-2024 6.38,Met,19-07-2024 6.40,1,Neutral,Software,L1,Saudi Arabia
Resolved,986,Critical,Phone,Software Bug,Network Ops,Fahad Al-Rashid,30-05-2024 12.45,30-05-2024 13.45,30-05-2024 12.55,30-05-2024 12.48,Met,30-05-2024 13.30,Met,30-05-2024 13.33,5,Dissatisfied,Software,L3,Oman
Open,987,Low,Phone,Network Issue,Security,Yousef Al-Khalifa,28-06-2024 0.24,28-06-2024 4.24,28-06-2024 1.24,28-06-2024 1.18,Met,28-06-2024 4.22,Met,28-06-2024 4.27,4,Satisfied,Network,L3,UAE
Resolved,988,Critical,Phone,Access Request,Customer Service,Yousef Al-Khalifa,22-04-2024 3.35,22-04-2024 4.35,22-04-2024 3.45,22-04-2024 3.44,Met,22-04-2024 4.33,Met,22-04-2024 4.35,5,Neutral,Network,L3,UAE
In Progress,989,Critical,Portal,Hardware Failure,IT Support,Saif Al-Rashid,18-05-2024 0.20,18-05-2024 1.20,18-05-2024 0.30,18-05-2024 0.23,Met,18-05-2024 1.05,Met,18-05-2024 1.10,3,Satisfied,Cloud,L3,Oman
Resolved,990,Critical,Chat,Network Issue,Network Ops,Abdullah Al-Mansoori,31-05-2024 20.11,31-05-2024 21.11,31-05-2024 20.21,31-05-2024 20.15,Met,31-05-2024 21.02,Met,31-05-2024 21.05,2,Satisfied,Software,L2,Qatar
Closed,991,Low,Chat,Hardware Failure,Security,Abdullah Al-Rashid,27-06-2024 1.10,27-06-2024 5.10,27-06-2024 2.10,27-06-2024 2.06,Met,27-06-2024 5.08,Met,27-06-2024 5.12,4,Satisfied,Software,L3,Bahrain
In Progress,992,Medium,Chat,General Inquiry,Security,Mohammed Al-Hamdan,27-06-2024 16.26,27-06-2024 19.26,27-06-2024 17.11,27-06-2024 17.05,Met,27-06-2024 19.52,Not Met,27-06-2024 19.24,4,Dissatisfied,Software,L1,Qatar
Closed,993,Medium,Chat,Network Issue,Customer Service,Khalid Al-Rashid,09-05-2024 1.42,09-05-2024 4.42,09-05-2024 2.27,09-05-2024 2.35,Not Met,09-05-2024 4.40,Met,09-05-2024 4.45,1,Neutral,Cloud,L3,Kuwait
New,994,Critical,Phone,Network Issue,Customer Service,Hassan Al-Hamdan,27-07-2024 5.21,27-07-2024 6.21,27-07-2024 5.31,27-07-2024 5.27,Met,27-07-2024 6.14,Met,27-07-2024 6.14,5,Neutral,Software,L1,Qatar
Resolved,995,Low,Portal,Hardware Failure,Network Ops,Ali Al-Khalifa,15-05-2024 17.35,15-05-2024 21.35,15-05-2024 18.35,15-05-2024 18.27,Met,15-05-2024 21.20,Met,15-05-2024 21.25,3,Satisfied,Hardware,L3,Bahrain
New,996,Medium,Phone,Network Issue,IT Support,Abdullah Al-Rashid,10-04-2024 15.01,10-04-2024 18.01,10-04-2024 15.46,10-04-2024 15.41,Met,10-04-2024 17.58,Met,10-04-2024 17.58,3,Satisfied,Software,L3,Saudi Arabia
New,997,Low,Email,Software Bug,Development,Saif Al-Khalifa,24-07-2024 5.33,24-07-2024 9.33,24-07-2024 6.33,24-07-2024 6.30,Met,24-07-2024 9.25,Met,24-07-2024 9.30,5,Dissatisfied,Hardware,L3,Bahrain
Closed,998,Critical,Portal,Access Request,Development,Hassan Al-Rashid,28-05-2024 8.07,28-05-2024 9.07,28-05-2024 8.17,28-05-2024 8.13,Met,28-05-2024 9.03,Met,28-05-2024 9.04,5,Dissatisfied,Network,L3,Qatar
Closed,999,Low,Portal,Access Request,Network Ops,Omar Al-Salem,02-08-2024 17.01,02-08-2024 21.01,02-08-2024 18.01,02-08-2024 18.16,Not Met,02-08-2024 20.51,Met,02-08-2024 20.51,1,Satisfied,Network,L3,Oman
Resolved,1000,High,Portal,Software Bug,Development,Ali Al-Khalifa,02-05-2024 17.27,02-05-2024 19.27,02-05-2024 17.57,02-05-2024 17.51,Met,02-05-2024 19.22,Met,02-05-2024 19.23,5,Neutral,Hardware,L3,Oman
Resolved,1001,Medium,Chat,Hardware Failure,Network Ops,Abdullah Al-Farsi,15-04-2024 15.53,15-04-2024 18.53,15-04-2024 16.38,15-04-2024 16.38,Met,15-04-2024 18.40,Met,15-04-2024 18.41,2,Satisfied,Hardware,L3,UAE
Closed,1002,High,Portal,Network Issue,Network Ops,Fahad Al-Rashid,19-07-2024 6.01,19-07-2024 8.01,19-07-2024 6.31,19-07-2024 6.23,Met,19-07-2024 8.01,Met,19-07-2024 8.05,4,Neutral,Hardware,L3,Bahrain
Closed,1003,Low,Phone,Software Bug,Customer Service,Saif Al-Khalifa,29-04-2024 1.38,29-04-2024 5.38,29-04-2024 2.38,29-04-2024 2.31,Met,29-04-2024 5.34,Met,29-04-2024 5.38,2,Satisfied,Hardware,L3,Bahrain
Open,1004,High,Portal,General Inquiry,Security,Abdullah Al-Rashid,20-04-2024 22.52,21-04-2024 0.52,20-04-2024 23.22,20-04-2024 23.18,Met,21-04-2024 0.40,Met,21-04-2024 0.43,3,Dissatisfied,Network,L3,UAE
Resolved,1005,Critical,Portal,Hardware Failure,Customer Service,Saif Al-Khalifa,26-06-2024 9.57,26-06-2024 10.57,26-06-2024 10.07,26-06-2024 10.00,Met,26-06-2024 10.38,Met,26-06-2024 10.41,4,Dissatisfied,Hardware,L3,UAE
New,1006,Medium,Phone,Network Issue,IT Support,Hassan Al-Hamdan,12-06-2024 5.45,12-06-2024 8.45,12-06-2024 6.30,12-06-2024 6.27,Met,12-06-2024 8.28,Met,12-06-2024 8.31,2,Satisfied,Network,L3,UAE
In Progress,1007,Low,Portal,Software Bug,Customer Service,Mohammed Al-Rashid,15-06-2024 17.03,15-06-2024 21.03,15-06-2024 18.03,15-06-2024 17.55,Met,15-06-2024 20.55,Met,15-06-2024 20.57,1,Satisfied,Network,L1,Oman
Open,1008,High,Chat,Hardware Failure,Security,Mohammed Al-Hamdan,20-06-2024 22.15,21-06-2024 0.15,20-06-2024 22.45,20-06-2024 22.41,Met,21-06-2024 0.13,Met,21-06-2024 0.16,1,Neutral,Network,L1,UAE
Resolved,1009,Critical,Chat,General Inquiry,Development,Fahad Al-Rashid,17-05-2024 0.50,17-05-2024 1.50,17-05-2024 1.00,17-05-2024 0.51,Met,17-05-2024 1.35,Met,17-05-2024 1.37,4,Neutral,Hardware,L2,Qatar
New,1010,Medium,Phone,Access Request,Security,Hassan Al-Rashid,27-04-2024 6.00,27-04-2024 9.00,27-04-2024 6.45,27-04-2024 6.40,Met,27-04-2024 8.53,Met,27-04-2024 8.53,1,Satisfied,Hardware,L3,Kuwait
New,1011,Low,Portal,General Inquiry,Security,Ahmed Al-Nasser,06-07-2024 13.02,06-07-2024 17.02,06-07-2024 14.02,06-07-2024 13.55,Met,06-07-2024 16.45,Met,06-07-2024 16.46,2,Dissatisfied,Software,L2,Oman
Closed,1012,High,Portal,Hardware Failure,Development,Hassan Al-Rashid,02-06-2024 17.13,02-06-2024 19.13,02-06-2024 17.43,02-06-2024 17.40,Met,02-06-2024 19.13,Met,02-06-2024 19.13,3,Neutral,Network,L1,UAE
In Progress,1013,Low,Chat,Network Issue,Security,Saif Al-Rashid,14-07-2024 14.56,14-07-2024 18.56,14-07-2024 15.56,14-07-2024 15.47,Met,14-07-2024 18.54,Met,14-07-2024 18.58,5,Dissatisfied,Software,L3,Saudi Arabia
New,1014,Low,Email,Hardware Failure,Customer Service,Omar Al-Mansoori,15-05-2024 2.17,15-05-2024 6.17,15-05-2024 3.17,15-05-2024 3.17,Met,15-05-2024 6.16,Met,15-05-2024 6.18,3,Dissatisfied,Network,L3,Qatar
Open,1015,High,Phone,Network Issue,IT Support,Ali Al-Khalifa,15-06-2024 13.39,15-06-2024 15.39,15-06-2024 14.09,15-06-2024 14.12,Not Met,15-06-2024 15.33,Met,15-06-2024 15.35,5,Satisfied,Network,L1,Oman
Open,1016,Medium,Email,Software Bug,Network Ops,Saif Al-Rashid,22-07-2024 7.19,22-07-2024 10.19,22-07-2024 8.04,22-07-2024 8.01,Met,22-07-2024 10.13,Met,22-07-2024 10.17,3,Dissatisfied,Hardware,L3,UAE
Closed,1017,Medium,Email,Hardware Failure,Development,Abdullah Al-Farsi,28-04-2024 1.18,28-04-2024 4.18,28-04-2024 2.03,28-04-2024 1.53,Met,28-04-2024 4.14,Met,28-04-2024 4.18,5,Satisfied,Software,L2,UAE
In Progress,1018,Critical,Chat,Software Bug,Network Ops,Abdullah Al-Rashid,29-07-2024 19.37,29-07-2024 20.37,29-07-2024 19.47,29-07-2024 19.46,Met,29-07-2024 20.34,Met,29-07-2024 20.35,5,Satisfied,Network,L1,UAE
Resolved,1019,Medium,Portal,Access Request,Customer Service,Saif Al-Khalifa,07-04-2024 11.34,07-04-2024 14.34,07-04-2024 12.19,07-04-2024 12.16,Met,07-04-2024 14.17,Met,07-04-2024 14.22,1,Satisfied,Cloud,L2,Bahrain
New,1020,Critical,Email,Hardware Failure,Security,Mohammed Al-Hamdan,10-06-2024 19.16,10-06-2024 20.16,10-06-2024 19.26,10-06-2024 19.25,Met,10-06-2024 20.05,Met,10-06-2024 20.07,4,Dissatisfied,Hardware,L1,Kuwait
New,1021,Critical,Portal,General Inquiry,Security,Ali Al-Khalifa,03-05-2024 16.52,03-05-2024 17.52,03-05-2024 17.02,03-05-2024 16.53,Met,03-05-2024 17.38,Met,03-05-2024 17.38,1,Neutral,Hardware,L3,Oman
Resolved,1022,High,Portal,Hardware Failure,Development,Khalid Al-Rashid,28-06-2024 17.24,28-06-2024 19.24,28-06-2024 17.54,28-06-2024 17.44,Met,28-06-2024 19.11,Met,28-06-2024 19.11,5,Neutral,Software,L3,Qatar
Open,1023,High,Phone,Access Request,Customer Service,Mohammed Al-Hamdan,29-07-2024 17.15,29-07-2024 19.15,29-07-2024 17.45,29-07-2024 17.37,Met,29-07-2024 19.03,Met,29-07-2024 19.05,1,Satisfied,Software,L1,Bahrain
Resolved,1024,Low,Email,Network Issue,Security,Mohammed Al-Rashid,23-05-2024 14.02,23-05-2024 18.02,23-05-2024 15.02,23-05-2024 14.56,Met,23-05-2024 17.49,Met,23-05-2024 17.51,1,Satisfied,Network,L3,Oman
In Progress,1025,Medium,Portal,General Inquiry,Network Ops,Mohammed Al-Rashid,20-06-2024 22.29,21-06-2024 1.29,20-06-2024 23.14,20-06-2024 23.06,Met,21-06-2024 1.19,Met,21-06-2024 1.19,1,Satisfied,Cloud,L3,Qatar
Closed,1026,Medium,Portal,Software Bug,IT Support,Omar Al-Mansoori,27-05-2024 13.53,27-05-2024 16.53,27-05-2024 14.38,27-05-2024 14.47,Not Met,27-05-2024 16.33,Met,27-05-2024 16.34,4,Neutral,Network,L3,UAE
Closed,1027,High,Email,Network Issue,Network Ops,Abdullah Al-Rashid,06-05-2024 3.18,06-05-2024 5.18,06-05-2024 3.48,06-05-2024 3.40,Met,06-05-2024 5.06,Met,06-05-2024 5.11,2,Satisfied,Cloud,L1,Kuwait
In Progress,1028,Medium,Phone,General Inquiry,Development,Khalid Al-Rashid,07-08-2024 9.19,07-08-2024 12.19,07-08-2024 10.04,07-08-2024 9.57,Met,07-08-2024 12.11,Met,07-08-2024 12.15,2,Dissatisfied,Hardware,L2,Kuwait
Closed,1029,High,Email,Network Issue,IT Support,Abdullah Al-Rashid,23-06-2024 14.01,23-06-2024 16.01,23-06-2024 14.31,23-06-2024 14.24,Met,23-06-2024 16.00,Met,23-06-2024 16.04,3,Dissatisfied,Software,L2,UAE
In Progress,1030,Critical,Phone,Access Request,IT Support,Mohammed Al-Rashid,26-06-2024 8.05,26-06-2024 9.05,26-06-2024 8.15,26-06-2024 8.09,Met,26-06-2024 8.53,Met,26-06-2024 8.56,4,Neutral,Hardware,L2,Qatar
Resolved,1031,Low,Email,General Inquiry,Development,Hassan Al-Hamdan,11-08-2024 21.02,12-08-2024 1.02,11-08-2024 22.02,11-08-2024 22.00,Met,12-08-2024 0.51,Met,12-08-2024 0.56,2,Satisfied,Software,L1,Bahrain
New,1032,High,Email,Hardware Failure,Network Ops,Fahad Al-Rashid,28-05-2024 4.29,28-05-2024 6.29,28-05-2024 4.59,28-05-2024 4.57,Met,28-05-2024 6.16,Met,28-05-2024 6.20,1,Satisfied,Cloud,L1,UAE
Open,1033,High,Chat,Hardware Failure,Security,Fahad Al-Rashid,07-06-2024 12.59,07-06-2024 14.59,07-06-2024 13.29,07-06-2024 13.23,Met,07-06-2024 14.47,Met,07-06-2024 14.51,1,Satisfied,Software,L1,Qatar
In Progress,1034,Medium,Email,Network Issue,IT Support,Omar Al-Salem,16-07-2024 7.51,16-07-2024 10.51,16-07-2024 8.36,16-07-2024 8.28,Met,16-07-2024 10.41,Met,16-07-2024 10.43,2,Neutral,Cloud,L3,Oman
Resolved,1035,Medium,Portal,General Inquiry,Development,Khalid Al-Farsi,23-06-2024 12.39,23-06-2024 15.39,23-06-2024 13.24,23-06-2024 13.17,Met,23-06-2024 15.23,Met,23-06-2024 15.28,1,Dissatisfied,Hardware,L1,Bahrain
Resolved,1036,Medium,Chat,Network Issue,Security,Hassan Al-Rashid,03-05-2024 18.51,03-05-2024 21.51,03-05-2024 19.36,03-05-2024 19.27,Met,03-05-2024 21.45,Met,03-05-2024 21.45,1,Dissatisfied,Hardware,L2,Saudi Arabia
Closed,1037,High,Portal,Network Issue,Network Ops,Abdullah Al-Mansoori,09-08-2024 5.34,09-08-2024 7.34,09-08-2024 6.04,09-08-2024 6.03,Met,09-08-2024 7.21,Met,09-08-2024 7.24,4,Satisfied,Hardware,L2,Qatar
Open,1038,High,Portal,Hardware Failure,Development,Yousef Al-Khalifa,21-05-2024 13.00,21-05-2024 15.00,21-05-2024 13.30,21-05-2024 13.25,Met,21-05-2024 14.54,Met,21-05-2024 14.54,1,Dissatisfied,Network,L3,UAE
Open,1039,High,Email,General Inquiry,Security,Ahmed Al-Salem,10-07-2024 8.55,10-07-2024 10.55,10-07-2024 9.25,10-07-2024 9.15,Met,10-07-2024 10.52,Met,10-07-2024 10.55,5,Dissatisfied,Cloud,L1,Oman
Closed,1040,Low,Chat,Network Issue,IT Support,Saif Al-Khalifa,01-06-2024 21.23,02-06-2024 1.23,01-06-2024 22.23,01-06-2024 22.23,Met,02-06-2024 1.17,Met,02-06-2024 1.19,2,Satisfied,Network,L3,Oman
Closed,1041,High,Chat,Hardware Failure,Network Ops,Mohammed Al-Hamdan,15-04-2024 6.41,15-04-2024 8.41,15-04-2024 7.11,15-04-2024 7.05,Met,15-04-2024 8.23,Met,15-04-2024 8.25,1,Satisfied,Software,L1,Saudi Arabia
New,1042,Critical,Chat,Access Request,IT Support,Mohammed Al-Rashid,13-04-2024 13.28,13-04-2024 14.28,13-04-2024 13.38,13-04-2024 13.38,Met,13-04-2024 14.22,Met,13-04-2024 14.23,3,Neutral,Hardware,L2,Saudi Arabia
Resolved,1043,High,Email,General Inquiry,IT Support,Mohammed Al-Rashid,04-05-2024 10.03,04-05-2024 12.03,04-05-2024 10.33,04-05-2024 10.30,Met,04-05-2024 11.46,Met,04-05-2024 11.51,5,Neutral,Cloud,L2,Qatar
Open,1044,High,Portal,Network Issue,Network Ops,Fahad Al-Rashid,01-07-2024 6.34,01-07-2024 8.34,01-07-2024 7.04,01-07-2024 6.58,Met,01-07-2024 8.16,Met,01-07-2024 8.19,1,Neutral,Cloud,L3,Oman
New,1045,Critical,Chat,Network Issue,Development,Fahad Al-Farsi,18-07-2024 7.25,18-07-2024 8.25,18-07-2024 7.35,18-07-2024 7.25,Met,18-07-2024 8.24,Met,18-07-2024 8.28,1,Neutral,Cloud,L3,Qatar
Resolved,1046,Critical,Email,Access Request,Development,Saif Al-Khalifa,21-05-2024 22.35,21-05-2024 23.35,21-05-2024 22.45,21-05-2024 22.40,Met,21-05-2024 23.23,Met,21-05-2024 23.24,2,Neutral,Network,L1,Saudi Arabia
New,1047,High,Chat,Network Issue,Security,Saif Al-Rashid,11-08-2024 1.46,11-08-2024 3.46,11-08-2024 2.16,11-08-2024 2.09,Met,11-08-2024 3.46,Met,11-08-2024 3.48,4,Satisfied,Hardware,L2,Bahrain
In Progress,1048,Critical,Phone,Software Bug,IT Support,Omar Al-Mansoori,20-04-2024 16.46,20-04-2024 17.46,20-04-2024 16.56,20-04-2024 16.52,Met,20-04-2024 17.44,Met,20-04-2024 17.47,5,Neutral,Cloud,L2,Bahrain
Closed,1049,High,Portal,Access Request,Network Ops,Saif Al-Khalifa,19-07-2024 5.37,19-07-2024 7.37,19-07-2024 6.07,19-07-2024 6.01,Met,19-07-2024 7.28,Met,19-07-2024 7.33,4,Satisfied,Network,L2,Saudi Arabia
Closed,1050,High,Portal,Access Request,Customer Service,Yousef Al-Khalifa,15-05-2024 5.09,15-05-2024 7.09,15-05-2024 5.39,15-05-2024 5.33,Met,15-05-2024 6.53,Met,15-05-2024 6.53,3,Satisfied,Cloud,L1,Bahrain
Open,1051,Medium,Portal,Network Issue,IT Support,Mohammed Al-Rashid,11-05-2024 7.53,11-05-2024 10.53,11-05-2024 8.38,11-05-2024 8.34,Met,11-05-2024 10.37,Met,11-05-2024 10.38,3,Neutral,Network,L1,Saudi Arabia
Resolved,1052,Critical,Chat,Hardware Failure,IT Support,Ahmed Al-Nasser,11-06-2024 4.34,11-06-2024 5.34,11-06-2024 4.44,11-06-2024 4.44,Met,11-06-2024 5.34,Met,11-06-2024 5.37,5,Neutral,Network,L1,Kuwait
In Progress,1053,Critical,Email,Software Bug,Customer Service,Hassan Al-Rashid,12-04-2024 21.16,12-04-2024 22.16,12-04-2024 21.26,12-04-2024 21.21,Met,12-04-2024 22.09,Met,12-04-2024 22.14,3,Dissatisfied,Cloud,L3,UAE
New,1054,High,Phone,Network Issue,Security,Khalid Al-Rashid,08-07-2024 22.13,09-07-2024 0.13,08-07-2024 22.43,08-07-2024 22.43,Met,09-07-2024 0.01,Met,09-07-2024 0.06,2,Neutral,Software,L2,Bahrain
Resolved,1055,Low,Portal,Hardware Failure,Customer Service,Abdullah Al-Farsi,05-06-2024 18.22,05-06-2024 22.22,05-06-2024 19.22,05-06-2024 19.22,Met,05-06-2024 22.17,Met,05-06-2024 22.19,5,Neutral,Software,L2,Oman
In Progress,1056,Critical,Phone,Network Issue,Development,Hassan Al-Rashid,25-05-2024 11.10,25-05-2024 12.10,25-05-2024 11.20,25-05-2024 11.12,Met,25-05-2024 11.52,Met,25-05-2024 11.52,2,Dissatisfied,Network,L3,Bahrain
Open,1057,Medium,Phone,Access Request,Development,Fahad Al-Rashid,17-04-2024 8.56,17-04-2024 11.56,17-04-2024 9.41,17-04-2024 9.40,Met,17-04-2024 11.38,Met,17-04-2024 11.42,1,Satisfied,Network,L2,Qatar
Closed,1058,Low,Email,General Inquiry,Security,Mohammed Al-Rashid,13-06-2024 18.43,13-06-2024 22.43,13-06-2024 19.43,13-06-2024 19.37,Met,13-06-2024 22.25,Met,13-06-2024 22.26,2,Neutral,Cloud,L2,Qatar
Closed,1059,Medium,Email,Hardware Failure,Customer Service,Saif Al-Rashid,22-04-2024 8.46,22-04-2024 11.46,22-04-2024 9.31,22-04-2024 9.24,Met,22-04-2024 11.43,Met,22-04-2024 11.46,4,Neutral,Network,L1,Bahrain
In Progress,1060,High,Phone,Software Bug,IT Support,Omar Al-Mansoori,24-05-2024 9.04,24-05-2024 11.04,24-05-2024 9.34,24-05-2024 9.33,Met,24-05-2024 10.59,Met,24-05-2024 10.59,4,Dissatisfied,Software,L1,Oman
Open,1061,Critical,Phone,Access Request,Security,Mohammed Al-Hamdan,12-04-2024 21.03,12-04-2024 22.03,12-04-2024 21.13,12-04-2024 21.07,Met,12-04-2024 22.03,Met,12-04-2024 22.08,2,Neutral,Cloud,L1,Bahrain
Closed,1062,Medium,Phone,Access Request,Network Ops,Khalid Al-Farsi,18-05-2024 16.26,18-05-2024 19.26,18-05-2024 17.11,18-05-2024 17.02,Met,18-05-2024 19.10,Met,18-05-2024 19.13,1,Satisfied,Network,L3,UAE
New,1063,Critical,Email,Access Request,Security,Fahad Al-Rashid,24-06-2024 15.32,24-06-2024 16.32,24-06-2024 15.42,24-06-2024 15.32,Met,24-06-2024 16.26,Met,24-06-2024 16.27,1,Satisfied,Software,L3,Qatar
Open,1064,High,Chat,Software Bug,Security,Yousef Al-Khalifa,04-04-2024 3.49,04-04-2024 5.49,04-04-2024 4.19,04-04-2024 4.16,Met,04-04-2024 5.47,Met,04-04-2024 5.47,1,Satisfied,Hardware,L1,UAE
Resolved,1065,Critical,Email,Network Issue,Customer Service,Ali Al-Khalifa,15-04-2024 16.22,15-04-2024 17.22,15-04-2024 16.32,15-04-2024 16.29,Met,15-04-2024 17.10,Met,15-04-2024 17.14,3,Neutral,Cloud,L3,Bahrain
New,1066,Low,Chat,Software Bug,Network Ops,Mohammed Al-Hamdan,25-07-2024 12.55,25-07-2024 16.55,25-07-2024 13.55,25-07-2024 13.54,Met,25-07-2024 16.53,Met,25-07-2024 16.57,4,Dissatisfied,Cloud,L2,Qatar
Closed,1067,Critical,Portal,Network Issue,Security,Ahmed Al-Salem,24-06-2024 19.57,24-06-2024 20.57,24-06-2024 20.07,24-06-2024 19.59,Met,24-06-2024 20.50,Met,24-06-2024 20.53,2,Dissatisfied,Software,L2,UAE
New,1068,Critical,Phone,General Inquiry,Network Ops,Mohammed Al-Rashid,05-04-2024 4.55,05-04-2024 5.55,05-04-2024 5.05,05-04-2024 4.57,Met,05-04-2024 5.35,Met,05-04-2024 5.38,2,Satisfied,Hardware,L2,Qatar
Resolved,1069,Critical,Email,Network Issue,Development,Mohammed Al-Hamdan,29-07-2024 16.30,29-07-2024 17.30,29-07-2024 16.40,29-07-2024 16.39,Met,29-07-2024 17.20,Met,29-07-2024 17.24,2,Neutral,Software,L2,Kuwait
In Progress,1070,Medium,Email,Network Issue,Network Ops,Abdullah Al-Mansoori,19-07-2024 16.08,19-07-2024 19.08,19-07-2024 16.53,19-07-2024 16.48,Met,19-07-2024 19.04,Met,19-07-2024 19.08,1,Satisfied,Network,L3,UAE
In Progress,1071,Low,Email,Software Bug,IT Support,Fahad Al-Farsi,13-07-2024 6.28,13-07-2024 10.28,13-07-2024 7.28,13-07-2024 7.23,Met,13-07-2024 10.10,Met,13-07-2024 10.12,3,Neutral,Cloud,L2,UAE
Resolved,1072,Critical,Portal,Network Issue,Network Ops,Saif Al-Rashid,14-05-2024 1.52,14-05-2024 2.52,14-05-2024 2.02,14-05-2024 1.57,Met,14-05-2024 2.51,Met,14-05-2024 2.55,5,Satisfied,Cloud,L2,Kuwait
Open,1073,Low,Portal,Network Issue,Network Ops,Abdullah Al-Farsi,04-06-2024 7.29,04-06-2024 11.29,04-06-2024 8.29,04-06-2024 8.23,Met,04-06-2024 11.11,Met,04-06-2024 11.15,3,Neutral,Network,L1,Saudi Arabia
In Progress,1074,Critical,Email,General Inquiry,Security,Mohammed Al-Hamdan,03-06-2024 1.50,03-06-2024 2.50,03-06-2024 2.00,03-06-2024 2.00,Met,03-06-2024 2.43,Met,03-06-2024 2.45,5,Dissatisfied,Software,L3,UAE
Resolved,1075,Medium,Phone,Software Bug,IT Support,Fahad Al-Rashid,14-06-2024 23.49,15-06-2024 2.49,15-06-2024 0.34,15-06-2024 0.33,Met,15-06-2024 2.38,Met,15-06-2024 2.42,2,Dissatisfied,Hardware,L1,UAE
Resolved,1076,Low,Phone,Hardware Failure,Security,Abdullah Al-Rashid,05-06-2024 4.25,05-06-2024 8.25,05-06-2024 5.25,05-06-2024 5.21,Met,05-06-2024 8.09,Met,05-06-2024 8.11,3,Satisfied,Network,L3,Saudi Arabia
Resolved,1077,Low,Email,Hardware Failure,Security,Ali Al-Khalifa,11-06-2024 18.24,11-06-2024 22.24,11-06-2024 19.24,11-06-2024 19.19,Met,11-06-2024 22.21,Met,11-06-2024 22.25,5,Neutral,Cloud,L3,Oman
Resolved,1078,Critical,Chat,Software Bug,Customer Service,Ali Al-Khalifa,25-06-2024 17.27,25-06-2024 18.27,25-06-2024 17.37,25-06-2024 17.27,Met,25-06-2024 18.18,Met,25-06-2024 18.23,5,Neutral,Cloud,L1,Oman
Closed,1079,Low,Email,Software Bug,Network Ops,Hassan Al-Hamdan,08-05-2024 0.31,08-05-2024 4.31,08-05-2024 1.31,08-05-2024 1.23,Met,08-05-2024 4.23,Met,08-05-2024 4.28,5,Dissatisfied,Cloud,L1,UAE
New,1080,Critical,Chat,Hardware Failure,Development,Ali Al-Khalifa,09-08-2024 8.31,09-08-2024 9.31,09-08-2024 8.41,09-08-2024 8.35,Met,09-08-2024 9.17,Met,09-08-2024 9.18,1,Neutral,Network,L1,Oman
Open,1081,Medium,Chat,Access Request,Network Ops,Abdullah Al-Rashid,10-08-2024 7.29,10-08-2024 10.29,10-08-2024 8.14,10-08-2024 8.11,Met,10-08-2024 10.24,Met,10-08-2024 10.28,5,Neutral,Software,L3,Bahrain
New,1082,Medium,Phone,Hardware Failure,Security,Fahad Al-Farsi,13-06-2024 10.45,13-06-2024 13.45,13-06-2024 11.30,13-06-2024 11.27,Met,13-06-2024 13.39,Met,13-06-2024 13.40,3,Neutral,Cloud,L2,UAE
Open,1083,Critical,Phone,Network Issue,IT Support,Khalid Al-Rashid,10-07-2024 5.03,10-07-2024 6.03,10-07-2024 5.13,10-07-2024 5.05,Met,10-07-2024 5.59,Met,10-07-2024 6.00,2,Neutral,Software,L2,Bahrain
Closed,1084,Low,Portal,Network Issue,Security,Mohammed Al-Hamdan,25-04-2024 17.04,25-04-2024 21.04,25-04-2024 18.04,25-04-2024 17.57,Met,25-04-2024 20.48,Met,25-04-2024 20.49,5,Satisfied,Network,L2,UAE
New,1085,Low,Chat,Access Request,Customer Service,Yousef Al-Khalifa,21-04-2024 15.21,21-04-2024 19.21,21-04-2024 16.21,21-04-2024 16.21,Met,21-04-2024 19.15,Met,21-04-2024 19.18,4,Satisfied,Network,L1,Kuwait
Resolved,1086,Medium,Portal,Hardware Failure,Network Ops,Fahad Al-Rashid,02-06-2024 3.48,02-06-2024 6.48,02-06-2024 4.33,02-06-2024 4.27,Met,02-06-2024 6.45,Met,02-06-2024 6.48,1,Neutral,Software,L2,UAE
Open,1087,Medium,Email,Software Bug,Security,Hassan Al-Hamdan,24-04-2024 21.26,25-04-2024 0.26,24-04-2024 22.11,24-04-2024 22.02,Met,25-04-2024 0.26,Met,25-04-2024 0.31,2,Neutral,Software,L2,Saudi Arabia
Closed,1088,Medium,Chat,Hardware Failure,Development,Hassan Al-Rashid,27-06-2024 16.39,27-06-2024 19.39,27-06-2024 17.24,27-06-2024 17.18,Met,27-06-2024 19.36,Met,27-06-2024 19.39,4,Satisfied,Hardware,L3,Bahrain
Closed,1089,Critical,Phone,General Inquiry,Security,Hassan Al-Hamdan,02-06-2024 0.56,02-06-2024 1.56,02-06-2024 1.06,02-06-2024 1.00,Met,02-06-2024 1.37,Met,02-06-2024 1.38,3,Neutral,Hardware,L2,UAE
Resolved,1090,Medium,Chat,Network Issue,Development,Ali Al-Khalifa,26-05-2024 4.58,26-05-2024 7.58,26-05-2024 5.43,26-05-2024 5.42,Met,26-05-2024 7.57,Met,26-05-2024 8.01,4,Dissatisfied,Software,L1,Kuwait
New,1091,High,Email,Software Bug,Network Ops,Omar Al-Mansoori,04-06-2024 22.37,05-06-2024 0.37,04-06-2024 23.07,04-06-2024 22.57,Met,05-06-2024 0.36,Met,05-06-2024 0.38,5,Satisfied,Software,L1,Saudi Arabia
Resolved,1092,High,Phone,General Inquiry,Security,Abdullah Al-Rashid,12-05-2024 1.55,12-05-2024 3.55,12-05-2024 2.25,12-05-2024 2.21,Met,12-05-2024 3.41,Met,12-05-2024 3.41,1,Neutral,Hardware,L1,Saudi Arabia
Resolved,1093,Medium,Chat,Hardware Failure,IT Support,Omar Al-Mansoori,02-05-2024 20.54,02-05-2024 23.54,02-05-2024 21.39,02-05-2024 21.29,Met,02-05-2024 23.40,Met,02-05-2024 23.41,2,Dissatisfied,Network,L3,Kuwait
Closed,1094,Critical,Email,Network Issue,Network Ops,Ahmed Al-Salem,13-04-2024 3.57,13-04-2024 4.57,13-04-2024 4.07,13-04-2024 4.07,Met,13-04-2024 4.53,Met,13-04-2024 4.53,5,Neutral,Hardware,L3,Qatar
Resolved,1095,Medium,Email,Access Request,Development,Saif Al-Rashid,20-07-2024 19.25,20-07-2024 22.25,20-07-2024 20.10,20-07-2024 20.01,Met,20-07-2024 22.20,Met,20-07-2024 22.21,3,Satisfied,Cloud,L1,Qatar
Resolved,1096,Low,Portal,Access Request,Security,Saif Al-Khalifa,26-06-2024 14.49,26-06-2024 18.49,26-06-2024 15.49,26-06-2024 15.47,Met,26-06-2024 18.38,Met,26-06-2024 18.42,4,Neutral,Software,L2,Oman
Open,1097,Medium,Portal,Hardware Failure,Security,Omar Al-Mansoori,22-06-2024 4.11,22-06-2024 7.11,22-06-2024 4.56,22-06-2024 4.53,Met,22-06-2024 6.54,Met,22-06-2024 6.58,3,Dissatisfied,Network,L2,Bahrain
In Progress,1098,Critical,Chat,Network Issue,Security,Saif Al-Rashid,06-05-2024 6.57,06-05-2024 7.57,06-05-2024 7.07,06-05-2024 6.59,Met,06-05-2024 7.49,Met,06-05-2024 7.49,1,Dissatisfied,Hardware,L2,Qatar
Open,1099,High,Email,Network Issue,IT Support,Mohammed Al-Rashid,13-04-2024 18.46,13-04-2024 20.46,13-04-2024 19.16,13-04-2024 19.11,Met,13-04-2024 20.41,Met,13-04-2024 20.46,3,Satisfied,Software,L2,Qatar
Open,1100,Critical,Chat,Access Request,Security,Fahad Al-Farsi,28-07-2024 23.46,29-07-2024 0.46,28-07-2024 23.56,28-07-2024 23.50,Met,29-07-2024 0.35,Met,29-07-2024 0.37,3,Dissatisfied,Hardware,L1,Oman
In Progress,1101,High,Chat,Access Request,Network Ops,Hassan Al-Rashid,28-07-2024 8.18,28-07-2024 10.18,28-07-2024 8.48,28-07-2024 8.44,Met,28-07-2024 10.03,Met,28-07-2024 10.07,4,Dissatisfied,Network,L1,Kuwait
New,1102,Low,Chat,Hardware Failure,Security,Khalid Al-Rashid,27-06-2024 22.54,28-06-2024 2.54,27-06-2024 23.54,27-06-2024 23.46,Met,28-06-2024 2.35,Met,28-06-2024 2.40,4,Neutral,Cloud,L3,Kuwait
Resolved,1103,Medium,Email,General Inquiry,Network Ops,Saif Al-Khalifa,14-06-2024 6.27,14-06-2024 9.27,14-06-2024 7.12,14-06-2024 7.06,Met,14-06-2024 9.09,Met,14-06-2024 9.10,4,Satisfied,Hardware,L3,Saudi Arabia
Closed,1104,High,Portal,Network Issue,Development,Mohammed Al-Rashid,01-08-2024 6.05,01-08-2024 8.05,01-08-2024 6.35,01-08-2024 6.35,Met,01-08-2024 7.55,Met,01-08-2024 8.00,1,Satisfied,Network,L1,Kuwait
In Progress,1105,Low,Email,Access Request,IT Support,Saif Al-Rashid,23-07-2024 9.49,23-07-2024 13.49,23-07-2024 10.49,23-07-2024 10.45,Met,23-07-2024 13.33,Met,23-07-2024 13.36,2,Dissatisfied,Network,L3,Oman
New,1106,High,Email,Network Issue,Network Ops,Omar Al-Salem,23-07-2024 0.57,23-07-2024 2.57,23-07-2024 1.27,23-07-2024 1.23,Met,23-07-2024 2.47,Met,23-07-2024 2.48,4,Satisfied,Software,L1,Saudi Arabia
New,1107,Critical,Phone,Network Issue,Security,Omar Al-Mansoori,15-06-2024 7.52,15-06-2024 8.52,15-06-2024 8.02,15-06-2024 7.58,Met,15-06-2024 8.35,Met,15-06-2024 8.39,2,Dissatisfied,Network,L1,Kuwait
Closed,1108,Medium,Chat,Hardware Failure,Security,Yousef Al-Khalifa,21-06-2024 22.46,22-06-2024 1.46,21-06-2024 23.31,21-06-2024 23.28,Met,22-06-2024 1.40,Met,22-06-2024 1.41,3,Dissatisfied,Software,L1,Kuwait
Open,1109,Medium,Portal,General Inquiry,Security,Ahmed Al-Nasser,16-07-2024 10.46,16-07-2024 13.46,16-07-2024 11.31,16-07-2024 11.26,Met,16-07-2024 13.46,Met,16-07-2024 13.51,5,Satisfied,Software,L1,Qatar
New,1110,Critical,Phone,Software Bug,Network Ops,Hassan Al-Rashid,27-04-2024 6.05,27-04-2024 7.05,27-04-2024 6.15,27-04-2024 6.07,Met,27-04-2024 6.49,Met,27-04-2024 6.54,5,Dissatisfied,Hardware,L1,Kuwait
In Progress,1111,Low,Chat,Hardware Failure,Development,Fahad Al-Farsi,13-06-2024 14.41,13-06-2024 18.41,13-06-2024 15.41,13-06-2024 15.35,Met,13-06-2024 18.32,Met,13-06-2024 18.33,1,Satisfied,Cloud,L3,Saudi Arabia
New,1112,Medium,Chat,General Inquiry,Security,Abdullah Al-Mansoori,28-06-2024 13.18,28-06-2024 16.18,28-06-2024 14.03,28-06-2024 13.53,Met,28-06-2024 16.10,Met,28-06-2024 16.12,5,Dissatisfied,Software,L2,Bahrain
Closed,1113,Critical,Email,Network Issue,Security,Saif Al-Rashid,24-04-2024 23.41,25-04-2024 0.41,24-04-2024 23.51,24-04-2024 23.49,Met,25-04-2024 0.39,Met,25-04-2024 0.41,2,Satisfied,Cloud,L2,Oman
Closed,1114,Low,Phone,Access Request,Network Ops,Abdullah Al-Farsi,25-07-2024 3.28,25-07-2024 7.28,25-07-2024 4.28,25-07-2024 4.27,Met,25-07-2024 7.28,Met,25-07-2024 7.32,4,Neutral,Cloud,L1,Kuwait
Closed,1115,High,Chat,Network Issue,Development,Hassan Al-Hamdan,01-04-2024 3.05,01-04-2024 5.05,01-04-2024 3.35,01-04-2024 3.33,Met,01-04-2024 5.02,Met,01-04-2024 5.05,1,Neutral,Software,L1,Qatar
Resolved,1116,Critical,Phone,Access Request,Security,Fahad Al-Farsi,06-06-2024 10.39,06-06-2024 11.39,06-06-2024 10.49,06-06-2024 10.41,Met,06-06-2024 11.20,Met,06-06-2024 11.25,5,Neutral,Cloud,L2,Oman
Resolved,1117,Critical,Chat,Software Bug,Network Ops,Omar Al-Salem,28-06-2024 12.13,28-06-2024 13.13,28-06-2024 12.23,28-06-2024 12.13,Met,28-06-2024 13.05,Met,28-06-2024 13.06,1,Dissatisfied,Network,L1,Bahrain
New,1118,High,Portal,Access Request,Development,Omar Al-Salem,18-05-2024 12.27,18-05-2024 14.27,18-05-2024 12.57,18-05-2024 12.55,Met,18-05-2024 14.19,Met,18-05-2024 14.24,2,Satisfied,Software,L2,Kuwait
New,1119,High,Email,Software Bug,IT Support,Yousef Al-Khalifa,30-05-2024 23.34,31-05-2024 1.34,31-05-2024 0.04,30-05-2024 23.56,Met,31-05-2024 1.30,Met,31-05-2024 1.35,4,Satisfied,Network,L2,Qatar
In Progress,1120,Critical,Email,Software Bug,Development,Ahmed Al-Nasser,02-07-2024 16.16,02-07-2024 17.16,02-07-2024 16.26,02-07-2024 16.26,Met,02-07-2024 16.57,Met,02-07-2024 16.59,1,Satisfied,Cloud,L3,Saudi Arabia
Open,1121,Critical,Email,Access Request,Customer Service,Ali Al-Khalifa,30-07-2024 10.24,30-07-2024 11.24,30-07-2024 10.34,30-07-2024 10.28,Met,30-07-2024 11.22,Met,30-07-2024 11.26,4,Neutral,Hardware,L2,Qatar
Closed,1122,Critical,Chat,Hardware Failure,Network Ops,Abdullah Al-Farsi,21-04-2024 21.24,21-04-2024 22.24,21-04-2024 21.34,21-04-2024 21.29,Met,21-04-2024 22.20,Met,21-04-2024 22.25,5,Neutral,Hardware,L2,Qatar
In Progress,1123,High,Email,Access Request,Security,Saif Al-Rashid,28-05-2024 9.27,28-05-2024 11.27,28-05-2024 9.57,28-05-2024 9.56,Met,28-05-2024 11.19,Met,28-05-2024 11.20,5,Satisfied,Cloud,L2,Bahrain
Resolved,1124,Low,Email,Network Issue,Security,Abdullah Al-Rashid,12-04-2024 16.51,12-04-2024 20.51,12-04-2024 17.51,12-04-2024 17.41,Met,12-04-2024 20.33,Met,12-04-2024 20.35,4,Satisfied,Hardware,L2,Bahrain
In Progress,1125,High,Chat,General Inquiry,Network Ops,Yousef Al-Khalifa,19-07-2024 23.38,20-07-2024 1.38,20-07-2024 0.08,20-07-2024 0.00,Met,20-07-2024 1.30,Met,20-07-2024 1.31,2,Dissatisfied,Hardware,L1,Oman
In Progress,1126,High,Email,General Inquiry,Development,Ahmed Al-Nasser,20-05-2024 2.29,20-05-2024 4.29,20-05-2024 2.59,20-05-2024 2.50,Met,20-05-2024 4.10,Met,20-05-2024 4.11,4,Dissatisfied,Cloud,L3,UAE
Resolved,1127,High,Chat,Hardware Failure,Security,Mohammed Al-Hamdan,06-04-2024 11.53,06-04-2024 13.53,06-04-2024 12.23,06-04-2024 12.15,Met,06-04-2024 13.45,Met,06-04-2024 13.48,4,Dissatisfied,Software,L1,Qatar
New,1128,Low,Phone,Access Request,Network Ops,Khalid Al-Farsi,23-04-2024 23.14,24-04-2024 3.14,24-04-2024 0.14,24-04-2024 0.06,Met,24-04-2024 3.13,Met,24-04-2024 3.13,4,Satisfied,Software,L1,Bahrain
Resolved,1129,Medium,Phone,Hardware Failure,Customer Service,Hassan Al-Rashid,17-05-2024 22.11,18-05-2024 1.11,17-05-2024 22.56,17-05-2024 22.52,Met,18-05-2024 0.57,Met,18-05-2024 1.01,1,Neutral,Hardware,L1,UAE
Resolved,1130,Medium,Chat,Network Issue,Network Ops,Ahmed Al-Nasser,13-07-2024 20.46,13-07-2024 23.46,13-07-2024 21.31,13-07-2024 21.24,Met,13-07-2024 23.35,Met,13-07-2024 23.37,2,Neutral,Network,L2,Bahrain
New,1131,Medium,Portal,Access Request,IT Support,Omar Al-Salem,09-06-2024 9.41,09-06-2024 12.41,09-06-2024 10.26,09-06-2024 10.22,Met,09-06-2024 12.21,Met,09-06-2024 12.24,5,Satisfied,Software,L2,UAE
New,1132,Low,Portal,Access Request,Security,Omar Al-Mansoori,08-07-2024 17.25,08-07-2024 21.25,08-07-2024 18.25,08-07-2024 18.18,Met,08-07-2024 21.19,Met,08-07-2024 21.24,3,Dissatisfied,Software,L2,Saudi Arabia
Open,1133,Low,Phone,Hardware Failure,IT Support,Abdullah Al-Rashid,27-04-2024 19.39,27-04-2024 23.39,27-04-2024 20.39,27-04-2024 20.36,Met,27-04-2024 23.24,Met,27-04-2024 23.26,2,Satisfied,Cloud,L2,Oman
Open,1134,Critical,Phone,Network Issue,Customer Service,Saif Al-Rashid,19-05-2024 3.13,19-05-2024 4.13,19-05-2024 3.23,19-05-2024 3.23,Met,19-05-2024 3.53,Met,19-05-2024 3.58,4,Dissatisfied,Hardware,L3,Qatar
New,1135,Low,Email,Hardware Failure,Network Ops,Fahad Al-Rashid,11-07-2024 12.36,11-07-2024 16.36,11-07-2024 13.36,11-07-2024 13.28,Met,11-07-2024 16.27,Met,11-07-2024 16.28,2,Neutral,Cloud,L1,Saudi Arabia
Resolved,1136,High,Chat,Network Issue,IT Support,Yousef Al-Khalifa,31-05-2024 10.44,31-05-2024 12.44,31-05-2024 11.14,31-05-2024 11.13,Met,31-05-2024 12.38,Met,31-05-2024 12.40,5,Satisfied,Hardware,L1,Qatar
New,1137,High,Email,Hardware Failure,Development,Abdullah Al-Rashid,29-05-2024 20.11,29-05-2024 22.11,29-05-2024 20.41,29-05-2024 20.34,Met,29-05-2024 21.52,Met,29-05-2024 21.53,2,Satisfied,Hardware,L2,Qatar
Resolved,1138,Critical,Phone,Access Request,Network Ops,Omar Al-Mansoori,15-04-2024 2.15,15-04-2024 3.15,15-04-2024 2.25,15-04-2024 2.23,Met,15-04-2024 3.07,Met,15-04-2024 3.07,2,Satisfied,Hardware,L2,Kuwait
New,1139,Critical,Portal,Hardware Failure,IT Support,Abdullah Al-Rashid,21-07-2024 9.21,21-07-2024 10.21,21-07-2024 9.31,21-07-2024 9.22,Met,21-07-2024 10.17,Met,21-07-2024 10.20,4,Satisfied,Hardware,L3,Kuwait
Closed,1140,Critical,Chat,General Inquiry,Customer Service,Mohammed Al-Hamdan,17-04-2024 6.55,17-04-2024 7.55,17-04-2024 7.05,17-04-2024 7.04,Met,17-04-2024 7.55,Met,17-04-2024 7.55,4,Dissatisfied,Network,L2,UAE
Open,1141,High,Portal,Software Bug,Development,Mohammed Al-Rashid,04-06-2024 14.58,04-06-2024 16.58,04-06-2024 15.28,04-06-2024 15.26,Met,04-06-2024 16.55,Met,04-06-2024 16.57,2,Satisfied,Software,L2,Qatar
Closed,1142,Medium,Phone,Network Issue,Network Ops,Fahad Al-Farsi,08-08-2024 16.26,08-08-2024 19.26,08-08-2024 17.11,08-08-2024 17.11,Met,08-08-2024 19.17,Met,08-08-2024 19.22,5,Satisfied,Network,L1,Kuwait
Closed,1143,Medium,Email,Network Issue,Security,Saif Al-Rashid,26-07-2024 0.23,26-07-2024 3.23,26-07-2024 1.08,26-07-2024 1.08,Met,26-07-2024 3.23,Met,26-07-2024 3.27,1,Satisfied,Hardware,L2,Kuwait
New,1144,High,Portal,General Inquiry,Development,Ahmed Al-Salem,08-05-2024 15.38,08-05-2024 17.38,08-05-2024 16.08,08-05-2024 15.59,Met,08-05-2024 17.18,Met,08-05-2024 17.19,4,Dissatisfied,Cloud,L1,Oman
Open,1145,Low,Chat,General Inquiry,Customer Service,Yousef Al-Khalifa,04-06-2024 1.01,04-06-2024 5.01,04-06-2024 2.01,04-06-2024 1.57,Met,04-06-2024 5.01,Met,04-06-2024 5.05,4,Satisfied,Network,L1,UAE
In Progress,1146,Medium,Chat,Software Bug,Development,Fahad Al-Farsi,08-06-2024 5.02,08-06-2024 8.02,08-06-2024 5.47,08-06-2024 5.38,Met,08-06-2024 7.47,Met,08-06-2024 7.48,3,Neutral,Cloud,L3,Qatar
In Progress,1147,High,Portal,Hardware Failure,Network Ops,Khalid Al-Rashid,25-05-2024 1.38,25-05-2024 3.38,25-05-2024 2.08,25-05-2024 2.05,Met,25-05-2024 3.26,Met,25-05-2024 3.31,1,Dissatisfied,Network,L3,UAE
New,1148,Critical,Email,Network Issue,Network Ops,Hassan Al-Hamdan,23-07-2024 6.20,23-07-2024 7.20,23-07-2024 6.30,23-07-2024 6.30,Met,23-07-2024 7.20,Met,23-07-2024 7.22,3,Neutral,Cloud,L2,Oman
In Progress,1149,Medium,Phone,General Inquiry,Network Ops,Abdullah Al-Farsi,08-07-2024 9.56,08-07-2024 12.56,08-07-2024 10.41,08-07-2024 10.32,Met,08-07-2024 12.41,Met,08-07-2024 12.41,1,Satisfied,Cloud,L1,UAE
New,1150,Low,Portal,Network Issue,IT Support,Khalid Al-Rashid,09-05-2024 19.42,09-05-2024 23.42,09-05-2024 20.42,09-05-2024 20.36,Met,09-05-2024 23.29,Met,09-05-2024 23.33,4,Dissatisfied,Software,L1,UAE
Resolved,1151,Medium,Phone,General Inquiry,Network Ops,Hassan Al-Hamdan,14-06-2024 18.43,14-06-2024 21.43,14-06-2024 19.28,14-06-2024 19.26,Met,14-06-2024 21.25,Met,14-06-2024 21.25,1,Satisfied,Software,L1,Saudi Arabia
Closed,1152,Medium,Portal,General Inquiry,Network Ops,Khalid Al-Rashid,17-07-2024 4.19,17-07-2024 7.19,17-07-2024 5.04,17-07-2024 5.02,Met,17-07-2024 7.07,Met,17-07-2024 7.11,2,Satisfied,Software,L1,Bahrain
Resolved,1153,Low,Phone,Hardware Failure,Development,Mohammed Al-Hamdan,13-07-2024 1.16,13-07-2024 5.16,13-07-2024 2.16,13-07-2024 2.10,Met,13-07-2024 5.00,Met,13-07-2024 5.04,3,Neutral,Cloud,L3,Bahrain
In Progress,1154,High,Phone,Software Bug,Customer Service,Saif Al-Rashid,14-06-2024 1.28,14-06-2024 3.28,14-06-2024 1.58,14-06-2024 1.48,Met,14-06-2024 3.11,Met,14-06-2024 3.13,4,Dissatisfied,Software,L2,Bahrain
Open,1155,Medium,Email,Network Issue,Customer Service,Mohammed Al-Rashid,11-06-2024 7.33,11-06-2024 10.33,11-06-2024 8.18,11-06-2024 8.12,Met,11-06-2024 10.13,Met,11-06-2024 10.17,3,Satisfied,Network,L2,UAE
New,1156,Low,Chat,Network Issue,Security,Khalid Al-Farsi,07-07-2024 1.00,07-07-2024 5.00,07-07-2024 2.00,07-07-2024 1.54,Met,07-07-2024 4.57,Met,07-07-2024 4.58,2,Dissatisfied,Cloud,L2,Bahrain
Closed,1157,High,Chat,Network Issue,Customer Service,Abdullah Al-Farsi,25-06-2024 11.20,25-06-2024 13.20,25-06-2024 11.50,25-06-2024 11.42,Met,25-06-2024 13.13,Met,25-06-2024 13.13,3,Neutral,Software,L2,Kuwait
Resolved,1158,Low,Phone,Network Issue,Customer Service,Fahad Al-Rashid,25-07-2024 0.29,25-07-2024 4.29,25-07-2024 1.29,25-07-2024 1.29,Met,25-07-2024 4.11,Met,25-07-2024 4.15,4,Dissatisfied,Cloud,L1,UAE
New,1159,High,Phone,Network Issue,Customer Service,Ahmed Al-Nasser,02-05-2024 12.40,02-05-2024 14.40,02-05-2024 13.10,02-05-2024 13.04,Met,02-05-2024 14.35,Met,02-05-2024 14.37,4,Dissatisfied,Hardware,L1,Kuwait
Closed,1160,Critical,Phone,General Inquiry,IT Support,Fahad Al-Farsi,21-05-2024 11.17,21-05-2024 12.17,21-05-2024 11.27,21-05-2024 11.18,Met,21-05-2024 12.58,Not Met,21-05-2024 12.10,1,Dissatisfied,Hardware,L1,Qatar
New,1161,High,Phone,General Inquiry,Security,Saif Al-Khalifa,03-07-2024 11.20,03-07-2024 13.20,03-07-2024 11.50,03-07-2024 11.42,Met,03-07-2024 13.11,Met,03-07-2024 13.11,2,Neutral,Cloud,L1,UAE
Closed,1162,High,Phone,Access Request,IT Support,Khalid Al-Rashid,27-07-2024 15.56,27-07-2024 17.56,27-07-2024 16.26,27-07-2024 16.19,Met,27-07-2024 17.37,Met,27-07-2024 17.38,5,Neutral,Software,L2,UAE
In Progress,1163,Medium,Chat,General Inquiry,IT Support,Saif Al-Rashid,23-04-2024 12.35,23-04-2024 15.35,23-04-2024 13.20,23-04-2024 13.24,Not Met,23-04-2024 15.30,Met,23-04-2024 15.34,3,Satisfied,Hardware,L2,Saudi Arabia
In Progress,1164,Low,Chat,Network Issue,Security,Mohammed Al-Rashid,15-05-2024 17.58,15-05-2024 21.58,15-05-2024 18.58,15-05-2024 18.49,Met,15-05-2024 21.45,Met,15-05-2024 21.46,1,Neutral,Software,L3,Oman
New,1165,Low,Email,Software Bug,IT Support,Khalid Al-Farsi,13-05-2024 15.33,13-05-2024 19.33,13-05-2024 16.33,13-05-2024 16.29,Met,13-05-2024 19.22,Met,13-05-2024 19.27,5,Satisfied,Software,L1,Saudi Arabia
Open,1166,Low,Phone,General Inquiry,Customer Service,Ahmed Al-Nasser,02-06-2024 5.44,02-06-2024 9.44,02-06-2024 6.44,02-06-2024 6.37,Met,02-06-2024 9.24,Met,02-06-2024 9.27,2,Neutral,Cloud,L2,UAE
Open,1167,Medium,Chat,Network Issue,Network Ops,Ahmed Al-Nasser,06-06-2024 4.51,06-06-2024 7.51,06-06-2024 5.36,06-06-2024 5.34,Met,06-06-2024 7.32,Met,06-06-2024 7.36,2,Satisfied,Network,L1,Bahrain
Open,1168,Low,Email,Network Issue,Security,Ahmed Al-Nasser,26-05-2024 17.21,26-05-2024 21.21,26-05-2024 18.21,26-05-2024 18.19,Met,26-05-2024 21.01,Met,26-05-2024 21.06,4,Satisfied,Network,L2,Bahrain
In Progress,1169,Medium,Portal,General Inquiry,Customer Service,Mohammed Al-Rashid,10-06-2024 5.32,10-06-2024 8.32,10-06-2024 6.17,10-06-2024 6.12,Met,10-06-2024 8.19,Met,10-06-2024 8.20,1,Dissatisfied,Software,L3,Qatar
Closed,1170,Critical,Email,Hardware Failure,Network Ops,Hassan Al-Hamdan,15-06-2024 13.40,15-06-2024 14.40,15-06-2024 13.50,15-06-2024 13.44,Met,15-06-2024 14.27,Met,15-06-2024 14.27,5,Satisfied,Hardware,L1,Qatar
Open,1171,Critical,Email,Software Bug,Customer Service,Fahad Al-Farsi,28-05-2024 8.18,28-05-2024 9.18,28-05-2024 8.28,28-05-2024 8.24,Met,28-05-2024 9.14,Met,28-05-2024 9.14,1,Neutral,Network,L1,Saudi Arabia
New,1172,Low,Phone,Network Issue,Network Ops,Mohammed Al-Rashid,06-06-2024 1.22,06-06-2024 5.22,06-06-2024 2.22,06-06-2024 2.20,Met,06-06-2024 5.04,Met,06-06-2024 5.05,3,Neutral,Software,L2,Bahrain
In Progress,1173,Medium,Email,Hardware Failure,IT Support,Ali Al-Khalifa,14-04-2024 19.32,14-04-2024 22.32,14-04-2024 20.17,14-04-2024 20.16,Met,14-04-2024 22.24,Met,14-04-2024 22.29,5,Dissatisfied,Software,L3,Qatar
Open,1174,High,Email,General Inquiry,IT Support,Ali Al-Khalifa,08-04-2024 23.10,09-04-2024 1.10,08-04-2024 23.40,08-04-2024 23.37,Met,09-04-2024 0.55,Met,09-04-2024 1.00,1,Neutral,Network,L2,UAE
Resolved,1175,High,Phone,Hardware Failure,Network Ops,Mohammed Al-Hamdan,11-08-2024 7.06,11-08-2024 9.06,11-08-2024 7.36,11-08-2024 7.31,Met,11-08-2024 9.00,Met,11-08-2024 9.00,4,Neutral,Cloud,L3,Saudi Arabia
Resolved,1176,High,Phone,Hardware Failure,Network Ops,Ahmed Al-Nasser,08-07-2024 22.01,09-07-2024 0.01,08-07-2024 22.31,08-07-2024 22.30,Met,08-07-2024 23.44,Met,08-07-2024 23.48,5,Satisfied,Cloud,L1,Bahrain
Resolved,1177,Low,Portal,General Inquiry,Customer Service,Abdullah Al-Rashid,04-08-2024 8.19,04-08-2024 12.19,04-08-2024 9.19,04-08-2024 9.13,Met,04-08-2024 12.03,Met,04-08-2024 12.07,1,Dissatisfied,Cloud,L2,Qatar
Closed,1178,Medium,Phone,Hardware Failure,IT Support,Fahad Al-Rashid,07-04-2024 0.37,07-04-2024 3.37,07-04-2024 1.22,07-04-2024 1.13,Met,07-04-2024 3.25,Met,07-04-2024 3.25,1,Neutral,Hardware,L3,UAE
In Progress,1179,Medium,Portal,Hardware Failure,Customer Service,Ahmed Al-Nasser,10-05-2024 21.12,11-05-2024 0.12,10-05-2024 21.57,10-05-2024 21.47,Met,11-05-2024 0.05,Met,11-05-2024 0.07,2,Satisfied,Cloud,L3,Oman
New,1180,Low,Portal,General Inquiry,Network Ops,Abdullah Al-Farsi,06-04-2024 13.32,06-04-2024 17.32,06-04-2024 14.32,06-04-2024 14.27,Met,06-04-2024 17.25,Met,06-04-2024 17.30,4,Satisfied,Hardware,L1,Bahrain
Closed,1181,High,Chat,Access Request,IT Support,Abdullah Al-Mansoori,11-08-2024 17.01,11-08-2024 19.01,11-08-2024 17.31,11-08-2024 17.30,Met,11-08-2024 19.00,Met,11-08-2024 19.00,4,Satisfied,Software,L3,Saudi Arabia
Open,1182,Medium,Phone,Network Issue,Network Ops,Ali Al-Khalifa,12-04-2024 5.33,12-04-2024 8.33,12-04-2024 6.18,12-04-2024 6.09,Met,12-04-2024 8.27,Met,12-04-2024 8.30,3,Satisfied,Hardware,L2,Saudi Arabia
Closed,1183,High,Portal,Software Bug,IT Support,Fahad Al-Rashid,08-05-2024 12.47,08-05-2024 14.47,08-05-2024 13.17,08-05-2024 13.12,Met,08-05-2024 14.35,Met,08-05-2024 14.36,5,Neutral,Hardware,L1,Saudi Arabia
In Progress,1184,Medium,Chat,Hardware Failure,Security,Abdullah Al-Mansoori,04-07-2024 2.42,04-07-2024 5.42,04-07-2024 3.27,04-07-2024 3.19,Met,04-07-2024 5.30,Met,04-07-2024 5.33,2,Satisfied,Software,L2,Kuwait
Open,1185,Critical,Phone,Access Request,Security,Fahad Al-Rashid,04-08-2024 20.10,04-08-2024 21.10,04-08-2024 20.20,04-08-2024 20.16,Met,04-08-2024 21.07,Met,04-08-2024 21.07,5,Satisfied,Cloud,L2,Qatar
Resolved,1186,Medium,Phone,Hardware Failure,Customer Service,Abdullah Al-Farsi,02-07-2024 5.59,02-07-2024 8.59,02-07-2024 6.44,02-07-2024 6.38,Met,02-07-2024 8.48,Met,02-07-2024 8.49,5,Neutral,Hardware,L2,Saudi Arabia
In Progress,1187,Critical,Phone,Network Issue,Development,Fahad Al-Rashid,12-04-2024 12.28,12-04-2024 13.28,12-04-2024 12.38,12-04-2024 12.30,Met,12-04-2024 13.25,Met,12-04-2024 13.26,3,Neutral,Network,L1,Kuwait
In Progress,1188,Low,Chat,General Inquiry,Network Ops,Saif Al-Rashid,10-06-2024 20.10,11-06-2024 0.10,10-06-2024 21.10,10-06-2024 21.06,Met,10-06-2024 23.50,Met,10-06-2024 23.55,4,Satisfied,Software,L3,UAE
Open,1189,High,Portal,Hardware Failure,Network Ops,Hassan Al-Rashid,11-05-2024 9.27,11-05-2024 11.27,11-05-2024 9.57,11-05-2024 9.48,Met,11-05-2024 11.12,Met,11-05-2024 11.12,2,Neutral,Cloud,L2,Qatar
Resolved,1190,Critical,Chat,General Inquiry,Customer Service,Ahmed Al-Nasser,08-07-2024 18.17,08-07-2024 19.17,08-07-2024 18.27,08-07-2024 18.24,Met,08-07-2024 19.14,Met,08-07-2024 19.19,4,Satisfied,Software,L1,UAE
In Progress,1191,Critical,Chat,Software Bug,Development,Fahad Al-Farsi,08-04-2024 23.50,09-04-2024 0.50,09-04-2024 0.00,08-04-2024 23.59,Met,09-04-2024 1.35,Not Met,09-04-2024 0.38,3,Dissatisfied,Hardware,L2,Qatar
Closed,1192,High,Email,Access Request,IT Support,Abdullah Al-Farsi,26-07-2024 11.53,26-07-2024 13.53,26-07-2024 12.23,26-07-2024 12.14,Met,26-07-2024 13.41,Met,26-07-2024 13.42,4,Neutral,Software,L1,Qatar
Closed,1193,Critical,Email,Access Request,Security,Saif Al-Rashid,11-08-2024 14.11,11-08-2024 15.11,11-08-2024 14.21,11-08-2024 14.17,Met,11-08-2024 15.08,Met,11-08-2024 15.12,2,Dissatisfied,Cloud,L2,UAE
Closed,1194,Low,Email,General Inquiry,Customer Service,Ahmed Al-Salem,14-07-2024 13.11,14-07-2024 17.11,14-07-2024 14.11,14-07-2024 14.10,Met,14-07-2024 17.05,Met,14-07-2024 17.09,1,Dissatisfied,Cloud,L2,Saudi Arabia
New,1195,Critical,Phone,Software Bug,Development,Abdullah Al-Rashid,08-05-2024 1.40,08-05-2024 2.40,08-05-2024 1.50,08-05-2024 1.45,Met,08-05-2024 2.40,Met,08-05-2024 2.41,3,Neutral,Hardware,L1,Oman
In Progress,1196,Critical,Portal,Access Request,Security,Abdullah Al-Mansoori,27-04-2024 11.46,27-04-2024 12.46,27-04-2024 11.56,27-04-2024 11.56,Met,27-04-2024 12.34,Met,27-04-2024 12.35,1,Neutral,Cloud,L2,Oman
New,1197,Medium,Portal,Software Bug,Development,Mohammed Al-Rashid,06-04-2024 11.26,06-04-2024 14.26,06-04-2024 12.11,06-04-2024 12.01,Met,06-04-2024 14.10,Met,06-04-2024 14.13,4,Neutral,Network,L3,Qatar
In Progress,1198,High,Email,General Inquiry,IT Support,Fahad Al-Farsi,10-04-2024 16.16,10-04-2024 18.16,10-04-2024 16.46,10-04-2024 16.43,Met,10-04-2024 18.16,Met,10-04-2024 18.19,1,Satisfied,Network,L2,UAE
Open,1199,Low,Portal,Software Bug,Customer Service,Khalid Al-Rashid,14-04-2024 22.25,15-04-2024 2.25,14-04-2024 23.25,14-04-2024 23.22,Met,15-04-2024 2.21,Met,15-04-2024 2.21,1,Neutral,Cloud,L3,Kuwait
In Progress,1200,Low,Phone,Hardware Failure,Customer Service,Abdullah Al-Mansoori,02-06-2024 9.39,02-06-2024 13.39,02-06-2024 10.39,02-06-2024 10.48,Not Met,02-06-2024 13.28,Met,02-06-2024 13.31,5,Satisfied,Network,L2,Qatar
Resolved,1201,High,Portal,General Inquiry,Development,Fahad Al-Farsi,16-06-2024 17.52,16-06-2024 19.52,16-06-2024 18.22,16-06-2024 18.16,Met,16-06-2024 19.50,Met,16-06-2024 19.54,3,Neutral,Hardware,L3,Oman
Closed,1202,Medium,Portal,Hardware Failure,Network Ops,Khalid Al-Farsi,05-08-2024 12.05,05-08-2024 15.05,05-08-2024 12.50,05-08-2024 12.46,Met,05-08-2024 15.02,Met,05-08-2024 15.04,2,Dissatisfied,Cloud,L3,Bahrain
Open,1203,Critical,Chat,General Inquiry,Security,Abdullah Al-Rashid,23-07-2024 18.49,23-07-2024 19.49,23-07-2024 18.59,23-07-2024 18.56,Met,23-07-2024 19.37,Met,23-07-2024 19.39,3,Satisfied,Network,L2,Qatar
New,1204,Critical,Portal,Software Bug,Development,Mohammed Al-Rashid,16-04-2024 0.17,16-04-2024 1.17,16-04-2024 0.27,16-04-2024 0.17,Met,16-04-2024 0.57,Met,16-04-2024 0.58,4,Dissatisfied,Network,L2,Saudi Arabia
Open,1205,Critical,Phone,Hardware Failure,Security,Omar Al-Mansoori,18-07-2024 17.02,18-07-2024 18.02,18-07-2024 17.12,18-07-2024 17.09,Met,18-07-2024 18.01,Met,18-07-2024 18.06,5,Dissatisfied,Hardware,L2,Kuwait
Open,1206,Low,Phone,Network Issue,Network Ops,Abdullah Al-Rashid,26-04-2024 21.35,27-04-2024 1.35,26-04-2024 22.35,26-04-2024 22.28,Met,27-04-2024 1.30,Met,27-04-2024 1.32,1,Dissatisfied,Cloud,L2,UAE
New,1207,Medium,Chat,General Inquiry,Network Ops,Abdullah Al-Mansoori,19-04-2024 18.38,19-04-2024 21.38,19-04-2024 19.23,19-04-2024 19.16,Met,19-04-2024 21.20,Met,19-04-2024 21.24,2,Dissatisfied,Cloud,L2,Kuwait
Closed,1208,Low,Portal,General Inquiry,Security,Abdullah Al-Rashid,15-04-2024 17.08,15-04-2024 21.08,15-04-2024 18.08,15-04-2024 18.08,Met,15-04-2024 20.59,Met,15-04-2024 20.59,3,Satisfied,Network,L2,UAE
In Progress,1209,Medium,Email,Access Request,Customer Service,Mohammed Al-Rashid,07-08-2024 6.59,07-08-2024 9.59,07-08-2024 7.44,07-08-2024 7.34,Met,07-08-2024 9.54,Met,07-08-2024 9.57,3,Neutral,Network,L2,UAE
Resolved,1210,Low,Phone,Hardware Failure,Network Ops,Abdullah Al-Rashid,03-08-2024 21.28,04-08-2024 1.28,03-08-2024 22.28,03-08-2024 22.22,Met,04-08-2024 1.10,Met,04-08-2024 1.15,2,Satisfied,Hardware,L2,Bahrain
Resolved,1211,High,Email,General Inquiry,Customer Service,Saif Al-Rashid,17-04-2024 8.41,17-04-2024 10.41,17-04-2024 9.11,17-04-2024 9.09,Met,17-04-2024 10.33,Met,17-04-2024 10.36,5,Dissatisfied,Software,L3,Oman
Closed,1212,Critical,Chat,Network Issue,Network Ops,Saif Al-Rashid,23-04-2024 10.32,23-04-2024 11.32,23-04-2024 10.42,23-04-2024 10.33,Met,23-04-2024 11.30,Met,23-04-2024 11.30,3,Neutral,Hardware,L2,Bahrain
Open,1213,Critical,Email,Hardware Failure,IT Support,Mohammed Al-Hamdan,01-08-2024 17.31,01-08-2024 18.31,01-08-2024 17.41,01-08-2024 17.32,Met,01-08-2024 18.18,Met,01-08-2024 18.19,1,Satisfied,Network,L2,Kuwait
New,1214,Medium,Chat,Hardware Failure,IT Support,Abdullah Al-Farsi,16-06-2024 23.23,17-06-2024 2.23,17-06-2024 0.08,17-06-2024 0.03,Met,17-06-2024 2.09,Met,17-06-2024 2.11,3,Satisfied,Software,L1,Qatar
Open,1215,Low,Portal,Software Bug,Network Ops,Fahad Al-Farsi,01-06-2024 18.04,01-06-2024 22.04,01-06-2024 19.04,01-06-2024 19.01,Met,01-06-2024 21.59,Met,01-06-2024 22.00,1,Dissatisfied,Network,L3,Bahrain
Open,1216,High,Chat,Hardware Failure,Customer Service,Khalid Al-Rashid,14-06-2024 4.40,14-06-2024 6.40,14-06-2024 5.10,14-06-2024 5.04,Met,14-06-2024 6.23,Met,14-06-2024 6.23,2,Satisfied,Software,L3,Saudi Arabia
In Progress,1217,Low,Phone,Hardware Failure,Development,Hassan Al-Hamdan,19-05-2024 21.27,20-05-2024 1.27,19-05-2024 22.27,19-05-2024 22.22,Met,20-05-2024 1.17,Met,20-05-2024 1.18,3,Dissatisfied,Cloud,L3,Qatar
Open,1218,Critical,Portal,Access Request,Development,Ali Al-Khalifa,09-06-2024 14.16,09-06-2024 15.16,09-06-2024 14.26,09-06-2024 14.16,Met,09-06-2024 15.11,Met,09-06-2024 15.13,3,Dissatisfied,Network,L3,Qatar
Resolved,1219,High,Portal,Hardware Failure,IT Support,Khalid Al-Rashid,26-04-2024 18.30,26-04-2024 20.30,26-04-2024 19.00,26-04-2024 18.54,Met,26-04-2024 20.27,Met,26-04-2024 20.31,2,Dissatisfied,Software,L1,Qatar
In Progress,1220,Critical,Email,Access Request,IT Support,Abdullah Al-Mansoori,23-05-2024 7.43,23-05-2024 8.43,23-05-2024 7.53,23-05-2024 7.43,Met,23-05-2024 8.35,Met,23-05-2024 8.36,1,Neutral,Cloud,L1,Saudi Arabia
New,1221,Low,Phone,Network Issue,Network Ops,Fahad Al-Farsi,15-06-2024 14.50,15-06-2024 18.50,15-06-2024 15.50,15-06-2024 15.46,Met,15-06-2024 18.40,Met,15-06-2024 18.42,3,Neutral,Software,L3,Qatar
In Progress,1222,Medium,Email,Hardware Failure,IT Support,Ali Al-Khalifa,11-04-2024 13.57,11-04-2024 16.57,11-04-2024 14.42,11-04-2024 14.39,Met,11-04-2024 16.56,Met,11-04-2024 16.57,1,Neutral,Software,L3,UAE
Closed,1223,Critical,Phone,General Inquiry,IT Support,Abdullah Al-Rashid,19-04-2024 9.58,19-04-2024 10.58,19-04-2024 10.08,19-04-2024 9.59,Met,19-04-2024 10.47,Met,19-04-2024 10.52,1,Neutral,Network,L2,Saudi Arabia
In Progress,1224,High,Portal,Network Issue,Customer Service,Khalid Al-Farsi,01-06-2024 21.12,01-06-2024 23.12,01-06-2024 21.42,01-06-2024 21.40,Met,01-06-2024 23.11,Met,01-06-2024 23.16,4,Neutral,Software,L2,Qatar
New,1225,Critical,Phone,Software Bug,Network Ops,Abdullah Al-Rashid,10-07-2024 11.58,10-07-2024 12.58,10-07-2024 12.08,10-07-2024 12.01,Met,10-07-2024 12.49,Met,10-07-2024 12.52,2,Satisfied,Hardware,L3,Kuwait
Resolved,1226,Low,Chat,Network Issue,Security,Mohammed Al-Hamdan,19-07-2024 13.23,19-07-2024 17.23,19-07-2024 14.23,19-07-2024 14.22,Met,19-07-2024 17.12,Met,19-07-2024 17.13,2,Neutral,Cloud,L3,Oman
New,1227,Medium,Chat,Access Request,Security,Hassan Al-Hamdan,17-06-2024 16.19,17-06-2024 19.19,17-06-2024 17.04,17-06-2024 17.02,Met,17-06-2024 19.16,Met,17-06-2024 19.21,5,Neutral,Hardware,L1,Kuwait
New,1228,High,Phone,General Inquiry,IT Support,Omar Al-Salem,10-04-2024 21.59,10-04-2024 23.59,10-04-2024 22.29,10-04-2024 22.25,Met,10-04-2024 23.45,Met,10-04-2024 23.47,3,Neutral,Software,L1,UAE
Open,1229,Low,Chat,Network Issue,Network Ops,Saif Al-Rashid,03-08-2024 22.14,04-08-2024 2.14,03-08-2024 23.14,03-08-2024 23.14,Met,04-08-2024 2.14,Met,04-08-2024 2.18,1,Dissatisfied,Software,L3,Oman
Closed,1230,Low,Email,Network Issue,IT Support,Omar Al-Salem,14-06-2024 4.49,14-06-2024 8.49,14-06-2024 5.49,14-06-2024 5.46,Met,14-06-2024 8.43,Met,14-06-2024 8.44,1,Satisfied,Hardware,L2,Oman
In Progress,1231,Critical,Chat,Hardware Failure,Network Ops,Fahad Al-Rashid,30-04-2024 5.29,30-04-2024 6.29,30-04-2024 5.39,30-04-2024 5.39,Met,30-04-2024 6.22,Met,30-04-2024 6.26,5,Neutral,Cloud,L3,Kuwait
Open,1232,Critical,Portal,Hardware Failure,Customer Service,Abdullah Al-Rashid,12-06-2024 23.11,13-06-2024 0.11,12-06-2024 23.21,12-06-2024 23.20,Met,13-06-2024 0.01,Met,13-06-2024 0.04,4,Satisfied,Hardware,L2,Oman
In Progress,1233,Critical,Phone,Network Issue,Development,Saif Al-Rashid,10-04-2024 12.55,10-04-2024 13.55,10-04-2024 13.05,10-04-2024 12.58,Met,10-04-2024 13.38,Met,10-04-2024 13.41,4,Neutral,Hardware,L2,Bahrain
In Progress,1234,Low,Portal,Software Bug,IT Support,Abdullah Al-Rashid,28-07-2024 8.28,28-07-2024 12.28,28-07-2024 9.28,28-07-2024 9.22,Met,28-07-2024 12.21,Met,28-07-2024 12.22,1,Dissatisfied,Hardware,L2,Bahrain
Closed,1235,High,Phone,Network Issue,Customer Service,Abdullah Al-Farsi,31-07-2024 8.17,31-07-2024 10.17,31-07-2024 8.47,31-07-2024 8.40,Met,31-07-2024 10.14,Met,31-07-2024 10.17,2,Dissatisfied,Software,L3,Saudi Arabia
Closed,1236,Low,Portal,Access Request,Network Ops,Abdullah Al-Rashid,10-04-2024 18.15,10-04-2024 22.15,10-04-2024 19.15,10-04-2024 19.09,Met,10-04-2024 22.12,Met,10-04-2024 22.14,4,Neutral,Cloud,L1,UAE
Closed,1237,Medium,Chat,Network Issue,IT Support,Omar Al-Mansoori,09-05-2024 7.05,09-05-2024 10.05,09-05-2024 7.50,09-05-2024 7.49,Met,09-05-2024 9.51,Met,09-05-2024 9.55,1,Neutral,Network,L1,UAE
Closed,1238,Critical,Portal,Access Request,Security,Ali Al-Khalifa,02-06-2024 21.48,02-06-2024 22.48,02-06-2024 21.58,02-06-2024 21.56,Met,02-06-2024 22.37,Met,02-06-2024 22.42,4,Satisfied,Hardware,L2,Saudi Arabia
New,1239,Medium,Email,General Inquiry,Customer Service,Hassan Al-Rashid,22-07-2024 20.11,22-07-2024 23.11,22-07-2024 20.56,22-07-2024 20.47,Met,22-07-2024 23.06,Met,22-07-2024 23.09,4,Satisfied,Software,L1,Oman
Open,1240,High,Email,General Inquiry,Development,Saif Al-Rashid,16-05-2024 11.07,16-05-2024 13.07,16-05-2024 11.37,16-05-2024 11.35,Met,16-05-2024 13.00,Met,16-05-2024 13.03,4,Neutral,Hardware,L1,Kuwait
Open,1241,Critical,Email,General Inquiry,Network Ops,Mohammed Al-Hamdan,05-08-2024 9.34,05-08-2024 10.34,05-08-2024 9.44,05-08-2024 9.39,Met,05-08-2024 10.29,Met,05-08-2024 10.31,2,Neutral,Software,L3,Saudi Arabia
Open,1242,High,Email,Hardware Failure,IT Support,Omar Al-Mansoori,09-08-2024 10.21,09-08-2024 12.21,09-08-2024 10.51,09-08-2024 10.50,Met,09-08-2024 12.20,Met,09-08-2024 12.24,2,Dissatisfied,Cloud,L3,Oman
New,1243,High,Phone,Access Request,IT Support,Mohammed Al-Hamdan,08-08-2024 16.23,08-08-2024 18.23,08-08-2024 16.53,08-08-2024 16.48,Met,08-08-2024 18.07,Met,08-08-2024 18.12,5,Satisfied,Hardware,L3,Bahrain
New,1244,High,Chat,Hardware Failure,IT Support,Fahad Al-Farsi,27-04-2024 0.22,27-04-2024 2.22,27-04-2024 0.52,27-04-2024 0.43,Met,27-04-2024 2.09,Met,27-04-2024 2.14,4,Dissatisfied,Network,L1,UAE
Closed,1245,Medium,Phone,Network Issue,Security,Abdullah Al-Rashid,27-05-2024 15.08,27-05-2024 18.08,27-05-2024 15.53,27-05-2024 15.46,Met,27-05-2024 17.57,Met,27-05-2024 18.01,5,Satisfied,Network,L3,Kuwait
Resolved,1246,Low,Chat,Software Bug,Development,Hassan Al-Hamdan,13-04-2024 12.37,13-04-2024 16.37,13-04-2024 13.37,13-04-2024 13.28,Met,13-04-2024 16.31,Met,13-04-2024 16.33,5,Dissatisfied,Network,L3,Oman
Resolved,1247,High,Email,Access Request,Development,Omar Al-Salem,27-05-2024 14.05,27-05-2024 16.05,27-05-2024 14.35,27-05-2024 14.33,Met,27-05-2024 15.51,Met,27-05-2024 15.51,1,Neutral,Software,L3,Oman
Open,1248,Low,Portal,Access Request,Network Ops,Yousef Al-Khalifa,02-08-2024 23.35,03-08-2024 3.35,03-08-2024 0.35,03-08-2024 0.27,Met,03-08-2024 3.29,Met,03-08-2024 3.29,3,Neutral,Network,L3,Saudi Arabia
In Progress,1249,Critical,Portal,Access Request,Network Ops,Saif Al-Rashid,03-08-2024 14.19,03-08-2024 15.19,03-08-2024 14.29,03-08-2024 14.21,Met,03-08-2024 15.04,Met,03-08-2024 15.04,4,Neutral,Cloud,L1,Qatar
Closed,1250,Critical,Portal,General Inquiry,Customer Service,Khalid Al-Rashid,09-07-2024 21.56,09-07-2024 22.56,09-07-2024 22.06,09-07-2024 22.01,Met,09-07-2024 22.38,Met,09-07-2024 22.42,1,Satisfied,Cloud,L1,Kuwait
Closed,1251,Medium,Portal,General Inquiry,Security,Fahad Al-Farsi,13-07-2024 0.21,13-07-2024 3.21,13-07-2024 1.06,13-07-2024 0.58,Met,13-07-2024 3.03,Met,13-07-2024 3.07,1,Dissatisfied,Software,L2,Qatar
Open,1252,Medium,Chat,Access Request,Development,Hassan Al-Rashid,23-05-2024 6.10,23-05-2024 9.10,23-05-2024 6.55,23-05-2024 6.47,Met,23-05-2024 8.58,Met,23-05-2024 9.03,3,Neutral,Network,L3,Qatar
Closed,1253,Medium,Portal,Software Bug,Network Ops,Khalid Al-Rashid,29-06-2024 17.20,29-06-2024 20.20,29-06-2024 18.05,29-06-2024 18.03,Met,29-06-2024 20.09,Met,29-06-2024 20.13,1,Neutral,Network,L2,UAE
Open,1254,Low,Email,General Inquiry,Network Ops,Fahad Al-Farsi,27-05-2024 17.30,27-05-2024 21.30,27-05-2024 18.30,27-05-2024 18.27,Met,27-05-2024 21.17,Met,27-05-2024 21.20,2,Neutral,Hardware,L1,UAE
Closed,1255,High,Chat,Hardware Failure,Network Ops,Ahmed Al-Salem,06-07-2024 10.44,06-07-2024 12.44,06-07-2024 11.14,06-07-2024 11.06,Met,06-07-2024 12.26,Met,06-07-2024 12.27,4,Dissatisfied,Cloud,L1,Bahrain
New,1256,Low,Phone,Software Bug,Security,Mohammed Al-Rashid,01-06-2024 16.14,01-06-2024 20.14,01-06-2024 17.14,01-06-2024 17.11,Met,01-06-2024 20.08,Met,01-06-2024 20.13,3,Neutral,Network,L3,Saudi Arabia
New,1257,Low,Email,Network Issue,Development,Fahad Al-Farsi,28-06-2024 23.46,29-06-2024 3.46,29-06-2024 0.46,29-06-2024 0.42,Met,29-06-2024 3.35,Met,29-06-2024 3.38,4,Neutral,Network,L3,Oman
Open,1258,High,Email,Network Issue,Security,Abdullah Al-Rashid,25-04-2024 2.45,25-04-2024 4.45,25-04-2024 3.15,25-04-2024 3.08,Met,25-04-2024 4.37,Met,25-04-2024 4.38,2,Satisfied,Hardware,L3,Oman
New,1259,High,Phone,Hardware Failure,IT Support,Mohammed Al-Hamdan,05-04-2024 22.14,06-04-2024 0.14,05-04-2024 22.44,05-04-2024 22.42,Met,05-04-2024 23.57,Met,06-04-2024 0.00,2,Dissatisfied,Cloud,L3,UAE
Open,1260,Critical,Portal,Software Bug,Security,Mohammed Al-Rashid,14-04-2024 8.42,14-04-2024 9.42,14-04-2024 8.52,14-04-2024 8.45,Met,14-04-2024 9.41,Met,14-04-2024 9.42,1,Satisfied,Network,L2,Bahrain
New,1261,Critical,Chat,Network Issue,Network Ops,Ali Al-Khalifa,11-05-2024 8.15,11-05-2024 9.15,11-05-2024 8.25,11-05-2024 8.19,Met,11-05-2024 9.02,Met,11-05-2024 9.02,5,Neutral,Network,L2,Qatar
Open,1262,Low,Email,Software Bug,Development,Fahad Al-Rashid,18-07-2024 17.14,18-07-2024 21.14,18-07-2024 18.14,18-07-2024 18.05,Met,18-07-2024 21.07,Met,18-07-2024 21.10,3,Satisfied,Network,L1,UAE
New,1263,Low,Chat,Software Bug,Network Ops,Abdullah Al-Mansoori,28-07-2024 15.27,28-07-2024 19.27,28-07-2024 16.27,28-07-2024 16.25,Met,28-07-2024 19.21,Met,28-07-2024 19.21,4,Dissatisfied,Cloud,L3,UAE
Resolved,1264,Medium,Portal,Access Request,Customer Service,Abdullah Al-Mansoori,10-04-2024 1.43,10-04-2024 4.43,10-04-2024 2.28,10-04-2024 2.39,Not Met,10-04-2024 4.29,Met,10-04-2024 4.30,3,Dissatisfied,Hardware,L3,Qatar
Resolved,1265,Medium,Portal,Network Issue,Security,Mohammed Al-Hamdan,20-04-2024 17.31,20-04-2024 20.31,20-04-2024 18.16,20-04-2024 18.10,Met,20-04-2024 20.28,Met,20-04-2024 20.32,3,Dissatisfied,Network,L2,Bahrain
Open,1266,Low,Chat,General Inquiry,IT Support,Omar Al-Salem,25-06-2024 16.25,25-06-2024 20.25,25-06-2024 17.25,25-06-2024 17.17,Met,25-06-2024 20.22,Met,25-06-2024 20.27,3,Neutral,Hardware,L3,Kuwait
In Progress,1267,Medium,Phone,Network Issue,Customer Service,Mohammed Al-Rashid,09-04-2024 19.51,09-04-2024 22.51,09-04-2024 20.36,09-04-2024 20.36,Met,09-04-2024 22.44,Met,09-04-2024 22.45,1,Satisfied,Network,L3,Saudi Arabia
Open,1268,Critical,Phone,Hardware Failure,Development,Saif Al-Rashid,08-07-2024 5.12,08-07-2024 6.12,08-07-2024 5.22,08-07-2024 5.19,Met,08-07-2024 6.11,Met,08-07-2024 6.12,3,Satisfied,Hardware,L2,Bahrain
Closed,1269,High,Portal,Software Bug,Network Ops,Mohammed Al-Hamdan,06-06-2024 17.17,06-06-2024 19.17,06-06-2024 17.47,06-06-2024 17.47,Met,06-06-2024 19.09,Met,06-06-2024 19.13,4,Dissatisfied,Hardware,L3,Bahrain
Closed,1270,Medium,Phone,General Inquiry,Customer Service,Ali Al-Khalifa,08-08-2024 21.49,09-08-2024 0.49,08-08-2024 22.34,08-08-2024 22.32,Met,09-08-2024 0.47,Met,09-08-2024 0.47,1,Satisfied,Hardware,L2,Saudi Arabia
Resolved,1271,Medium,Chat,Network Issue,Development,Ahmed Al-Nasser,15-05-2024 10.49,15-05-2024 13.49,15-05-2024 11.34,15-05-2024 11.24,Met,15-05-2024 13.48,Met,15-05-2024 13.49,2,Neutral,Cloud,L2,UAE
Closed,1272,Medium,Email,Hardware Failure,Development,Abdullah Al-Farsi,16-05-2024 11.24,16-05-2024 14.24,16-05-2024 12.09,16-05-2024 12.03,Met,16-05-2024 14.19,Met,16-05-2024 14.19,3,Neutral,Hardware,L3,UAE
In Progress,1273,Medium,Email,Network Issue,Development,Mohammed Al-Hamdan,06-06-2024 1.53,06-06-2024 4.53,06-06-2024 2.38,06-06-2024 2.37,Met,06-06-2024 4.45,Met,06-06-2024 4.50,5,Satisfied,Software,L1,Saudi Arabia
In Progress,1274,Critical,Chat,Access Request,Development,Ahmed Al-Salem,16-07-2024 6.51,16-07-2024 7.51,16-07-2024 7.01,16-07-2024 6.59,Met,16-07-2024 7.51,Met,16-07-2024 7.51,4,Satisfied,Cloud,L3,Qatar
Resolved,1275,Medium,Chat,General Inquiry,Development,Saif Al-Khalifa,24-06-2024 1.30,24-06-2024 4.30,24-06-2024 2.15,24-06-2024 2.11,Met,24-06-2024 4.11,Met,24-06-2024 4.16,2,Satisfied,Network,L2,Saudi Arabia
In Progress,1276,Low,Portal,Network Issue,Customer Service,Yousef Al-Khalifa,03-05-2024 6.41,03-05-2024 10.41,03-05-2024 7.41,03-05-2024 7.41,Met,03-05-2024 10.23,Met,03-05-2024 10.25,5,Dissatisfied,Software,L3,Qatar
New,1277,High,Email,Access Request,Development,Saif Al-Rashid,05-04-2024 23.21,06-04-2024 1.21,05-04-2024 23.51,05-04-2024 23.44,Met,06-04-2024 1.08,Met,06-04-2024 1.11,3,Neutral,Software,L1,Kuwait
Closed,1278,Critical,Phone,Access Request,IT Support,Omar Al-Mansoori,25-06-2024 2.28,25-06-2024 3.28,25-06-2024 2.38,25-06-2024 2.36,Met,25-06-2024 3.15,Met,25-06-2024 3.19,5,Satisfied,Software,L1,Kuwait
Open,1279,High,Portal,Software Bug,Customer Service,Fahad Al-Farsi,02-04-2024 11.48,02-04-2024 13.48,02-04-2024 12.18,02-04-2024 12.10,Met,02-04-2024 13.31,Met,02-04-2024 13.31,1,Satisfied,Cloud,L1,Bahrain
In Progress,1280,Low,Email,General Inquiry,Customer Service,Fahad Al-Rashid,04-06-2024 8.35,04-06-2024 12.35,04-06-2024 9.35,04-06-2024 9.34,Met,04-06-2024 12.17,Met,04-06-2024 12.20,4,Neutral,Hardware,L3,Bahrain
Open,1281,Critical,Portal,Hardware Failure,Network Ops,Abdullah Al-Rashid,24-06-2024 0.54,24-06-2024 1.54,24-06-2024 1.04,24-06-2024 0.55,Met,24-06-2024 1.34,Met,24-06-2024 1.35,3,Neutral,Hardware,L2,Kuwait
Open,1282,Medium,Chat,Hardware Failure,Customer Service,Saif Al-Khalifa,29-05-2024 12.27,29-05-2024 15.27,29-05-2024 13.12,29-05-2024 13.02,Met,29-05-2024 15.27,Met,29-05-2024 15.31,3,Neutral,Software,L1,UAE
Resolved,1283,Critical,Chat,Software Bug,IT Support,Saif Al-Khalifa,17-07-2024 11.15,17-07-2024 12.15,17-07-2024 11.25,17-07-2024 11.17,Met,17-07-2024 12.02,Met,17-07-2024 12.04,2,Dissatisfied,Software,L1,Kuwait
Resolved,1284,Medium,Email,Hardware Failure,Development,Hassan Al-Hamdan,01-07-2024 15.53,01-07-2024 18.53,01-07-2024 16.38,01-07-2024 16.46,Not Met,01-07-2024 18.50,Met,01-07-2024 18.55,2,Satisfied,Software,L1,Kuwait
New,1285,Critical,Portal,General Inquiry,Security,Ali Al-Khalifa,25-04-2024 2.28,25-04-2024 3.28,25-04-2024 2.38,25-04-2024 2.30,Met,25-04-2024 3.26,Met,25-04-2024 3.29,3,Satisfied,Network,L2,UAE
New,1286,Medium,Chat,Hardware Failure,IT Support,Omar Al-Salem,18-07-2024 10.47,18-07-2024 13.47,18-07-2024 11.32,18-07-2024 11.26,Met,18-07-2024 13.30,Met,18-07-2024 13.34,2,Neutral,Cloud,L2,Bahrain
New,1287,Critical,Chat,Network Issue,Customer Service,Ali Al-Khalifa,10-07-2024 8.46,10-07-2024 9.46,10-07-2024 8.56,10-07-2024 8.53,Met,10-07-2024 9.32,Met,10-07-2024 9.37,3,Dissatisfied,Software,L3,Saudi Arabia
Open,1288,High,Chat,General Inquiry,Customer Service,Ali Al-Khalifa,20-06-2024 5.05,20-06-2024 7.05,20-06-2024 5.35,20-06-2024 5.32,Met,20-06-2024 6.55,Met,20-06-2024 6.57,4,Satisfied,Software,L3,Qatar
Resolved,1289,High,Email,Access Request,Development,Khalid Al-Farsi,01-06-2024 3.53,01-06-2024 5.53,01-06-2024 4.23,01-06-2024 4.21,Met,01-06-2024 5.51,Met,01-06-2024 5.55,5,Satisfied,Cloud,L1,Qatar
In Progress,1290,High,Portal,Network Issue,Security,Hassan Al-Hamdan,07-04-2024 22.49,08-04-2024 0.49,07-04-2024 23.19,07-04-2024 23.12,Met,08-04-2024 0.41,Met,08-04-2024 0.46,5,Dissatisfied,Software,L1,Oman
Open,1291,High,Phone,Access Request,Network Ops,Yousef Al-Khalifa,25-05-2024 0.02,25-05-2024 2.02,25-05-2024 0.32,25-05-2024 0.24,Met,25-05-2024 1.48,Met,25-05-2024 1.53,2,Neutral,Hardware,L3,Bahrain
In Progress,1292,Medium,Email,Network Issue,IT Support,Mohammed Al-Rashid,16-05-2024 4.04,16-05-2024 7.04,16-05-2024 4.49,16-05-2024 4.47,Met,16-05-2024 6.44,Met,16-05-2024 6.48,3,Dissatisfied,Software,L2,Oman
Resolved,1293,Low,Portal,Network Issue,Network Ops,Abdullah Al-Rashid,22-05-2024 9.46,22-05-2024 13.46,22-05-2024 10.46,22-05-2024 10.57,Not Met,22-05-2024 13.33,Met,22-05-2024 13.35,4,Neutral,Network,L2,Kuwait
Open,1294,High,Chat,Software Bug,Development,Ali Al-Khalifa,10-08-2024 15.27,10-08-2024 17.27,10-08-2024 15.57,10-08-2024 15.56,Met,10-08-2024 17.17,Met,10-08-2024 17.22,3,Satisfied,Cloud,L1,Kuwait
In Progress,1295,High,Phone,Software Bug,Development,Yousef Al-Khalifa,28-04-2024 13.57,28-04-2024 15.57,28-04-2024 14.27,28-04-2024 14.19,Met,28-04-2024 15.44,Met,28-04-2024 15.46,5,Neutral,Hardware,L2,Kuwait
Resolved,1296,Critical,Portal,Hardware Failure,Network Ops,Hassan Al-Rashid,02-06-2024 18.41,02-06-2024 19.41,02-06-2024 18.51,02-06-2024 18.49,Met,02-06-2024 19.39,Met,02-06-2024 19.43,1,Satisfied,Network,L3,Qatar
New,1297,Low,Email,Hardware Failure,Development,Omar Al-Mansoori,21-04-2024 22.10,22-04-2024 2.10,21-04-2024 23.10,21-04-2024 23.21,Not Met,22-04-2024 1.59,Met,22-04-2024 1.59,2,Satisfied,Software,L1,Saudi Arabia
Open,1298,Low,Chat,Hardware Failure,Network Ops,Yousef Al-Sabah,29-04-2024 12.43,29-04-2024 16.43,29-04-2024 13.43,29-04-2024 13.40,Met,29-04-2024 16.41,Met,29-04-2024 16.43,2,Dissatisfied,Cloud,L1,Oman
Closed,1299,Low,Portal,General Inquiry,Network Ops,Saif Al-Rashid,23-05-2024 7.56,23-05-2024 11.56,23-05-2024 8.56,23-05-2024 8.54,Met,23-05-2024 11.48,Met,23-05-2024 11.48,2,Satisfied,Hardware,L3,Oman
New,1300,Medium,Portal,Access Request,IT Support,Fahad Al-Farsi,20-04-2024 20.29,20-04-2024 23.29,20-04-2024 21.14,20-04-2024 21.08,Met,20-04-2024 23.13,Met,20-04-2024 23.16,4,Satisfied,Cloud,L2,Bahrain
Open,1301,Low,Phone,Access Request,Customer Service,Saif Al-Khalifa,13-04-2024 2.19,13-04-2024 6.19,13-04-2024 3.19,13-04-2024 3.10,Met,13-04-2024 6.16,Met,13-04-2024 6.16,3,Neutral,Hardware,L1,Oman
Open,1302,Critical,Email,General Inquiry,Security,Ahmed Al-Nasser,14-06-2024 12.32,14-06-2024 13.32,14-06-2024 12.42,14-06-2024 12.36,Met,14-06-2024 13.26,Met,14-06-2024 13.29,3,Neutral,Hardware,L2,Kuwait
Closed,1303,Medium,Phone,Network Issue,Network Ops,Saif Al-Khalifa,13-07-2024 0.56,13-07-2024 3.56,13-07-2024 1.41,13-07-2024 1.36,Met,13-07-2024 3.56,Met,13-07-2024 3.57,2,Neutral,Software,L3,Bahrain
Open,1304,Medium,Phone,Software Bug,Development,Ali Al-Khalifa,13-07-2024 1.42,13-07-2024 4.42,13-07-2024 2.27,13-07-2024 2.18,Met,13-07-2024 4.42,Met,13-07-2024 4.42,2,Dissatisfied,Hardware,L1,Oman
Open,1305,Low,Email,Access Request,IT Support,Hassan Al-Hamdan,23-04-2024 13.43,23-04-2024 17.43,23-04-2024 14.43,23-04-2024 14.35,Met,23-04-2024 17.42,Met,23-04-2024 17.42,3,Dissatisfied,Hardware,L3,Oman
Open,1306,Medium,Email,Network Issue,Customer Service,Khalid Al-Farsi,07-04-2024 20.16,07-04-2024 23.16,07-04-2024 21.01,07-04-2024 20.56,Met,07-04-2024 22.58,Met,07-04-2024 22.59,5,Satisfied,Software,L2,Bahrain
Open,1307,High,Portal,Access Request,Development,Saif Al-Khalifa,18-04-2024 19.26,18-04-2024 21.26,18-04-2024 19.56,18-04-2024 19.47,Met,18-04-2024 21.08,Met,18-04-2024 21.09,3,Satisfied,Cloud,L3,UAE
In Progress,1308,High,Portal,Network Issue,IT Support,Fahad Al-Rashid,17-04-2024 14.59,17-04-2024 16.59,17-04-2024 15.29,17-04-2024 15.23,Met,17-04-2024 16.40,Met,17-04-2024 16.40,4,Satisfied,Hardware,L3,Qatar
Resolved,1309,Low,Portal,Network Issue,IT Support,Abdullah Al-Rashid,02-08-2024 6.59,02-08-2024 10.59,02-08-2024 7.59,02-08-2024 7.52,Met,02-08-2024 10.42,Met,02-08-2024 10.47,4,Dissatisfied,Software,L1,Qatar
Resolved,1310,High,Email,Access Request,Development,Omar Al-Mansoori,01-05-2024 12.02,01-05-2024 14.02,01-05-2024 12.32,01-05-2024 12.22,Met,01-05-2024 13.51,Met,01-05-2024 13.52,4,Satisfied,Network,L2,Qatar
Closed,1311,Low,Phone,Software Bug,Security,Ahmed Al-Nasser,19-06-2024 15.12,19-06-2024 19.12,19-06-2024 16.12,19-06-2024 16.11,Met,19-06-2024 19.07,Met,19-06-2024 19.08,4,Satisfied,Hardware,L3,Oman
Open,1312,Low,Chat,Network Issue,Network Ops,Mohammed Al-Rashid,16-06-2024 8.05,16-06-2024 12.05,16-06-2024 9.05,16-06-2024 9.02,Met,16-06-2024 12.01,Met,16-06-2024 12.05,4,Satisfied,Network,L2,Oman
Open,1313,Low,Email,Access Request,IT Support,Fahad Al-Rashid,02-06-2024 15.52,02-06-2024 19.52,02-06-2024 16.52,02-06-2024 16.44,Met,02-06-2024 19.39,Met,02-06-2024 19.44,1,Satisfied,Hardware,L1,Kuwait
In Progress,1314,Low,Portal,General Inquiry,Customer Service,Hassan Al-Rashid,22-07-2024 15.28,22-07-2024 19.28,22-07-2024 16.28,22-07-2024 16.27,Met,22-07-2024 19.27,Met,22-07-2024 19.29,1,Satisfied,Network,L1,UAE
Closed,1315,Low,Phone,General Inquiry,Development,Hassan Al-Hamdan,15-06-2024 11.45,15-06-2024 15.45,15-06-2024 12.45,15-06-2024 12.38,Met,15-06-2024 15.25,Met,15-06-2024 15.28,3,Dissatisfied,Software,L3,UAE
New,1316,Critical,Email,Network Issue,IT Support,Abdullah Al-Rashid,13-07-2024 9.06,13-07-2024 10.06,13-07-2024 9.16,13-07-2024 9.13,Met,13-07-2024 10.03,Met,13-07-2024 10.08,2,Neutral,Cloud,L1,Qatar
In Progress,1317,High,Phone,Software Bug,Network Ops,Hassan Al-Rashid,30-07-2024 8.28,30-07-2024 10.28,30-07-2024 8.58,30-07-2024 8.51,Met,30-07-2024 10.15,Met,30-07-2024 10.18,2,Satisfied,Hardware,L3,Qatar
In Progress,1318,Medium,Email,Access Request,Customer Service,Abdullah Al-Rashid,08-04-2024 3.35,08-04-2024 6.35,08-04-2024 4.20,08-04-2024 4.13,Met,08-04-2024 6.20,Met,08-04-2024 6.23,3,Satisfied,Software,L1,Kuwait
In Progress,1319,High,Portal,General Inquiry,Development,Fahad Al-Farsi,23-04-2024 0.19,23-04-2024 2.19,23-04-2024 0.49,23-04-2024 0.45,Met,23-04-2024 2.12,Met,23-04-2024 2.14,5,Dissatisfied,Network,L3,Bahrain
Open,1320,Critical,Chat,Access Request,Customer Service,Ali Al-Khalifa,22-05-2024 13.16,22-05-2024 14.16,22-05-2024 13.26,22-05-2024 13.20,Met,22-05-2024 14.15,Met,22-05-2024 14.16,5,Dissatisfied,Hardware,L3,Saudi Arabia
Open,1321,Medium,Portal,Hardware Failure,IT Support,Omar Al-Salem,20-06-2024 22.16,21-06-2024 1.16,20-06-2024 23.01,20-06-2024 22.59,Met,21-06-2024 0.56,Met,21-06-2024 1.01,1,Satisfied,Cloud,L3,Qatar
In Progress,1322,Medium,Email,Network Issue,Customer Service,Yousef Al-Sabah,21-04-2024 1.54,21-04-2024 4.54,21-04-2024 2.39,21-04-2024 2.31,Met,21-04-2024 4.46,Met,21-04-2024 4.49,1,Satisfied,Network,L1,Oman
In Progress,1323,High,Portal,Access Request,Customer Service,Hassan Al-Rashid,19-06-2024 5.55,19-06-2024 7.55,19-06-2024 6.25,19-06-2024 6.24,Met,19-06-2024 7.41,Met,19-06-2024 7.46,2,Dissatisfied,Software,L2,Kuwait
Open,1324,Low,Phone,Hardware Failure,Customer Service,Yousef Al-Sabah,04-07-2024 6.22,04-07-2024 10.22,04-07-2024 7.22,04-07-2024 7.14,Met,04-07-2024 10.12,Met,04-07-2024 10.12,2,Neutral,Software,L3,Qatar
Resolved,1325,High,Chat,Network Issue,Customer Service,Mohammed Al-Rashid,27-07-2024 15.49,27-07-2024 17.49,27-07-2024 16.19,27-07-2024 16.12,Met,27-07-2024 17.49,Met,27-07-2024 17.49,1,Dissatisfied,Hardware,L3,Saudi Arabia
In Progress,1326,Low,Portal,Hardware Failure,Customer Service,Hassan Al-Rashid,16-05-2024 19.45,16-05-2024 23.45,16-05-2024 20.45,16-05-2024 20.42,Met,16-05-2024 23.25,Met,16-05-2024 23.26,3,Satisfied,Network,L3,Saudi Arabia
Closed,1327,Critical,Chat,Access Request,Network Ops,Khalid Al-Rashid,09-07-2024 5.31,09-07-2024 6.31,09-07-2024 5.41,09-07-2024 5.38,Met,09-07-2024 6.26,Met,09-07-2024 6.29,1,Neutral,Network,L3,Kuwait
Open,1328,Medium,Portal,Access Request,Development,Ahmed Al-Salem,07-08-2024 3.28,07-08-2024 6.28,07-08-2024 4.13,07-08-2024 4.07,Met,07-08-2024 6.22,Met,07-08-2024 6.25,2,Dissatisfied,Cloud,L3,Kuwait
Closed,1329,Critical,Phone,Access Request,Customer Service,Saif Al-Khalifa,27-05-2024 1.50,27-05-2024 2.50,27-05-2024 2.00,27-05-2024 1.54,Met,27-05-2024 2.39,Met,27-05-2024 2.41,4,Neutral,Hardware,L2,UAE
Resolved,1330,Medium,Phone,Software Bug,Security,Saif Al-Khalifa,06-08-2024 18.12,06-08-2024 21.12,06-08-2024 18.57,06-08-2024 18.57,Met,06-08-2024 20.52,Met,06-08-2024 20.57,3,Satisfied,Cloud,L2,UAE
New,1331,High,Email,Network Issue,Security,Khalid Al-Farsi,09-05-2024 9.27,09-05-2024 11.27,09-05-2024 9.57,09-05-2024 9.48,Met,09-05-2024 11.27,Met,09-05-2024 11.27,1,Dissatisfied,Network,L2,Kuwait
Open,1332,Low,Phone,Software Bug,Security,Abdullah Al-Rashid,07-07-2024 23.23,08-07-2024 3.23,08-07-2024 0.23,08-07-2024 0.22,Met,08-07-2024 3.10,Met,08-07-2024 3.15,5,Satisfied,Network,L1,Saudi Arabia
Closed,1333,Critical,Email,Hardware Failure,Customer Service,Omar Al-Mansoori,20-06-2024 19.33,20-06-2024 20.33,20-06-2024 19.43,20-06-2024 19.41,Met,20-06-2024 20.21,Met,20-06-2024 20.23,5,Neutral,Network,L2,Kuwait
Closed,1334,Medium,Chat,Network Issue,Security,Yousef Al-Khalifa,27-04-2024 21.37,28-04-2024 0.37,27-04-2024 22.22,27-04-2024 22.19,Met,28-04-2024 0.33,Met,28-04-2024 0.34,2,Neutral,Cloud,L2,UAE
Open,1335,Low,Chat,Software Bug,Security,Khalid Al-Farsi,21-04-2024 2.05,21-04-2024 6.05,21-04-2024 3.05,21-04-2024 2.56,Met,21-04-2024 5.47,Met,21-04-2024 5.52,3,Dissatisfied,Hardware,L2,Oman
New,1336,Medium,Email,Access Request,Network Ops,Khalid Al-Farsi,30-05-2024 14.35,30-05-2024 17.35,30-05-2024 15.20,30-05-2024 15.15,Met,30-05-2024 17.19,Met,30-05-2024 17.19,1,Neutral,Network,L3,UAE
Resolved,1337,Low,Chat,General Inquiry,IT Support,Mohammed Al-Rashid,21-04-2024 5.33,21-04-2024 9.33,21-04-2024 6.33,21-04-2024 6.39,Not Met,21-04-2024 9.22,Met,21-04-2024 9.27,3,Dissatisfied,Network,L1,Saudi Arabia
In Progress,1338,Medium,Phone,General Inquiry,Customer Service,Abdullah Al-Mansoori,18-04-2024 20.52,18-04-2024 23.52,18-04-2024 21.37,18-04-2024 21.36,Met,18-04-2024 23.45,Met,18-04-2024 23.46,3,Satisfied,Hardware,L1,Oman
New,1339,High,Phone,Hardware Failure,Development,Mohammed Al-Hamdan,16-06-2024 10.30,16-06-2024 12.30,16-06-2024 11.00,16-06-2024 10.55,Met,16-06-2024 12.15,Met,16-06-2024 12.16,3,Satisfied,Network,L1,Kuwait
New,1340,High,Chat,General Inquiry,Customer Service,Abdullah Al-Mansoori,16-04-2024 17.42,16-04-2024 19.42,16-04-2024 18.12,16-04-2024 18.02,Met,16-04-2024 19.26,Met,16-04-2024 19.29,4,Satisfied,Cloud,L3,UAE
Closed,1341,Critical,Chat,Network Issue,Development,Omar Al-Mansoori,02-04-2024 17.44,02-04-2024 18.44,02-04-2024 17.54,02-04-2024 17.54,Met,02-04-2024 18.36,Met,02-04-2024 18.40,2,Dissatisfied,Software,L2,Saudi Arabia
New,1342,High,Email,Hardware Failure,Development,Khalid Al-Farsi,14-06-2024 15.57,14-06-2024 17.57,14-06-2024 16.27,14-06-2024 16.26,Met,14-06-2024 17.48,Met,14-06-2024 17.50,2,Dissatisfied,Network,L3,Oman
New,1343,High,Chat,Access Request,Development,Hassan Al-Rashid,08-08-2024 12.42,08-08-2024 14.42,08-08-2024 13.12,08-08-2024 13.05,Met,08-08-2024 14.25,Met,08-08-2024 14.30,4,Satisfied,Software,L2,Oman
In Progress,1344,Low,Chat,Hardware Failure,Network Ops,Saif Al-Rashid,22-06-2024 8.13,22-06-2024 12.13,22-06-2024 9.13,22-06-2024 9.11,Met,22-06-2024 12.11,Met,22-06-2024 12.12,5,Satisfied,Software,L1,Oman
Closed,1345,Low,Chat,Access Request,Development,Abdullah Al-Rashid,02-05-2024 23.35,03-05-2024 3.35,03-05-2024 0.35,03-05-2024 0.33,Met,03-05-2024 3.29,Met,03-05-2024 3.30,2,Dissatisfied,Hardware,L2,Saudi Arabia
Closed,1346,Medium,Email,Hardware Failure,Development,Ali Al-Khalifa,14-06-2024 15.38,14-06-2024 18.38,14-06-2024 16.23,14-06-2024 16.23,Met,14-06-2024 18.22,Met,14-06-2024 18.27,5,Satisfied,Software,L1,Oman
Closed,1347,Critical,Chat,Hardware Failure,Customer Service,Abdullah Al-Farsi,27-07-2024 0.34,27-07-2024 1.34,27-07-2024 0.44,27-07-2024 0.44,Met,27-07-2024 1.27,Met,27-07-2024 1.32,2,Neutral,Cloud,L2,Saudi Arabia
Closed,1348,Medium,Email,Hardware Failure,Development,Omar Al-Mansoori,06-05-2024 15.24,06-05-2024 18.24,06-05-2024 16.09,06-05-2024 16.01,Met,06-05-2024 18.12,Met,06-05-2024 18.13,2,Neutral,Network,L1,Saudi Arabia
Open,1349,High,Portal,Access Request,Development,Abdullah Al-Rashid,24-07-2024 11.51,24-07-2024 13.51,24-07-2024 12.21,24-07-2024 12.14,Met,24-07-2024 13.35,Met,24-07-2024 13.38,3,Dissatisfied,Cloud,L2,Oman
Resolved,1350,High,Phone,Hardware Failure,IT Support,Abdullah Al-Rashid,10-06-2024 16.32,10-06-2024 18.32,10-06-2024 17.02,10-06-2024 16.59,Met,10-06-2024 18.31,Met,10-06-2024 18.34,3,Neutral,Hardware,L1,Saudi Arabia
Closed,1351,Low,Email,General Inquiry,Security,Fahad Al-Farsi,24-05-2024 5.20,24-05-2024 9.20,24-05-2024 6.20,24-05-2024 6.15,Met,24-05-2024 9.14,Met,24-05-2024 9.14,3,Neutral,Cloud,L3,Oman
In Progress,1352,Critical,Phone,Hardware Failure,Customer Service,Mohammed Al-Rashid,01-06-2024 22.18,01-06-2024 23.18,01-06-2024 22.28,01-06-2024 22.25,Met,01-06-2024 23.10,Met,01-06-2024 23.12,2,Neutral,Software,L1,Qatar
New,1353,Medium,Portal,General Inquiry,Network Ops,Omar Al-Mansoori,20-05-2024 0.58,20-05-2024 3.58,20-05-2024 1.43,20-05-2024 1.36,Met,20-05-2024 3.39,Met,20-05-2024 3.42,4,Neutral,Network,L2,Qatar
In Progress,1354,High,Phone,Access Request,Network Ops,Omar Al-Mansoori,12-04-2024 15.01,12-04-2024 17.01,12-04-2024 15.31,12-04-2024 15.28,Met,12-04-2024 16.41,Met,12-04-2024 16.46,4,Satisfied,Software,L2,Bahrain
Closed,1355,Low,Email,Access Request,Development,Yousef Al-Sabah,23-06-2024 9.06,23-06-2024 13.06,23-06-2024 10.06,23-06-2024 9.58,Met,23-06-2024 13.02,Met,23-06-2024 13.04,2,Dissatisfied,Software,L2,Kuwait
In Progress,1356,Medium,Chat,Software Bug,IT Support,Ahmed Al-Nasser,18-05-2024 5.49,18-05-2024 8.49,18-05-2024 6.34,18-05-2024 6.27,Met,18-05-2024 8.36,Met,18-05-2024 8.40,5,Satisfied,Network,L1,Saudi Arabia
Resolved,1357,High,Email,General Inquiry,IT Support,Khalid Al-Farsi,09-08-2024 4.44,09-08-2024 6.44,09-08-2024 5.14,09-08-2024 5.11,Met,09-08-2024 6.39,Met,09-08-2024 6.44,1,Satisfied,Network,L3,Kuwait
Closed,1358,Critical,Portal,Access Request,Network Ops,Abdullah Al-Rashid,05-04-2024 15.27,05-04-2024 16.27,05-04-2024 15.37,05-04-2024 15.37,Met,05-04-2024 16.11,Met,05-04-2024 16.15,2,Dissatisfied,Cloud,L2,Saudi Arabia
In Progress,1359,Medium,Chat,Hardware Failure,IT Support,Ali Al-Khalifa,02-07-2024 17.03,02-07-2024 20.03,02-07-2024 17.48,02-07-2024 17.40,Met,02-07-2024 19.49,Met,02-07-2024 19.52,4,Satisfied,Cloud,L2,Saudi Arabia
In Progress,1360,High,Chat,Network Issue,Security,Saif Al-Khalifa,10-04-2024 1.16,10-04-2024 3.16,10-04-2024 1.46,10-04-2024 1.44,Met,10-04-2024 3.09,Met,10-04-2024 3.14,4,Satisfied,Hardware,L2,Bahrain
Open,1361,Medium,Email,Software Bug,Customer Service,Abdullah Al-Farsi,17-04-2024 2.59,17-04-2024 5.59,17-04-2024 3.44,17-04-2024 3.36,Met,17-04-2024 5.54,Met,17-04-2024 5.58,4,Satisfied,Software,L1,Qatar
New,1362,Medium,Phone,Network Issue,Security,Saif Al-Rashid,25-06-2024 0.56,25-06-2024 3.56,25-06-2024 1.41,25-06-2024 1.33,Met,25-06-2024 3.50,Met,25-06-2024 3.53,1,Dissatisfied,Network,L1,Kuwait
Resolved,1363,High,Phone,Access Request,Network Ops,Saif Al-Rashid,31-07-2024 20.27,31-07-2024 22.27,31-07-2024 20.57,31-07-2024 20.52,Met,31-07-2024 22.19,Met,31-07-2024 22.23,1,Satisfied,Hardware,L2,Kuwait
In Progress,1364,Critical,Chat,Hardware Failure,IT Support,Mohammed Al-Rashid,20-07-2024 20.21,20-07-2024 21.21,20-07-2024 20.31,20-07-2024 20.30,Met,20-07-2024 21.11,Met,20-07-2024 21.12,2,Dissatisfied,Hardware,L1,Qatar
In Progress,1365,Critical,Chat,Software Bug,Network Ops,Abdullah Al-Farsi,01-04-2024 19.16,01-04-2024 20.16,01-04-2024 19.26,01-04-2024 19.25,Met,01-04-2024 20.00,Met,01-04-2024 20.04,2,Satisfied,Software,L2,Oman
New,1366,Low,Chat,Network Issue,Development,Khalid Al-Rashid,19-04-2024 6.01,19-04-2024 10.01,19-04-2024 7.01,19-04-2024 6.54,Met,19-04-2024 9.41,Met,19-04-2024 9.44,3,Dissatisfied,Software,L2,Qatar
New,1367,High,Portal,Hardware Failure,Security,Saif Al-Rashid,05-08-2024 7.12,05-08-2024 9.12,05-08-2024 7.42,05-08-2024 7.38,Met,05-08-2024 8.59,Met,05-08-2024 9.00,4,Dissatisfied,Hardware,L1,UAE
Open,1368,High,Email,Software Bug,Security,Omar Al-Salem,24-06-2024 9.32,24-06-2024 11.32,24-06-2024 10.02,24-06-2024 9.54,Met,24-06-2024 11.20,Met,24-06-2024 11.25,1,Neutral,Network,L2,UAE
In Progress,1369,High,Portal,Hardware Failure,Customer Service,Yousef Al-Khalifa,06-08-2024 1.10,06-08-2024 3.10,06-08-2024 1.40,06-08-2024 1.34,Met,06-08-2024 3.08,Met,06-08-2024 3.09,5,Satisfied,Hardware,L1,Saudi Arabia
In Progress,1370,Critical,Portal,Hardware Failure,Security,Hassan Al-Hamdan,14-07-2024 7.39,14-07-2024 8.39,14-07-2024 7.49,14-07-2024 7.45,Met,14-07-2024 8.33,Met,14-07-2024 8.38,3,Dissatisfied,Network,L2,UAE
Open,1371,Critical,Chat,Hardware Failure,Development,Fahad Al-Rashid,30-04-2024 3.11,30-04-2024 4.11,30-04-2024 3.21,30-04-2024 3.11,Met,30-04-2024 4.00,Met,30-04-2024 4.00,3,Dissatisfied,Cloud,L3,Kuwait
Open,1372,Critical,Chat,Software Bug,Development,Yousef Al-Khalifa,12-04-2024 4.12,12-04-2024 5.12,12-04-2024 4.22,12-04-2024 4.14,Met,12-04-2024 4.56,Met,12-04-2024 4.57,2,Neutral,Software,L3,Kuwait
In Progress,1373,Low,Chat,Hardware Failure,Security,Khalid Al-Rashid,14-07-2024 10.50,14-07-2024 14.50,14-07-2024 11.50,14-07-2024 11.50,Met,14-07-2024 14.49,Met,14-07-2024 14.49,3,Dissatisfied,Hardware,L3,Bahrain
New,1374,Critical,Portal,Access Request,Security,Fahad Al-Rashid,11-08-2024 19.17,11-08-2024 20.17,11-08-2024 19.27,11-08-2024 19.26,Met,11-08-2024 19.58,Met,11-08-2024 19.59,4,Dissatisfied,Network,L3,UAE
New,1375,Low,Email,Software Bug,Development,Hassan Al-Hamdan,26-06-2024 4.50,26-06-2024 8.50,26-06-2024 5.50,26-06-2024 5.42,Met,26-06-2024 8.41,Met,26-06-2024 8.42,5,Satisfied,Network,L2,UAE
New,1376,Critical,Portal,General Inquiry,Network Ops,Yousef Al-Sabah,16-05-2024 0.16,16-05-2024 1.16,16-05-2024 0.26,16-05-2024 0.24,Met,16-05-2024 1.12,Met,16-05-2024 1.15,4,Neutral,Network,L1,Oman
New,1377,Critical,Email,General Inquiry,Customer Service,Fahad Al-Farsi,19-04-2024 23.01,20-04-2024 0.01,19-04-2024 23.11,19-04-2024 23.09,Met,19-04-2024 23.57,Met,20-04-2024 0.01,1,Satisfied,Cloud,L1,Kuwait
New,1378,Critical,Chat,General Inquiry,Development,Ali Al-Khalifa,12-05-2024 7.20,12-05-2024 8.20,12-05-2024 7.30,12-05-2024 7.23,Met,12-05-2024 8.03,Met,12-05-2024 8.05,2,Dissatisfied,Network,L1,Oman
Open,1379,Critical,Email,Software Bug,Network Ops,Abdullah Al-Farsi,05-05-2024 20.11,05-05-2024 21.11,05-05-2024 20.21,05-05-2024 20.21,Met,05-05-2024 21.11,Met,05-05-2024 21.12,5,Satisfied,Cloud,L1,Saudi Arabia
New,1380,High,Portal,Software Bug,IT Support,Saif Al-Khalifa,29-06-2024 6.02,29-06-2024 8.02,29-06-2024 6.32,29-06-2024 6.25,Met,29-06-2024 7.44,Met,29-06-2024 7.48,4,Dissatisfied,Hardware,L2,Kuwait
In Progress,1381,Medium,Phone,Hardware Failure,Customer Service,Yousef Al-Khalifa,18-07-2024 6.37,18-07-2024 9.37,18-07-2024 7.22,18-07-2024 7.21,Met,18-07-2024 9.22,Met,18-07-2024 9.23,4,Dissatisfied,Cloud,L1,Oman
Open,1382,Low,Portal,Software Bug,IT Support,Yousef Al-Khalifa,15-04-2024 10.47,15-04-2024 14.47,15-04-2024 11.47,15-04-2024 11.38,Met,15-04-2024 14.36,Met,15-04-2024 14.39,5,Satisfied,Network,L1,Saudi Arabia
New,1383,Low,Phone,Network Issue,IT Support,Abdullah Al-Rashid,16-05-2024 3.30,16-05-2024 7.30,16-05-2024 4.30,16-05-2024 4.27,Met,16-05-2024 7.28,Met,16-05-2024 7.33,3,Neutral,Software,L2,Qatar
Resolved,1384,Medium,Portal,Hardware Failure,IT Support,Khalid Al-Farsi,24-04-2024 3.55,24-04-2024 6.55,24-04-2024 4.40,24-04-2024 4.32,Met,24-04-2024 6.41,Met,24-04-2024 6.44,1,Neutral,Cloud,L2,Bahrain
Closed,1385,Low,Phone,Access Request,IT Support,Ali Al-Khalifa,28-05-2024 10.09,28-05-2024 14.09,28-05-2024 11.09,28-05-2024 11.02,Met,28-05-2024 13.59,Met,28-05-2024 14.00,3,Satisfied,Network,L2,Kuwait
New,1386,High,Email,Software Bug,Network Ops,Mohammed Al-Hamdan,27-06-2024 18.36,27-06-2024 20.36,27-06-2024 19.06,27-06-2024 19.03,Met,27-06-2024 20.25,Met,27-06-2024 20.25,1,Dissatisfied,Software,L2,Qatar
Open,1387,Critical,Phone,Network Issue,Network Ops,Ali Al-Khalifa,16-04-2024 1.10,16-04-2024 2.10,16-04-2024 1.20,16-04-2024 1.11,Met,16-04-2024 2.03,Met,16-04-2024 2.07,3,Dissatisfied,Network,L2,Qatar
Resolved,1388,High,Portal,Hardware Failure,Security,Omar Al-Salem,21-05-2024 4.06,21-05-2024 6.06,21-05-2024 4.36,21-05-2024 4.30,Met,21-05-2024 6.03,Met,21-05-2024 6.07,2,Dissatisfied,Hardware,L2,UAE
In Progress,1389,Low,Chat,Hardware Failure,IT Support,Khalid Al-Rashid,18-07-2024 3.02,18-07-2024 7.02,18-07-2024 4.02,18-07-2024 3.55,Met,18-07-2024 6.49,Met,18-07-2024 6.50,4,Satisfied,Software,L3,Oman
Open,1390,Low,Portal,Access Request,Network Ops,Yousef Al-Sabah,07-08-2024 17.31,07-08-2024 21.31,07-08-2024 18.31,07-08-2024 18.31,Met,07-08-2024 21.20,Met,07-08-2024 21.21,1,Neutral,Network,L2,Bahrain
Resolved,1391,Medium,Portal,Network Issue,Customer Service,Abdullah Al-Rashid,26-04-2024 2.56,26-04-2024 5.56,26-04-2024 3.41,26-04-2024 3.40,Met,26-04-2024 5.48,Met,26-04-2024 5.48,1,Neutral,Cloud,L3,UAE
Resolved,1392,High,Email,Hardware Failure,Security,Khalid Al-Farsi,08-04-2024 11.57,08-04-2024 13.57,08-04-2024 12.27,08-04-2024 12.23,Met,08-04-2024 13.42,Met,08-04-2024 13.47,3,Dissatisfied,Network,L3,UAE
New,1393,Medium,Portal,Software Bug,Security,Ahmed Al-Nasser,08-08-2024 3.11,08-08-2024 6.11,08-08-2024 3.56,08-08-2024 3.50,Met,08-08-2024 6.06,Met,08-08-2024 6.09,1,Dissatisfied,Cloud,L3,Qatar
Open,1394,High,Phone,Hardware Failure,IT Support,Khalid Al-Farsi,04-06-2024 5.20,04-06-2024 7.20,04-06-2024 5.50,04-06-2024 5.40,Met,04-06-2024 7.20,Met,04-06-2024 7.22,2,Neutral,Software,L3,Saudi Arabia
In Progress,1395,High,Portal,Hardware Failure,Network Ops,Fahad Al-Rashid,21-04-2024 17.38,21-04-2024 19.38,21-04-2024 18.08,21-04-2024 18.05,Met,21-04-2024 19.25,Met,21-04-2024 19.25,4,Dissatisfied,Network,L3,Bahrain
Resolved,1396,Low,Email,Network Issue,Development,Mohammed Al-Hamdan,03-06-2024 13.14,03-06-2024 17.14,03-06-2024 14.14,03-06-2024 14.12,Met,03-06-2024 17.08,Met,03-06-2024 17.13,1,Dissatisfied,Hardware,L1,Kuwait
Closed,1397,Low,Email,Hardware Failure,IT Support,Mohammed Al-Rashid,26-07-2024 13.03,26-07-2024 17.03,26-07-2024 14.03,26-07-2024 13.58,Met,26-07-2024 16.58,Met,26-07-2024 17.03,4,Dissatisfied,Software,L2,Qatar
Open,1398,Medium,Phone,Hardware Failure,Network Ops,Fahad Al-Rashid,07-06-2024 18.23,07-06-2024 21.23,07-06-2024 19.08,07-06-2024 19.05,Met,07-06-2024 21.05,Met,07-06-2024 21.09,1,Dissatisfied,Hardware,L2,UAE
In Progress,1399,High,Email,Network Issue,Security,Fahad Al-Farsi,21-04-2024 18.07,21-04-2024 20.07,21-04-2024 18.37,21-04-2024 18.33,Met,21-04-2024 19.52,Met,21-04-2024 19.56,5,Neutral,Cloud,L3,Kuwait
Open,1400,Critical,Portal,Network Issue,Security,Fahad Al-Rashid,08-07-2024 12.20,08-07-2024 13.20,08-07-2024 12.30,08-07-2024 12.23,Met,08-07-2024 13.08,Met,08-07-2024 13.12,2,Satisfied,Network,L2,Saudi Arabia
Closed,1401,Critical,Chat,Hardware Failure,Security,Khalid Al-Farsi,19-06-2024 18.03,19-06-2024 19.03,19-06-2024 18.13,19-06-2024 18.09,Met,19-06-2024 19.00,Met,19-06-2024 19.01,5,Satisfied,Network,L1,UAE
Resolved,1402,Low,Chat,Network Issue,Security,Fahad Al-Rashid,04-08-2024 11.50,04-08-2024 15.50,04-08-2024 12.50,04-08-2024 12.41,Met,04-08-2024 15.40,Met,04-08-2024 15.40,3,Dissatisfied,Software,L3,Oman
In Progress,1403,Critical,Chat,Access Request,Development,Saif Al-Rashid,24-05-2024 16.35,24-05-2024 17.35,24-05-2024 16.45,24-05-2024 16.38,Met,24-05-2024 17.26,Met,24-05-2024 17.31,3,Satisfied,Software,L3,Oman
Closed,1404,Medium,Email,Software Bug,Development,Fahad Al-Rashid,27-04-2024 20.17,27-04-2024 23.17,27-04-2024 21.02,27-04-2024 20.57,Met,27-04-2024 23.15,Met,27-04-2024 23.17,4,Dissatisfied,Cloud,L3,Kuwait
In Progress,1405,Medium,Phone,Hardware Failure,IT Support,Abdullah Al-Farsi,15-04-2024 1.11,15-04-2024 4.11,15-04-2024 1.56,15-04-2024 1.52,Met,15-04-2024 4.11,Met,15-04-2024 4.15,3,Dissatisfied,Cloud,L1,Kuwait
In Progress,1406,Medium,Email,General Inquiry,Security,Hassan Al-Rashid,30-05-2024 7.30,30-05-2024 10.30,30-05-2024 8.15,30-05-2024 8.08,Met,30-05-2024 10.17,Met,30-05-2024 10.17,1,Satisfied,Cloud,L1,Saudi Arabia
Open,1407,High,Portal,Software Bug,Network Ops,Abdullah Al-Rashid,03-04-2024 7.59,03-04-2024 9.59,03-04-2024 8.29,03-04-2024 8.22,Met,03-04-2024 9.58,Met,03-04-2024 10.03,1,Satisfied,Software,L3,Kuwait
Closed,1408,Medium,Chat,Access Request,Security,Fahad Al-Farsi,04-05-2024 1.18,04-05-2024 4.18,04-05-2024 2.03,04-05-2024 1.54,Met,04-05-2024 4.16,Met,04-05-2024 4.16,3,Neutral,Software,L2,Kuwait
Resolved,1409,Medium,Email,Network Issue,Customer Service,Yousef Al-Khalifa,06-04-2024 13.49,06-04-2024 16.49,06-04-2024 14.34,06-04-2024 14.31,Met,06-04-2024 16.34,Met,06-04-2024 16.35,2,Dissatisfied,Software,L3,UAE
Closed,1410,High,Phone,Network Issue,Network Ops,Abdullah Al-Farsi,04-05-2024 20.43,04-05-2024 22.43,04-05-2024 21.13,04-05-2024 21.07,Met,04-05-2024 22.33,Met,04-05-2024 22.36,3,Satisfied,Cloud,L2,Qatar
Resolved,1411,Low,Email,Network Issue,Network Ops,Saif Al-Rashid,28-06-2024 18.27,28-06-2024 22.27,28-06-2024 19.27,28-06-2024 19.23,Met,28-06-2024 22.16,Met,28-06-2024 22.20,5,Satisfied,Software,L1,Oman
Open,1412,Low,Phone,Hardware Failure,Network Ops,Mohammed Al-Hamdan,03-06-2024 8.31,03-06-2024 12.31,03-06-2024 9.31,03-06-2024 9.30,Met,03-06-2024 12.18,Met,03-06-2024 12.20,1,Neutral,Software,L3,Oman
New,1413,Medium,Phone,Network Issue,Security,Saif Al-Khalifa,17-05-2024 15.14,17-05-2024 18.14,17-05-2024 15.59,17-05-2024 15.52,Met,17-05-2024 17.54,Met,17-05-2024 17.59,2,Dissatisfied,Hardware,L2,UAE
New,1414,Critical,Portal,Access Request,Security,Omar Al-Salem,17-06-2024 5.59,17-06-2024 6.59,17-06-2024 6.09,17-06-2024 6.06,Met,17-06-2024 6.57,Met,17-06-2024 6.59,1,Satisfied,Cloud,L3,Oman
In Progress,1415,Low,Email,Hardware Failure,Security,Omar Al-Salem,11-08-2024 18.25,11-08-2024 22.25,11-08-2024 19.25,11-08-2024 19.19,Met,11-08-2024 22.05,Met,11-08-2024 22.09,3,Neutral,Cloud,L2,UAE
Open,1416,Low,Email,Access Request,Network Ops,Abdullah Al-Rashid,21-06-2024 8.25,21-06-2024 12.25,21-06-2024 9.25,21-06-2024 9.20,Met,21-06-2024 12.12,Met,21-06-2024 12.14,1,Satisfied,Cloud,L1,Bahrain
Closed,1417,High,Email,Hardware Failure,Development,Abdullah Al-Rashid,18-07-2024 11.54,18-07-2024 13.54,18-07-2024 12.24,18-07-2024 12.22,Met,18-07-2024 13.44,Met,18-07-2024 13.48,4,Neutral,Network,L1,Qatar
In Progress,1418,High,Portal,Network Issue,Development,Fahad Al-Farsi,10-06-2024 1.33,10-06-2024 3.33,10-06-2024 2.03,10-06-2024 2.00,Met,10-06-2024 3.22,Met,10-06-2024 3.26,4,Neutral,Software,L2,Bahrain
Open,1419,High,Chat,Software Bug,Customer Service,Yousef Al-Sabah,01-08-2024 13.23,01-08-2024 15.23,01-08-2024 13.53,01-08-2024 13.50,Met,01-08-2024 15.03,Met,01-08-2024 15.05,3,Neutral,Hardware,L1,Qatar
Resolved,1420,High,Portal,General Inquiry,Network Ops,Omar Al-Mansoori,26-07-2024 8.52,26-07-2024 10.52,26-07-2024 9.22,26-07-2024 9.20,Met,26-07-2024 10.36,Met,26-07-2024 10.40,2,Satisfied,Software,L2,UAE
New,1421,High,Phone,Software Bug,Network Ops,Omar Al-Mansoori,17-05-2024 14.14,17-05-2024 16.14,17-05-2024 14.44,17-05-2024 14.42,Met,17-05-2024 16.01,Met,17-05-2024 16.04,3,Dissatisfied,Hardware,L1,Kuwait
Resolved,1422,High,Phone,General Inquiry,Customer Service,Khalid Al-Farsi,18-05-2024 5.13,18-05-2024 7.13,18-05-2024 5.43,18-05-2024 5.38,Met,18-05-2024 7.53,Not Met,18-05-2024 6.56,2,Dissatisfied,Hardware,L3,Bahrain
Closed,1423,Low,Phone,Access Request,Security,Khalid Al-Farsi,04-05-2024 17.33,04-05-2024 21.33,04-05-2024 18.33,04-05-2024 18.32,Met,04-05-2024 21.20,Met,04-05-2024 21.25,4,Satisfied,Cloud,L3,Qatar
Open,1424,High,Phone,Software Bug,IT Support,Fahad Al-Farsi,29-06-2024 4.14,29-06-2024 6.14,29-06-2024 4.44,29-06-2024 4.42,Met,29-06-2024 6.11,Met,29-06-2024 6.16,4,Dissatisfied,Hardware,L2,Saudi Arabia
Closed,1425,Critical,Portal,Access Request,Security,Ali Al-Khalifa,13-05-2024 4.50,13-05-2024 5.50,13-05-2024 5.00,13-05-2024 5.00,Met,13-05-2024 5.41,Met,13-05-2024 5.42,3,Satisfied,Cloud,L3,UAE
Closed,1426,High,Portal,General Inquiry,Network Ops,Ahmed Al-Salem,23-07-2024 11.28,23-07-2024 13.28,23-07-2024 11.58,23-07-2024 11.58,Met,23-07-2024 13.13,Met,23-07-2024 13.14,4,Dissatisfied,Cloud,L3,UAE
Resolved,1427,High,Email,General Inquiry,Network Ops,Abdullah Al-Mansoori,15-06-2024 6.01,15-06-2024 8.01,15-06-2024 6.31,15-06-2024 6.25,Met,15-06-2024 7.59,Met,15-06-2024 8.01,3,Neutral,Network,L2,Qatar
In Progress,1428,Critical,Chat,Hardware Failure,Development,Khalid Al-Rashid,25-07-2024 10.48,25-07-2024 11.48,25-07-2024 10.58,25-07-2024 10.52,Met,25-07-2024 11.45,Met,25-07-2024 11.47,2,Neutral,Network,L2,Saudi Arabia
Resolved,1429,Critical,Phone,Access Request,Network Ops,Hassan Al-Hamdan,25-06-2024 9.33,25-06-2024 10.33,25-06-2024 9.43,25-06-2024 9.38,Met,25-06-2024 10.14,Met,25-06-2024 10.17,3,Satisfied,Network,L3,Bahrain
Closed,1430,Medium,Chat,Network Issue,Security,Yousef Al-Khalifa,03-05-2024 17.28,03-05-2024 20.28,03-05-2024 18.13,03-05-2024 18.04,Met,03-05-2024 20.10,Met,03-05-2024 20.10,3,Satisfied,Hardware,L3,Kuwait
Resolved,1431,High,Portal,Network Issue,Customer Service,Ali Al-Khalifa,16-05-2024 23.41,17-05-2024 1.41,17-05-2024 0.11,17-05-2024 0.07,Met,17-05-2024 1.24,Met,17-05-2024 1.24,5,Neutral,Cloud,L1,Saudi Arabia
New,1432,Critical,Portal,General Inquiry,IT Support,Fahad Al-Farsi,11-06-2024 21.04,11-06-2024 22.04,11-06-2024 21.14,11-06-2024 21.11,Met,11-06-2024 21.44,Met,11-06-2024 21.47,4,Dissatisfied,Network,L2,Oman
Open,1433,Medium,Email,Access Request,Network Ops,Abdullah Al-Rashid,07-07-2024 21.22,08-07-2024 0.22,07-07-2024 22.07,07-07-2024 22.04,Met,08-07-2024 0.18,Met,08-07-2024 0.18,2,Dissatisfied,Software,L2,UAE
Open,1434,Low,Portal,Access Request,Security,Omar Al-Salem,07-07-2024 4.59,07-07-2024 8.59,07-07-2024 5.59,07-07-2024 5.52,Met,07-07-2024 8.45,Met,07-07-2024 8.50,2,Satisfied,Hardware,L1,Kuwait
New,1435,Medium,Portal,Hardware Failure,Customer Service,Mohammed Al-Rashid,16-06-2024 1.58,16-06-2024 4.58,16-06-2024 2.43,16-06-2024 2.41,Met,16-06-2024 4.38,Met,16-06-2024 4.40,4,Satisfied,Hardware,L3,Bahrain
Resolved,1436,Low,Portal,Software Bug,IT Support,Abdullah Al-Rashid,28-07-2024 22.56,29-07-2024 2.56,28-07-2024 23.56,28-07-2024 23.56,Met,29-07-2024 2.50,Met,29-07-2024 2.55,1,Dissatisfied,Cloud,L3,Oman
Resolved,1437,Critical,Phone,Software Bug,IT Support,Abdullah Al-Farsi,01-06-2024 20.51,01-06-2024 21.51,01-06-2024 21.01,01-06-2024 20.56,Met,01-06-2024 21.35,Met,01-06-2024 21.36,3,Dissatisfied,Cloud,L2,Saudi Arabia
Resolved,1438,High,Portal,Access Request,Development,Mohammed Al-Rashid,04-08-2024 14.56,04-08-2024 16.56,04-08-2024 15.26,04-08-2024 15.16,Met,04-08-2024 16.49,Met,04-08-2024 16.53,2,Neutral,Cloud,L2,Saudi Arabia
In Progress,1439,Medium,Portal,General Inquiry,Customer Service,Ahmed Al-Nasser,13-04-2024 15.15,13-04-2024 18.15,13-04-2024 16.00,13-04-2024 15.57,Met,13-04-2024 18.04,Met,13-04-2024 18.04,2,Dissatisfied,Cloud,L3,Bahrain
Closed,1440,Low,Portal,General Inquiry,Network Ops,Fahad Al-Rashid,09-08-2024 1.50,09-08-2024 5.50,09-08-2024 2.50,09-08-2024 2.49,Met,09-08-2024 5.42,Met,09-08-2024 5.44,3,Satisfied,Software,L3,Saudi Arabia
In Progress,1441,Medium,Portal,Access Request,Customer Service,Fahad Al-Rashid,19-07-2024 11.41,19-07-2024 14.41,19-07-2024 12.26,19-07-2024 12.17,Met,19-07-2024 14.38,Met,19-07-2024 14.42,4,Satisfied,Network,L1,Oman
Resolved,1442,Medium,Chat,General Inquiry,Security,Saif Al-Khalifa,16-04-2024 11.38,16-04-2024 14.38,16-04-2024 12.23,16-04-2024 12.18,Met,16-04-2024 14.38,Met,16-04-2024 14.40,5,Satisfied,Network,L1,UAE
Closed,1443,High,Chat,Hardware Failure,Customer Service,Omar Al-Salem,11-04-2024 3.35,11-04-2024 5.35,11-04-2024 4.05,11-04-2024 4.03,Met,11-04-2024 5.15,Met,11-04-2024 5.18,3,Neutral,Network,L3,Saudi Arabia
Resolved,1444,High,Phone,Network Issue,Development,Saif Al-Khalifa,06-04-2024 10.37,06-04-2024 12.37,06-04-2024 11.07,06-04-2024 11.05,Met,06-04-2024 12.35,Met,06-04-2024 12.38,1,Dissatisfied,Hardware,L3,UAE
Open,1445,Low,Phone,General Inquiry,Security,Mohammed Al-Rashid,05-06-2024 19.54,05-06-2024 23.54,05-06-2024 20.54,05-06-2024 20.47,Met,05-06-2024 23.35,Met,05-06-2024 23.38,4,Neutral,Cloud,L2,Oman
Resolved,1446,High,Phone,Hardware Failure,Network Ops,Ahmed Al-Nasser,16-06-2024 15.36,16-06-2024 17.36,16-06-2024 16.06,16-06-2024 16.00,Met,16-06-2024 17.24,Met,16-06-2024 17.27,1,Satisfied,Hardware,L1,UAE
New,1447,Medium,Email,Network Issue,Development,Ahmed Al-Salem,09-05-2024 13.34,09-05-2024 16.34,09-05-2024 14.19,09-05-2024 14.19,Met,09-05-2024 16.54,Not Met,09-05-2024 16.15,5,Dissatisfied,Cloud,L3,Bahrain
Open,1448,Critical,Phone,General Inquiry,Customer Service,Saif Al-Khalifa,04-06-2024 20.14,04-06-2024 21.14,04-06-2024 20.24,04-06-2024 20.23,Met,04-06-2024 20.58,Met,04-06-2024 21.00,3,Satisfied,Network,L2,Bahrain
Closed,1449,Medium,Chat,Software Bug,Development,Abdullah Al-Rashid,18-06-2024 7.09,18-06-2024 10.09,18-06-2024 7.54,18-06-2024 7.50,Met,18-06-2024 9.55,Met,18-06-2024 9.58,4,Dissatisfied,Software,L2,Qatar
Open,1450,Low,Email,Access Request,Customer Service,Khalid Al-Rashid,10-08-2024 12.53,10-08-2024 16.53,10-08-2024 13.53,10-08-2024 13.46,Met,10-08-2024 16.37,Met,10-08-2024 16.42,4,Dissatisfied,Hardware,L1,Qatar
Resolved,1451,High,Email,Access Request,Development,Fahad Al-Rashid,21-05-2024 1.53,21-05-2024 3.53,21-05-2024 2.23,21-05-2024 2.22,Met,21-05-2024 3.43,Met,21-05-2024 3.46,1,Dissatisfied,Software,L3,UAE
Open,1452,Low,Chat,General Inquiry,Network Ops,Abdullah Al-Rashid,22-04-2024 2.49,22-04-2024 6.49,22-04-2024 3.49,22-04-2024 3.45,Met,22-04-2024 6.35,Met,22-04-2024 6.38,3,Satisfied,Network,L3,Saudi Arabia
Open,1453,Low,Email,Software Bug,Network Ops,Yousef Al-Khalifa,09-08-2024 20.42,10-08-2024 0.42,09-08-2024 21.42,09-08-2024 21.32,Met,10-08-2024 0.25,Met,10-08-2024 0.29,2,Neutral,Hardware,L1,Qatar
Open,1454,Medium,Email,General Inquiry,Development,Omar Al-Salem,17-04-2024 14.20,17-04-2024 17.20,17-04-2024 15.05,17-04-2024 15.13,Not Met,17-04-2024 17.04,Met,17-04-2024 17.04,3,Dissatisfied,Hardware,L2,Bahrain
In Progress,1455,Critical,Portal,Network Issue,Network Ops,Ali Al-Khalifa,26-05-2024 11.43,26-05-2024 12.43,26-05-2024 11.53,26-05-2024 11.52,Met,26-05-2024 12.42,Met,26-05-2024 12.43,5,Neutral,Software,L2,Qatar
New,1456,Medium,Chat,General Inquiry,Security,Hassan Al-Hamdan,02-07-2024 23.43,03-07-2024 2.43,03-07-2024 0.28,03-07-2024 0.26,Met,03-07-2024 2.25,Met,03-07-2024 2.26,5,Dissatisfied,Hardware,L1,Kuwait
Resolved,1457,Critical,Chat,Hardware Failure,Security,Hassan Al-Hamdan,10-04-2024 22.33,10-04-2024 23.33,10-04-2024 22.43,10-04-2024 22.42,Met,10-04-2024 23.16,Met,10-04-2024 23.20,4,Dissatisfied,Hardware,L2,Saudi Arabia
New,1458,Medium,Phone,Software Bug,Security,Mohammed Al-Rashid,22-07-2024 17.00,22-07-2024 20.00,22-07-2024 17.45,22-07-2024 17.42,Met,22-07-2024 19.43,Met,22-07-2024 19.44,1,Dissatisfied,Software,L2,Saudi Arabia
New,1459,Medium,Email,Software Bug,IT Support,Omar Al-Mansoori,06-04-2024 19.17,06-04-2024 22.17,06-04-2024 20.02,06-04-2024 19.56,Met,06-04-2024 21.57,Met,06-04-2024 21.57,5,Satisfied,Cloud,L2,Oman
Closed,1460,Medium,Chat,Hardware Failure,Security,Ali Al-Khalifa,04-06-2024 2.39,04-06-2024 5.39,04-06-2024 3.24,04-06-2024 3.16,Met,04-06-2024 5.35,Met,04-06-2024 5.38,4,Neutral,Hardware,L1,UAE
In Progress,1461,Critical,Phone,Hardware Failure,Customer Service,Abdullah Al-Rashid,04-06-2024 6.43,04-06-2024 7.43,04-06-2024 6.53,04-06-2024 6.53,Met,04-06-2024 7.30,Met,04-06-2024 7.32,5,Dissatisfied,Software,L3,UAE
Closed,1462,High,Chat,Software Bug,Network Ops,Hassan Al-Hamdan,07-07-2024 16.44,07-07-2024 18.44,07-07-2024 17.14,07-07-2024 17.06,Met,07-07-2024 18.38,Met,07-07-2024 18.39,3,Satisfied,Network,L2,Saudi Arabia
New,1463,High,Chat,Hardware Failure,Network Ops,Khalid Al-Farsi,11-07-2024 7.07,11-07-2024 9.07,11-07-2024 7.37,11-07-2024 7.27,Met,11-07-2024 8.49,Met,11-07-2024 8.54,1,Dissatisfied,Software,L1,Kuwait
New,1464,Medium,Chat,Network Issue,Customer Service,Saif Al-Khalifa,02-06-2024 20.08,02-06-2024 23.08,02-06-2024 20.53,02-06-2024 20.52,Met,02-06-2024 22.55,Met,02-06-2024 22.58,5,Satisfied,Software,L1,Oman
Resolved,1465,High,Portal,Hardware Failure,Development,Ahmed Al-Nasser,03-06-2024 4.07,03-06-2024 6.07,03-06-2024 4.37,03-06-2024 4.30,Met,03-06-2024 5.56,Met,03-06-2024 6.01,1,Satisfied,Software,L3,Qatar
In Progress,1466,Low,Portal,Hardware Failure,Customer Service,Khalid Al-Rashid,01-04-2024 13.12,01-04-2024 17.12,01-04-2024 14.12,01-04-2024 14.04,Met,01-04-2024 17.05,Met,01-04-2024 17.08,5,Neutral,Software,L3,Oman
Open,1467,Critical,Chat,Network Issue,Development,Khalid Al-Rashid,14-06-2024 15.42,14-06-2024 16.42,14-06-2024 15.52,14-06-2024 15.47,Met,14-06-2024 16.33,Met,14-06-2024 16.33,3,Dissatisfied,Cloud,L3,UAE
Closed,1468,Low,Chat,Hardware Failure,Customer Service,Mohammed Al-Hamdan,08-08-2024 9.01,08-08-2024 13.01,08-08-2024 10.01,08-08-2024 9.55,Met,08-08-2024 12.45,Met,08-08-2024 12.46,4,Neutral,Cloud,L3,Kuwait
In Progress,1469,High,Chat,Network Issue,Customer Service,Yousef Al-Sabah,03-08-2024 8.55,03-08-2024 10.55,03-08-2024 9.25,03-08-2024 9.20,Met,03-08-2024 10.39,Met,03-08-2024 10.39,4,Dissatisfied,Software,L2,Bahrain
Closed,1470,Critical,Chat,Software Bug,IT Support,Fahad Al-Farsi,01-07-2024 15.56,01-07-2024 16.56,01-07-2024 16.06,01-07-2024 16.00,Met,01-07-2024 16.43,Met,01-07-2024 16.48,2,Dissatisfied,Software,L2,UAE
New,1471,Low,Portal,Network Issue,IT Support,Khalid Al-Farsi,06-08-2024 22.47,07-08-2024 2.47,06-08-2024 23.47,06-08-2024 23.38,Met,07-08-2024 2.44,Met,07-08-2024 2.48,2,Dissatisfied,Software,L3,Saudi Arabia
In Progress,1472,Low,Chat,Network Issue,Security,Omar Al-Salem,26-06-2024 16.45,26-06-2024 20.45,26-06-2024 17.45,26-06-2024 17.37,Met,26-06-2024 20.35,Met,26-06-2024 20.37,3,Neutral,Cloud,L2,Bahrain
In Progress,1473,Critical,Phone,Software Bug,Customer Service,Abdullah Al-Farsi,19-04-2024 16.33,19-04-2024 17.33,19-04-2024 16.43,19-04-2024 16.41,Met,19-04-2024 17.14,Met,19-04-2024 17.16,4,Dissatisfied,Software,L2,Bahrain
In Progress,1474,Critical,Phone,Access Request,Network Ops,Mohammed Al-Rashid,10-07-2024 15.14,10-07-2024 16.14,10-07-2024 15.24,10-07-2024 15.15,Met,10-07-2024 16.00,Met,10-07-2024 16.00,1,Dissatisfied,Network,L2,UAE
Open,1475,Low,Portal,Software Bug,Network Ops,Abdullah Al-Rashid,29-05-2024 14.04,29-05-2024 18.04,29-05-2024 15.04,29-05-2024 14.54,Met,29-05-2024 18.01,Met,29-05-2024 18.03,1,Satisfied,Software,L2,Bahrain
Closed,1476,Low,Chat,General Inquiry,Development,Abdullah Al-Rashid,13-06-2024 22.17,14-06-2024 2.17,13-06-2024 23.17,13-06-2024 23.13,Met,14-06-2024 2.05,Met,14-06-2024 2.07,1,Dissatisfied,Cloud,L1,UAE
In Progress,1477,Low,Portal,Access Request,Network Ops,Mohammed Al-Hamdan,30-04-2024 11.33,30-04-2024 15.33,30-04-2024 12.33,30-04-2024 12.23,Met,30-04-2024 15.13,Met,30-04-2024 15.13,2,Dissatisfied,Hardware,L1,Qatar
Closed,1478,Critical,Chat,Network Issue,Security,Khalid Al-Farsi,29-05-2024 18.09,29-05-2024 19.09,29-05-2024 18.19,29-05-2024 18.12,Met,29-05-2024 18.56,Met,29-05-2024 18.58,2,Satisfied,Cloud,L2,Bahrain
In Progress,1479,Medium,Portal,Network Issue,Network Ops,Khalid Al-Farsi,30-06-2024 6.50,30-06-2024 9.50,30-06-2024 7.35,30-06-2024 7.26,Met,30-06-2024 9.48,Met,30-06-2024 9.52,3,Dissatisfied,Network,L2,Kuwait
New,1480,Critical,Chat,Access Request,Development,Saif Al-Rashid,27-05-2024 20.41,27-05-2024 21.41,27-05-2024 20.51,27-05-2024 20.50,Met,27-05-2024 21.28,Met,27-05-2024 21.31,5,Neutral,Hardware,L1,Qatar
In Progress,1481,High,Email,Software Bug,IT Support,Khalid Al-Farsi,19-04-2024 6.10,19-04-2024 8.10,19-04-2024 6.40,19-04-2024 6.33,Met,19-04-2024 7.59,Met,19-04-2024 8.00,3,Neutral,Hardware,L3,Qatar
New,1482,Critical,Portal,Access Request,Security,Mohammed Al-Rashid,01-07-2024 13.32,01-07-2024 14.32,01-07-2024 13.42,01-07-2024 13.38,Met,01-07-2024 14.26,Met,01-07-2024 14.27,2,Neutral,Hardware,L3,Kuwait
New,1483,Medium,Chat,Access Request,Network Ops,Mohammed Al-Rashid,06-08-2024 6.48,06-08-2024 9.48,06-08-2024 7.33,06-08-2024 7.27,Met,06-08-2024 9.28,Met,06-08-2024 9.33,2,Satisfied,Hardware,L1,Saudi Arabia
In Progress,1484,Low,Email,General Inquiry,Network Ops,Saif Al-Khalifa,05-04-2024 22.39,06-04-2024 2.39,05-04-2024 23.39,05-04-2024 23.36,Met,06-04-2024 2.33,Met,06-04-2024 2.37,3,Satisfied,Network,L3,Saudi Arabia
Closed,1485,Medium,Portal,General Inquiry,Development,Fahad Al-Rashid,10-08-2024 9.04,10-08-2024 12.04,10-08-2024 9.49,10-08-2024 9.45,Met,10-08-2024 11.52,Met,10-08-2024 11.53,2,Neutral,Hardware,L2,Oman
In Progress,1486,Medium,Email,Hardware Failure,Security,Ali Al-Khalifa,04-05-2024 19.50,04-05-2024 22.50,04-05-2024 20.35,04-05-2024 20.28,Met,04-05-2024 22.31,Met,04-05-2024 22.36,5,Neutral,Hardware,L1,Qatar
Resolved,1487,Critical,Email,Access Request,Development,Saif Al-Khalifa,11-07-2024 21.55,11-07-2024 22.55,11-07-2024 22.05,11-07-2024 22.04,Met,11-07-2024 22.46,Met,11-07-2024 22.51,3,Satisfied,Cloud,L1,Kuwait
Resolved,1488,Low,Portal,Software Bug,IT Support,Ali Al-Khalifa,31-05-2024 3.21,31-05-2024 7.21,31-05-2024 4.21,31-05-2024 4.18,Met,31-05-2024 7.15,Met,31-05-2024 7.16,1,Dissatisfied,Hardware,L2,UAE
New,1489,High,Email,Access Request,Customer Service,Mohammed Al-Hamdan,29-04-2024 7.12,29-04-2024 9.12,29-04-2024 7.42,29-04-2024 7.36,Met,29-04-2024 9.05,Met,29-04-2024 9.05,1,Neutral,Network,L3,Bahrain
New,1490,Low,Email,Access Request,Customer Service,Abdullah Al-Rashid,22-06-2024 14.54,22-06-2024 18.54,22-06-2024 15.54,22-06-2024 15.47,Met,22-06-2024 18.46,Met,22-06-2024 18.50,2,Neutral,Network,L3,Oman
Closed,1491,Low,Chat,Network Issue,Security,Hassan Al-Hamdan,11-04-2024 8.40,11-04-2024 12.40,11-04-2024 9.40,11-04-2024 9.30,Met,11-04-2024 12.22,Met,11-04-2024 12.22,3,Dissatisfied,Hardware,L3,UAE
In Progress,1492,Medium,Chat,General Inquiry,Security,Hassan Al-Rashid,03-07-2024 13.12,03-07-2024 16.12,03-07-2024 13.57,03-07-2024 13.47,Met,03-07-2024 16.00,Met,03-07-2024 16.02,2,Satisfied,Software,L3,Qatar
Open,1493,High,Portal,Hardware Failure,Development,Ahmed Al-Nasser,24-05-2024 11.19,24-05-2024 13.19,24-05-2024 11.49,24-05-2024 11.41,Met,24-05-2024 13.01,Met,24-05-2024 13.03,4,Dissatisfied,Software,L2,UAE
In Progress,1494,Medium,Portal,Network Issue,Network Ops,Ahmed Al-Nasser,01-08-2024 20.19,01-08-2024 23.19,01-08-2024 21.04,01-08-2024 20.55,Met,01-08-2024 22.59,Met,01-08-2024 23.01,4,Satisfied,Hardware,L3,Oman
Open,1495,Critical,Portal,Network Issue,IT Support,Abdullah Al-Rashid,04-04-2024 15.51,04-04-2024 16.51,04-04-2024 16.01,04-04-2024 15.55,Met,04-04-2024 16.31,Met,04-04-2024 16.34,4,Satisfied,Software,L1,Kuwait
Resolved,1496,High,Email,Network Issue,Security,Ahmed Al-Nasser,04-08-2024 21.26,04-08-2024 23.26,04-08-2024 21.56,04-08-2024 21.54,Met,04-08-2024 23.21,Met,04-08-2024 23.26,3,Dissatisfied,Software,L2,Qatar
New,1497,Critical,Phone,Access Request,Network Ops,Mohammed Al-Rashid,07-06-2024 1.25,07-06-2024 2.25,07-06-2024 1.35,07-06-2024 1.35,Met,07-06-2024 2.12,Met,07-06-2024 2.16,2,Neutral,Network,L3,Oman
New,1498,Medium,Email,Access Request,Security,Mohammed Al-Hamdan,05-05-2024 2.54,05-05-2024 5.54,05-05-2024 3.39,05-05-2024 3.36,Met,05-05-2024 5.48,Met,05-05-2024 5.53,5,Satisfied,Network,L1,Oman
Resolved,1499,Critical,Email,Software Bug,Development,Ahmed Al-Nasser,22-04-2024 14.11,22-04-2024 15.11,22-04-2024 14.21,22-04-2024 14.17,Met,22-04-2024 15.00,Met,22-04-2024 15.02,2,Satisfied,Software,L2,Oman
New,1500,Low,Email,Access Request,Security,Abdullah Al-Mansoori,25-05-2024 20.59,26-05-2024 0.59,25-05-2024 21.59,25-05-2024 21.50,Met,26-05-2024 1.27,Not Met,26-05-2024 0.57,1,Dissatisfied,Cloud,L1,Kuwait
New,1501,Medium,Phone,Access Request,Customer Service,Saif Al-Hamdan,17-04-2024 19.12,17-04-2024 22.12,17-04-2024 19.57,17-04-2024 20.04,Not Met,17-04-2024 22.53,Not Met,17-04-2024 22.11,1,Dissatisfied,Software,L3,Kuwait
In Progress,1502,Medium,Portal,Hardware Failure,Development,Saif Al-Hamdan,23-04-2024 21.42,24-04-2024 0.42,23-04-2024 22.27,23-04-2024 22.21,Met,24-04-2024 1.30,Not Met,24-04-2024 0.39,1,Dissatisfied,Software,L1,Kuwait
Open,1503,Medium,Phone,General Inquiry,Development,Ahmed Al-Hamdan,09-04-2024 0.19,09-04-2024 3.19,09-04-2024 1.04,09-04-2024 1.20,Not Met,09-04-2024 3.52,Not Met,09-04-2024 3.19,1,Dissatisfied,Software,L3,Oman
Open,1504,Critical,Portal,Hardware Failure,Customer Service,Khalid Al-Farsi,06-04-2024 5.10,06-04-2024 6.10,06-04-2024 5.20,06-04-2024 5.18,Met,06-04-2024 6.45,Not Met,06-04-2024 6.05,1,Dissatisfied,Software,L3,Saudi Arabia
Closed,1505,Critical,Chat,Access Request,Network Ops,Ali Al-Hamdan,26-05-2024 8.12,26-05-2024 9.12,26-05-2024 8.22,26-05-2024 8.22,Met,26-05-2024 9.54,Not Met,26-05-2024 9.09,5,Dissatisfied,Software,L3,Saudi Arabia
In Progress,1506,Medium,Phone,Software Bug,Network Ops,Fahad Al-Salem,03-08-2024 5.05,03-08-2024 8.05,03-08-2024 5.50,03-08-2024 5.54,Not Met,03-08-2024 7.57,Met,03-08-2024 8.00,3,Dissatisfied,Software,L2,Bahrain
New,1507,Low,Portal,Access Request,Network Ops,Yousef Al-Salem,29-05-2024 0.05,29-05-2024 4.05,29-05-2024 1.05,29-05-2024 1.12,Not Met,29-05-2024 3.46,Met,29-05-2024 3.51,3,Satisfied,Network,L1,Saudi Arabia
Closed,1508,Low,Chat,Access Request,Customer Service,Ali Al-Khalifa,21-05-2024 8.19,21-05-2024 12.19,21-05-2024 9.19,21-05-2024 9.29,Not Met,21-05-2024 12.14,Met,21-05-2024 12.14,1,Neutral,Cloud,L3,Kuwait
Resolved,1509,Low,Phone,General Inquiry,Development,Abdullah Al-Nasser,17-04-2024 15.56,17-04-2024 19.56,17-04-2024 16.56,17-04-2024 16.59,Not Met,17-04-2024 19.46,Met,17-04-2024 19.46,2,Satisfied,Network,L3,Saudi Arabia
Resolved,1510,Low,Portal,General Inquiry,IT Support,Ahmed Al-Nasser,21-07-2024 4.56,21-07-2024 8.56,21-07-2024 5.56,21-07-2024 6.07,Not Met,21-07-2024 8.50,Met,21-07-2024 8.53,4,Dissatisfied,Cloud,L1,Oman
New,1511,Low,Chat,Access Request,Customer Service,Abdullah Al-Sabah,20-04-2024 19.02,20-04-2024 23.02,20-04-2024 20.02,20-04-2024 20.11,Not Met,20-04-2024 22.55,Met,20-04-2024 22.58,4,Dissatisfied,Network,L3,Kuwait
Open,1512,Medium,Phone,General Inquiry,Customer Service,Fahad Al-Nasser,19-05-2024 10.48,19-05-2024 13.48,19-05-2024 11.33,19-05-2024 11.43,Not Met,19-05-2024 13.29,Met,19-05-2024 13.29,2,Neutral,Cloud,L3,Oman
In Progress,1513,Low,Chat,Software Bug,Customer Service,Yousef Al-Nasser,02-07-2024 8.54,02-07-2024 12.54,02-07-2024 9.54,02-07-2024 9.59,Not Met,02-07-2024 12.45,Met,02-07-2024 12.47,4,Dissatisfied,Software,L1,Bahrain
Resolved,1514,Medium,Chat,Software Bug,IT Support,Saif Al-Mansoori,23-07-2024 11.49,23-07-2024 14.49,23-07-2024 12.34,23-07-2024 12.47,Not Met,23-07-2024 14.40,Met,23-07-2024 14.40,2,Neutral,Network,L3,Kuwait
Open,1515,Medium,Portal,Network Issue,Development,Omar Al-Sabah,22-04-2024 5.20,22-04-2024 8.20,22-04-2024 6.05,22-04-2024 6.14,Not Met,22-04-2024 8.11,Met,22-04-2024 8.16,2,Satisfied,Network,L3,Qatar
